[2026-02-11T19:28:03.453Z] Отправка данных заявки ID: 10
{
  "clientId": 5,
  "clientName": "Уваровская Нива",
  "tema": "Дочерняя заявка - Уточнение деталей",
  "amount": 25000,
  "status": "Закрыта",
  "description": "Дочерняя заявка для уточнения технических деталей",
  "clientObjectId": null,
  "updNumber": null,
  "updDate": null,
  "contract": null,
  "workAddress": null,
  "bidType": {
    "id": 1,
    "name": "Выдача оборудования без преднастройки и монтажа",
    "description": "Выдача оборудования без преднастройки и монтажа",
    "statuses": [
      {
        "name": "Открыта",
        "color": "#c75a5a",
        "position": 1,
        "allowedActions": [
          "edit"
        ],
        "responsibleRoleId": "14"
      },
      {
        "name": "Собрать",
        "color": "#3b82f6",
        "position": 2,
        "allowedActions": [
          "edit",
          "close"
        ],
        "responsibleRoleId": "3",
        "responsibleUserId": null
      },
      {
        "name": "Отложить",
        "color": "#eab308",
        "position": 3,
        "allowedActions": [],
        "responsibleUserId": null
      },
      {
        "name": "Закрыта",
        "color": "#7a7777",
        "position": 999,
        "allowedActions": []
      }
    ],
    "transitions": [
      {
        "toPosition": 2,
        "fromPosition": 1
      },
      {
        "toPosition": 3,
        "fromPosition": 1
      },
      {
        "toPosition": 3,
        "fromPosition": 2
      },
      {
        "toPosition": 999,
        "fromPosition": 2
      }
    ],
    "plannedReactionTimeMinutes": 60,
    "plannedDurationMinutes": "1440",
    "createdAt": "2026-02-04T10:11:35.846Z",
    "updatedAt": "2026-02-08T12:49:49.376Z"
  },
  "bidTypeName": "Выдача оборудования без преднастройки и монтажа",
  "bidTypeStatuses": [
    {
      "name": "Открыта",
      "color": "#c75a5a",
      "position": 1,
      "allowedActions": [
        "edit"
      ],
      "responsibleRoleId": "14"
    },
    {
      "name": "Собрать",
      "color": "#3b82f6",
      "position": 2,
      "allowedActions": [
        "edit",
        "close"
      ],
      "responsibleRoleId": "3",
      "responsibleUserId": null
    },
    {
      "name": "Отложить",
      "color": "#eab308",
      "position": 3,
      "allowedActions": [],
      "responsibleUserId": null
    },
    {
      "name": "Закрыта",
      "color": "#7a7777",
      "position": 999,
      "allowedActions": []
    }
  ],
  "bidTypeResponsibleName": "Беляев Сергей",
  "currentResponsibleUserId": 1,
  "clientResponsibleName": "Не указан",
  "creatorName": "Беляев Сергей",
  "createdAt": "2026-02-05T15:58:27.605Z",
  "updatedAt": "2026-02-09T21:21:46.907Z",
  "statusMetadata": {
    "responsibleSpecialist": null,
    "deadlines": {
      "processingTime": "5 рабочих дней",
      "deadline": "2026-02-16T19:28:03.452Z"
    },
    "necessaryActions": [],
    "additionalResources": [
      "Общие ресурсы"
    ],
    "notifications": [
      "Стандартное уведомление"
    ]
  }
}

[2026-02-11T19:28:04.433Z] Отправка данных заявки ID: 10
{
  "clientId": 5,
  "clientName": "Уваровская Нива",
  "tema": "Дочерняя заявка - Уточнение деталей",
  "amount": 25000,
  "status": "Закрыта",
  "description": "Дочерняя заявка для уточнения технических деталей",
  "clientObjectId": null,
  "updNumber": null,
  "updDate": null,
  "contract": null,
  "workAddress": null,
  "bidType": {
    "id": 1,
    "name": "Выдача оборудования без преднастройки и монтажа",
    "description": "Выдача оборудования без преднастройки и монтажа",
    "statuses": [
      {
        "name": "Открыта",
        "color": "#c75a5a",
        "position": 1,
        "allowedActions": [
          "edit"
        ],
        "responsibleRoleId": "14"
      },
      {
        "name": "Собрать",
        "color": "#3b82f6",
        "position": 2,
        "allowedActions": [
          "edit",
          "close"
        ],
        "responsibleRoleId": "3",
        "responsibleUserId": null
      },
      {
        "name": "Отложить",
        "color": "#eab308",
        "position": 3,
        "allowedActions": [],
        "responsibleUserId": null
      },
      {
        "name": "Закрыта",
        "color": "#7a7777",
        "position": 999,
        "allowedActions": []
      }
    ],
    "transitions": [
      {
        "toPosition": 2,
        "fromPosition": 1
      },
      {
        "toPosition": 3,
        "fromPosition": 1
      },
      {
        "toPosition": 3,
        "fromPosition": 2
      },
      {
        "toPosition": 999,
        "fromPosition": 2
      }
    ],
    "plannedReactionTimeMinutes": 60,
    "plannedDurationMinutes": "1440",
    "createdAt": "2026-02-04T10:11:35.846Z",
    "updatedAt": "2026-02-08T12:49:49.376Z"
  },
  "bidTypeName": "Выдача оборудования без преднастройки и монтажа",
  "bidTypeStatuses": [
    {
      "name": "Открыта",
      "color": "#c75a5a",
      "position": 1,
      "allowedActions": [
        "edit"
      ],
      "responsibleRoleId": "14"
    },
    {
      "name": "Собрать",
      "color": "#3b82f6",
      "position": 2,
      "allowedActions": [
        "edit",
        "close"
      ],
      "responsibleRoleId": "3",
      "responsibleUserId": null
    },
    {
      "name": "Отложить",
      "color": "#eab308",
      "position": 3,
      "allowedActions": [],
      "responsibleUserId": null
    },
    {
      "name": "Закрыта",
      "color": "#7a7777",
      "position": 999,
      "allowedActions": []
    }
  ],
  "bidTypeResponsibleName": "Беляев Сергей",
  "currentResponsibleUserId": 1,
  "clientResponsibleName": "Не указан",
  "creatorName": "Беляев Сергей",
  "createdAt": "2026-02-05T15:58:27.605Z",
  "updatedAt": "2026-02-09T21:21:46.907Z",
  "statusMetadata": {
    "responsibleSpecialist": null,
    "deadlines": {
      "processingTime": "5 рабочих дней",
      "deadline": "2026-02-16T19:28:04.431Z"
    },
    "necessaryActions": [],
    "additionalResources": [
      "Общие ресурсы"
    ],
    "notifications": [
      "Стандартное уведомление"
    ]
  }
}

[2026-02-11T19:28:10.517Z] Отправка данных заявки ID: 8
{
  "clientId": 5,
  "clientName": "Уваровская Нива",
  "tema": "Website Redesign",
  "amount": 50000,
  "status": "Открыта",
  "description": "Complete website redesign project",
  "clientObjectId": 5,
  "updNumber": null,
  "updDate": null,
  "contract": null,
  "workAddress": null,
  "bidType": {
    "id": 1,
    "name": "Выдача оборудования без преднастройки и монтажа",
    "description": "Выдача оборудования без преднастройки и монтажа",
    "statuses": [
      {
        "name": "Открыта",
        "color": "#c75a5a",
        "position": 1,
        "allowedActions": [
          "edit"
        ],
        "responsibleRoleId": "14"
      },
      {
        "name": "Собрать",
        "color": "#3b82f6",
        "position": 2,
        "allowedActions": [
          "edit",
          "close"
        ],
        "responsibleRoleId": "3",
        "responsibleUserId": null
      },
      {
        "name": "Отложить",
        "color": "#eab308",
        "position": 3,
        "allowedActions": [],
        "responsibleUserId": null
      },
      {
        "name": "Закрыта",
        "color": "#7a7777",
        "position": 999,
        "allowedActions": []
      }
    ],
    "transitions": [
      {
        "toPosition": 2,
        "fromPosition": 1
      },
      {
        "toPosition": 3,
        "fromPosition": 1
      },
      {
        "toPosition": 3,
        "fromPosition": 2
      },
      {
        "toPosition": 999,
        "fromPosition": 2
      }
    ],
    "plannedReactionTimeMinutes": 60,
    "plannedDurationMinutes": "1440",
    "createdAt": "2026-02-04T10:11:35.846Z",
    "updatedAt": "2026-02-08T12:49:49.376Z"
  },
  "bidTypeName": "Выдача оборудования без преднастройки и монтажа",
  "bidTypeStatuses": [
    {
      "name": "Открыта",
      "color": "#c75a5a",
      "position": 1,
      "allowedActions": [
        "edit"
      ],
      "responsibleRoleId": "14"
    },
    {
      "name": "Собрать",
      "color": "#3b82f6",
      "position": 2,
      "allowedActions": [
        "edit",
        "close"
      ],
      "responsibleRoleId": "3",
      "responsibleUserId": null
    },
    {
      "name": "Отложить",
      "color": "#eab308",
      "position": 3,
      "allowedActions": [],
      "responsibleUserId": null
    },
    {
      "name": "Закрыта",
      "color": "#7a7777",
      "position": 999,
      "allowedActions": []
    }
  ],
  "bidTypeResponsibleName": "Не указан",
  "currentResponsibleUserId": null,
  "clientResponsibleName": "Не указан",
  "creatorName": "Горбунова Анастасия",
  "createdAt": "2026-02-05T15:58:27.558Z",
  "updatedAt": "2026-02-05T15:58:27.619Z",
  "statusMetadata": {
    "responsibleSpecialist": null,
    "deadlines": {
      "processingTime": "5 рабочих дней",
      "deadline": "2026-02-16T19:28:10.516Z"
    },
    "necessaryActions": [
      "Редактирование заявки"
    ],
    "additionalResources": [
      "Общие ресурсы"
    ],
    "notifications": [
      "Стандартное уведомление"
    ]
  }
}

[2026-02-11T19:43:30.776Z] Отправка данных заявки ID: 10
{
  "clientId": 5,
  "clientName": "Уваровская Нива",
  "tema": "Дочерняя заявка - Уточнение деталей",
  "amount": 25000,
  "status": "Закрыта",
  "description": "Дочерняя заявка для уточнения технических деталей",
  "clientObjectId": null,
  "updNumber": null,
  "updDate": null,
  "contract": null,
  "workAddress": null,
  "bidType": {
    "id": 1,
    "name": "Выдача оборудования без преднастройки и монтажа",
    "description": "Выдача оборудования без преднастройки и монтажа",
    "statuses": [
      {
        "name": "Открыта",
        "color": "#c75a5a",
        "position": 1,
        "allowedActions": [
          "edit"
        ],
        "responsibleRoleId": "14"
      },
      {
        "name": "Собрать",
        "color": "#3b82f6",
        "position": 2,
        "allowedActions": [
          "edit",
          "close"
        ],
        "responsibleRoleId": "3",
        "responsibleUserId": null
      },
      {
        "name": "Отложить",
        "color": "#eab308",
        "position": 3,
        "allowedActions": [],
        "responsibleUserId": null
      },
      {
        "name": "Закрыта",
        "color": "#7a7777",
        "position": 999,
        "allowedActions": []
      }
    ],
    "transitions": [
      {
        "toPosition": 2,
        "fromPosition": 1
      },
      {
        "toPosition": 3,
        "fromPosition": 1
      },
      {
        "toPosition": 3,
        "fromPosition": 2
      },
      {
        "toPosition": 999,
        "fromPosition": 2
      }
    ],
    "plannedReactionTimeMinutes": 60,
    "plannedDurationMinutes": "1440",
    "createdAt": "2026-02-04T10:11:35.846Z",
    "updatedAt": "2026-02-08T12:49:49.376Z"
  },
  "bidTypeName": "Выдача оборудования без преднастройки и монтажа",
  "bidTypeStatuses": [
    {
      "name": "Открыта",
      "color": "#c75a5a",
      "position": 1,
      "allowedActions": [
        "edit"
      ],
      "responsibleRoleId": "14"
    },
    {
      "name": "Собрать",
      "color": "#3b82f6",
      "position": 2,
      "allowedActions": [
        "edit",
        "close"
      ],
      "responsibleRoleId": "3",
      "responsibleUserId": null
    },
    {
      "name": "Отложить",
      "color": "#eab308",
      "position": 3,
      "allowedActions": [],
      "responsibleUserId": null
    },
    {
      "name": "Закрыта",
      "color": "#7a7777",
      "position": 999,
      "allowedActions": []
    }
  ],
  "bidTypeResponsibleName": "Беляев Сергей",
  "currentResponsibleUserId": 1,
  "clientResponsibleName": "Не указан",
  "creatorName": "Беляев Сергей",
  "createdAt": "2026-02-05T15:58:27.605Z",
  "updatedAt": "2026-02-09T21:21:46.907Z",
  "statusMetadata": {
    "responsibleSpecialist": null,
    "deadlines": {
      "processingTime": "5 рабочих дней",
      "deadline": "2026-02-16T19:43:30.775Z"
    },
    "necessaryActions": [],
    "additionalResources": [
      "Общие ресурсы"
    ],
    "notifications": [
      "Стандартное уведомление"
    ]
  }
}

[2026-02-11T19:43:31.515Z] Отправка данных заявки ID: 10
{
  "clientId": 5,
  "clientName": "Уваровская Нива",
  "tema": "Дочерняя заявка - Уточнение деталей",
  "amount": 25000,
  "status": "Закрыта",
  "description": "Дочерняя заявка для уточнения технических деталей",
  "clientObjectId": null,
  "updNumber": null,
  "updDate": null,
  "contract": null,
  "workAddress": null,
  "bidType": {
    "id": 1,
    "name": "Выдача оборудования без преднастройки и монтажа",
    "description": "Выдача оборудования без преднастройки и монтажа",
    "statuses": [
      {
        "name": "Открыта",
        "color": "#c75a5a",
        "position": 1,
        "allowedActions": [
          "edit"
        ],
        "responsibleRoleId": "14"
      },
      {
        "name": "Собрать",
        "color": "#3b82f6",
        "position": 2,
        "allowedActions": [
          "edit",
          "close"
        ],
        "responsibleRoleId": "3",
        "responsibleUserId": null
      },
      {
        "name": "Отложить",
        "color": "#eab308",
        "position": 3,
        "allowedActions": [],
        "responsibleUserId": null
      },
      {
        "name": "Закрыта",
        "color": "#7a7777",
        "position": 999,
        "allowedActions": []
      }
    ],
    "transitions": [
      {
        "toPosition": 2,
        "fromPosition": 1
      },
      {
        "toPosition": 3,
        "fromPosition": 1
      },
      {
        "toPosition": 3,
        "fromPosition": 2
      },
      {
        "toPosition": 999,
        "fromPosition": 2
      }
    ],
    "plannedReactionTimeMinutes": 60,
    "plannedDurationMinutes": "1440",
    "createdAt": "2026-02-04T10:11:35.846Z",
    "updatedAt": "2026-02-08T12:49:49.376Z"
  },
  "bidTypeName": "Выдача оборудования без преднастройки и монтажа",
  "bidTypeStatuses": [
    {
      "name": "Открыта",
      "color": "#c75a5a",
      "position": 1,
      "allowedActions": [
        "edit"
      ],
      "responsibleRoleId": "14"
    },
    {
      "name": "Собрать",
      "color": "#3b82f6",
      "position": 2,
      "allowedActions": [
        "edit",
        "close"
      ],
      "responsibleRoleId": "3",
      "responsibleUserId": null
    },
    {
      "name": "Отложить",
      "color": "#eab308",
      "position": 3,
      "allowedActions": [],
      "responsibleUserId": null
    },
    {
      "name": "Закрыта",
      "color": "#7a7777",
      "position": 999,
      "allowedActions": []
    }
  ],
  "bidTypeResponsibleName": "Беляев Сергей",
  "currentResponsibleUserId": 1,
  "clientResponsibleName": "Не указан",
  "creatorName": "Беляев Сергей",
  "createdAt": "2026-02-05T15:58:27.605Z",
  "updatedAt": "2026-02-09T21:21:46.907Z",
  "statusMetadata": {
    "responsibleSpecialist": null,
    "deadlines": {
      "processingTime": "5 рабочих дней",
      "deadline": "2026-02-16T19:43:31.514Z"
    },
    "necessaryActions": [],
    "additionalResources": [
      "Общие ресурсы"
    ],
    "notifications": [
      "Стандартное уведомление"
    ]
  }
}

[2026-02-11T19:53:00.483Z] Отправка данных заявки ID: 10
{
  "clientId": 5,
  "clientName": "Уваровская Нива",
  "tema": "Дочерняя заявка - Уточнение деталей",
  "amount": 25000,
  "status": "Закрыта",
  "description": "Дочерняя заявка для уточнения технических деталей",
  "clientObjectId": null,
  "updNumber": null,
  "updDate": null,
  "contract": null,
  "workAddress": null,
  "bidType": {
    "id": 1,
    "name": "Выдача оборудования без преднастройки и монтажа",
    "description": "Выдача оборудования без преднастройки и монтажа",
    "statuses": [
      {
        "name": "Открыта",
        "color": "#c75a5a",
        "position": 1,
        "allowedActions": [
          "edit"
        ],
        "responsibleRoleId": "14"
      },
      {
        "name": "Собрать",
        "color": "#3b82f6",
        "position": 2,
        "allowedActions": [
          "edit",
          "close"
        ],
        "responsibleRoleId": "3",
        "responsibleUserId": null
      },
      {
        "name": "Отложить",
        "color": "#eab308",
        "position": 3,
        "allowedActions": [],
        "responsibleUserId": null
      },
      {
        "name": "Закрыта",
        "color": "#7a7777",
        "position": 999,
        "allowedActions": []
      }
    ],
    "transitions": [
      {
        "toPosition": 2,
        "fromPosition": 1
      },
      {
        "toPosition": 3,
        "fromPosition": 1
      },
      {
        "toPosition": 3,
        "fromPosition": 2
      },
      {
        "toPosition": 999,
        "fromPosition": 2
      }
    ],
    "plannedReactionTimeMinutes": 60,
    "plannedDurationMinutes": "1440",
    "createdAt": "2026-02-04T10:11:35.846Z",
    "updatedAt": "2026-02-08T12:49:49.376Z"
  },
  "bidTypeName": "Выдача оборудования без преднастройки и монтажа",
  "bidTypeStatuses": [
    {
      "name": "Открыта",
      "color": "#c75a5a",
      "position": 1,
      "allowedActions": [
        "edit"
      ],
      "responsibleRoleId": "14"
    },
    {
      "name": "Собрать",
      "color": "#3b82f6",
      "position": 2,
      "allowedActions": [
        "edit",
        "close"
      ],
      "responsibleRoleId": "3",
      "responsibleUserId": null
    },
    {
      "name": "Отложить",
      "color": "#eab308",
      "position": 3,
      "allowedActions": [],
      "responsibleUserId": null
    },
    {
      "name": "Закрыта",
      "color": "#7a7777",
      "position": 999,
      "allowedActions": []
    }
  ],
  "bidTypeResponsibleName": "Беляев Сергей",
  "currentResponsibleUserId": 1,
  "clientResponsibleName": "Не указан",
  "creatorName": "Беляев Сергей",
  "createdAt": "2026-02-05T15:58:27.605Z",
  "updatedAt": "2026-02-09T21:21:46.907Z",
  "statusMetadata": {
    "responsibleSpecialist": null,
    "deadlines": {
      "processingTime": "5 рабочих дней",
      "deadline": "2026-02-16T19:53:00.483Z"
    },
    "necessaryActions": [],
    "additionalResources": [
      "Общие ресурсы"
    ],
    "notifications": [
      "Стандартное уведомление"
    ]
  }
}

[2026-02-11T19:53:01.450Z] Отправка данных заявки ID: 10
{
  "clientId": 5,
  "clientName": "Уваровская Нива",
  "tema": "Дочерняя заявка - Уточнение деталей",
  "amount": 25000,
  "status": "Закрыта",
  "description": "Дочерняя заявка для уточнения технических деталей",
  "clientObjectId": null,
  "updNumber": null,
  "updDate": null,
  "contract": null,
  "workAddress": null,
  "bidType": {
    "id": 1,
    "name": "Выдача оборудования без преднастройки и монтажа",
    "description": "Выдача оборудования без преднастройки и монтажа",
    "statuses": [
      {
        "name": "Открыта",
        "color": "#c75a5a",
        "position": 1,
        "allowedActions": [
          "edit"
        ],
        "responsibleRoleId": "14"
      },
      {
        "name": "Собрать",
        "color": "#3b82f6",
        "position": 2,
        "allowedActions": [
          "edit",
          "close"
        ],
        "responsibleRoleId": "3",
        "responsibleUserId": null
      },
      {
        "name": "Отложить",
        "color": "#eab308",
        "position": 3,
        "allowedActions": [],
        "responsibleUserId": null
      },
      {
        "name": "Закрыта",
        "color": "#7a7777",
        "position": 999,
        "allowedActions": []
      }
    ],
    "transitions": [
      {
        "toPosition": 2,
        "fromPosition": 1
      },
      {
        "toPosition": 3,
        "fromPosition": 1
      },
      {
        "toPosition": 3,
        "fromPosition": 2
      },
      {
        "toPosition": 999,
        "fromPosition": 2
      }
    ],
    "plannedReactionTimeMinutes": 60,
    "plannedDurationMinutes": "1440",
    "createdAt": "2026-02-04T10:11:35.846Z",
    "updatedAt": "2026-02-08T12:49:49.376Z"
  },
  "bidTypeName": "Выдача оборудования без преднастройки и монтажа",
  "bidTypeStatuses": [
    {
      "name": "Открыта",
      "color": "#c75a5a",
      "position": 1,
      "allowedActions": [
        "edit"
      ],
      "responsibleRoleId": "14"
    },
    {
      "name": "Собрать",
      "color": "#3b82f6",
      "position": 2,
      "allowedActions": [
        "edit",
        "close"
      ],
      "responsibleRoleId": "3",
      "responsibleUserId": null
    },
    {
      "name": "Отложить",
      "color": "#eab308",
      "position": 3,
      "allowedActions": [],
      "responsibleUserId": null
    },
    {
      "name": "Закрыта",
      "color": "#7a7777",
      "position": 999,
      "allowedActions": []
    }
  ],
  "bidTypeResponsibleName": "Беляев Сергей",
  "currentResponsibleUserId": 1,
  "clientResponsibleName": "Не указан",
  "creatorName": "Беляев Сергей",
  "createdAt": "2026-02-05T15:58:27.605Z",
  "updatedAt": "2026-02-09T21:21:46.907Z",
  "statusMetadata": {
    "responsibleSpecialist": null,
    "deadlines": {
      "processingTime": "5 рабочих дней",
      "deadline": "2026-02-16T19:53:01.449Z"
    },
    "necessaryActions": [],
    "additionalResources": [
      "Общие ресурсы"
    ],
    "notifications": [
      "Стандартное уведомление"
    ]
  }
}

[2026-02-11T19:56:30.927Z] Отправка данных заявки ID: 10
{
  "clientId": 5,
  "clientName": "Уваровская Нива",
  "tema": "Дочерняя заявка - Уточнение деталей",
  "amount": 25000,
  "status": "Закрыта",
  "description": "Дочерняя заявка для уточнения технических деталей",
  "clientObjectId": null,
  "updNumber": null,
  "updDate": null,
  "contract": null,
  "workAddress": null,
  "bidType": {
    "id": 1,
    "name": "Выдача оборудования без преднастройки и монтажа",
    "description": "Выдача оборудования без преднастройки и монтажа",
    "statuses": [
      {
        "name": "Открыта",
        "color": "#c75a5a",
        "position": 1,
        "allowedActions": [
          "edit"
        ],
        "responsibleRoleId": "14"
      },
      {
        "name": "Собрать",
        "color": "#3b82f6",
        "position": 2,
        "allowedActions": [
          "edit",
          "close"
        ],
        "responsibleRoleId": "3",
        "responsibleUserId": null
      },
      {
        "name": "Отложить",
        "color": "#eab308",
        "position": 3,
        "allowedActions": [],
        "responsibleUserId": null
      },
      {
        "name": "Закрыта",
        "color": "#7a7777",
        "position": 999,
        "allowedActions": []
      }
    ],
    "transitions": [
      {
        "toPosition": 2,
        "fromPosition": 1
      },
      {
        "toPosition": 3,
        "fromPosition": 1
      },
      {
        "toPosition": 3,
        "fromPosition": 2
      },
      {
        "toPosition": 999,
        "fromPosition": 2
      }
    ],
    "plannedReactionTimeMinutes": 60,
    "plannedDurationMinutes": "1440",
    "createdAt": "2026-02-04T10:11:35.846Z",
    "updatedAt": "2026-02-08T12:49:49.376Z"
  },
  "bidTypeName": "Выдача оборудования без преднастройки и монтажа",
  "bidTypeStatuses": [
    {
      "name": "Открыта",
      "color": "#c75a5a",
      "position": 1,
      "allowedActions": [
        "edit"
      ],
      "responsibleRoleId": "14"
    },
    {
      "name": "Собрать",
      "color": "#3b82f6",
      "position": 2,
      "allowedActions": [
        "edit",
        "close"
      ],
      "responsibleRoleId": "3",
      "responsibleUserId": null
    },
    {
      "name": "Отложить",
      "color": "#eab308",
      "position": 3,
      "allowedActions": [],
      "responsibleUserId": null
    },
    {
      "name": "Закрыта",
      "color": "#7a7777",
      "position": 999,
      "allowedActions": []
    }
  ],
  "bidTypeResponsibleName": "Беляев Сергей",
  "currentResponsibleUserId": 1,
  "clientResponsibleName": "Не указан",
  "creatorName": "Беляев Сергей",
  "createdAt": "2026-02-05T15:58:27.605Z",
  "updatedAt": "2026-02-09T21:21:46.907Z",
  "statusMetadata": {
    "responsibleSpecialist": null,
    "deadlines": {
      "processingTime": "5 рабочих дней",
      "deadline": "2026-02-16T19:56:30.927Z"
    },
    "necessaryActions": [],
    "additionalResources": [
      "Общие ресурсы"
    ],
    "notifications": [
      "Стандартное уведомление"
    ]
  }
}

[2026-02-11T19:56:32.214Z] Отправка данных заявки ID: 10
{
  "clientId": 5,
  "clientName": "Уваровская Нива",
  "tema": "Дочерняя заявка - Уточнение деталей",
  "amount": 25000,
  "status": "Закрыта",
  "description": "Дочерняя заявка для уточнения технических деталей",
  "clientObjectId": null,
  "updNumber": null,
  "updDate": null,
  "contract": null,
  "workAddress": null,
  "bidType": {
    "id": 1,
    "name": "Выдача оборудования без преднастройки и монтажа",
    "description": "Выдача оборудования без преднастройки и монтажа",
    "statuses": [
      {
        "name": "Открыта",
        "color": "#c75a5a",
        "position": 1,
        "allowedActions": [
          "edit"
        ],
        "responsibleRoleId": "14"
      },
      {
        "name": "Собрать",
        "color": "#3b82f6",
        "position": 2,
        "allowedActions": [
          "edit",
          "close"
        ],
        "responsibleRoleId": "3",
        "responsibleUserId": null
      },
      {
        "name": "Отложить",
        "color": "#eab308",
        "position": 3,
        "allowedActions": [],
        "responsibleUserId": null
      },
      {
        "name": "Закрыта",
        "color": "#7a7777",
        "position": 999,
        "allowedActions": []
      }
    ],
    "transitions": [
      {
        "toPosition": 2,
        "fromPosition": 1
      },
      {
        "toPosition": 3,
        "fromPosition": 1
      },
      {
        "toPosition": 3,
        "fromPosition": 2
      },
      {
        "toPosition": 999,
        "fromPosition": 2
      }
    ],
    "plannedReactionTimeMinutes": 60,
    "plannedDurationMinutes": "1440",
    "createdAt": "2026-02-04T10:11:35.846Z",
    "updatedAt": "2026-02-08T12:49:49.376Z"
  },
  "bidTypeName": "Выдача оборудования без преднастройки и монтажа",
  "bidTypeStatuses": [
    {
      "name": "Открыта",
      "color": "#c75a5a",
      "position": 1,
      "allowedActions": [
        "edit"
      ],
      "responsibleRoleId": "14"
    },
    {
      "name": "Собрать",
      "color": "#3b82f6",
      "position": 2,
      "allowedActions": [
        "edit",
        "close"
      ],
      "responsibleRoleId": "3",
      "responsibleUserId": null
    },
    {
      "name": "Отложить",
      "color": "#eab308",
      "position": 3,
      "allowedActions": [],
      "responsibleUserId": null
    },
    {
      "name": "Закрыта",
      "color": "#7a7777",
      "position": 999,
      "allowedActions": []
    }
  ],
  "bidTypeResponsibleName": "Беляев Сергей",
  "currentResponsibleUserId": 1,
  "clientResponsibleName": "Не указан",
  "creatorName": "Беляев Сергей",
  "createdAt": "2026-02-05T15:58:27.605Z",
  "updatedAt": "2026-02-09T21:21:46.907Z",
  "statusMetadata": {
    "responsibleSpecialist": null,
    "deadlines": {
      "processingTime": "5 рабочих дней",
      "deadline": "2026-02-16T19:56:32.213Z"
    },
    "necessaryActions": [],
    "additionalResources": [
      "Общие ресурсы"
    ],
    "notifications": [
      "Стандартное уведомление"
    ]
  }
}

[2026-02-11T19:57:56.480Z] Отправка данных заявки ID: 10
{
  "clientId": 5,
  "clientName": "Уваровская Нива",
  "tema": "Дочерняя заявка - Уточнение деталей",
  "amount": 25000,
  "status": "Закрыта",
  "description": "Дочерняя заявка для уточнения технических деталей",
  "clientObjectId": null,
  "updNumber": null,
  "updDate": null,
  "contract": null,
  "workAddress": null,
  "bidType": {
    "id": 1,
    "name": "Выдача оборудования без преднастройки и монтажа",
    "description": "Выдача оборудования без преднастройки и монтажа",
    "statuses": [
      {
        "name": "Открыта",
        "color": "#c75a5a",
        "position": 1,
        "allowedActions": [
          "edit"
        ],
        "responsibleRoleId": "14"
      },
      {
        "name": "Собрать",
        "color": "#3b82f6",
        "position": 2,
        "allowedActions": [
          "edit",
          "close"
        ],
        "responsibleRoleId": "3",
        "responsibleUserId": null
      },
      {
        "name": "Отложить",
        "color": "#eab308",
        "position": 3,
        "allowedActions": [],
        "responsibleUserId": null
      },
      {
        "name": "Закрыта",
        "color": "#7a7777",
        "position": 999,
        "allowedActions": []
      }
    ],
    "transitions": [
      {
        "toPosition": 2,
        "fromPosition": 1
      },
      {
        "toPosition": 3,
        "fromPosition": 1
      },
      {
        "toPosition": 3,
        "fromPosition": 2
      },
      {
        "toPosition": 999,
        "fromPosition": 2
      }
    ],
    "plannedReactionTimeMinutes": 60,
    "plannedDurationMinutes": "1440",
    "createdAt": "2026-02-04T10:11:35.846Z",
    "updatedAt": "2026-02-08T12:49:49.376Z"
  },
  "bidTypeName": "Выдача оборудования без преднастройки и монтажа",
  "bidTypeStatuses": [
    {
      "name": "Открыта",
      "color": "#c75a5a",
      "position": 1,
      "allowedActions": [
        "edit"
      ],
      "responsibleRoleId": "14"
    },
    {
      "name": "Собрать",
      "color": "#3b82f6",
      "position": 2,
      "allowedActions": [
        "edit",
        "close"
      ],
      "responsibleRoleId": "3",
      "responsibleUserId": null
    },
    {
      "name": "Отложить",
      "color": "#eab308",
      "position": 3,
      "allowedActions": [],
      "responsibleUserId": null
    },
    {
      "name": "Закрыта",
      "color": "#7a7777",
      "position": 999,
      "allowedActions": []
    }
  ],
  "bidTypeResponsibleName": "Беляев Сергей",
  "currentResponsibleUserId": 1,
  "clientResponsibleName": "Не указан",
  "creatorName": "Беляев Сергей",
  "createdAt": "2026-02-05T15:58:27.605Z",
  "updatedAt": "2026-02-09T21:21:46.907Z",
  "statusMetadata": {
    "responsibleSpecialist": null,
    "deadlines": {
      "processingTime": "5 рабочих дней",
      "deadline": "2026-02-16T19:57:56.480Z"
    },
    "necessaryActions": [],
    "additionalResources": [
      "Общие ресурсы"
    ],
    "notifications": [
      "Стандартное уведомление"
    ]
  }
}

[2026-02-11T19:57:57.534Z] Отправка данных заявки ID: 10
{
  "clientId": 5,
  "clientName": "Уваровская Нива",
  "tema": "Дочерняя заявка - Уточнение деталей",
  "amount": 25000,
  "status": "Закрыта",
  "description": "Дочерняя заявка для уточнения технических деталей",
  "clientObjectId": null,
  "updNumber": null,
  "updDate": null,
  "contract": null,
  "workAddress": null,
  "bidType": {
    "id": 1,
    "name": "Выдача оборудования без преднастройки и монтажа",
    "description": "Выдача оборудования без преднастройки и монтажа",
    "statuses": [
      {
        "name": "Открыта",
        "color": "#c75a5a",
        "position": 1,
        "allowedActions": [
          "edit"
        ],
        "responsibleRoleId": "14"
      },
      {
        "name": "Собрать",
        "color": "#3b82f6",
        "position": 2,
        "allowedActions": [
          "edit",
          "close"
        ],
        "responsibleRoleId": "3",
        "responsibleUserId": null
      },
      {
        "name": "Отложить",
        "color": "#eab308",
        "position": 3,
        "allowedActions": [],
        "responsibleUserId": null
      },
      {
        "name": "Закрыта",
        "color": "#7a7777",
        "position": 999,
        "allowedActions": []
      }
    ],
    "transitions": [
      {
        "toPosition": 2,
        "fromPosition": 1
      },
      {
        "toPosition": 3,
        "fromPosition": 1
      },
      {
        "toPosition": 3,
        "fromPosition": 2
      },
      {
        "toPosition": 999,
        "fromPosition": 2
      }
    ],
    "plannedReactionTimeMinutes": 60,
    "plannedDurationMinutes": "1440",
    "createdAt": "2026-02-04T10:11:35.846Z",
    "updatedAt": "2026-02-08T12:49:49.376Z"
  },
  "bidTypeName": "Выдача оборудования без преднастройки и монтажа",
  "bidTypeStatuses": [
    {
      "name": "Открыта",
      "color": "#c75a5a",
      "position": 1,
      "allowedActions": [
        "edit"
      ],
      "responsibleRoleId": "14"
    },
    {
      "name": "Собрать",
      "color": "#3b82f6",
      "position": 2,
      "allowedActions": [
        "edit",
        "close"
      ],
      "responsibleRoleId": "3",
      "responsibleUserId": null
    },
    {
      "name": "Отложить",
      "color": "#eab308",
      "position": 3,
      "allowedActions": [],
      "responsibleUserId": null
    },
    {
      "name": "Закрыта",
      "color": "#7a7777",
      "position": 999,
      "allowedActions": []
    }
  ],
  "bidTypeResponsibleName": "Беляев Сергей",
  "currentResponsibleUserId": 1,
  "clientResponsibleName": "Не указан",
  "creatorName": "Беляев Сергей",
  "createdAt": "2026-02-05T15:58:27.605Z",
  "updatedAt": "2026-02-09T21:21:46.907Z",
  "statusMetadata": {
    "responsibleSpecialist": null,
    "deadlines": {
      "processingTime": "5 рабочих дней",
      "deadline": "2026-02-16T19:57:57.534Z"
    },
    "necessaryActions": [],
    "additionalResources": [
      "Общие ресурсы"
    ],
    "notifications": [
      "Стандартное уведомление"
    ]
  }
}

[2026-02-11T19:58:03.598Z] Отправка данных заявки ID: 10
{
  "clientId": 5,
  "clientName": "Уваровская Нива",
  "tema": "Дочерняя заявка - Уточнение деталей",
  "amount": 25000,
  "status": "Закрыта",
  "description": "Дочерняя заявка для уточнения технических деталей",
  "clientObjectId": null,
  "updNumber": null,
  "updDate": null,
  "contract": null,
  "workAddress": null,
  "bidType": {
    "id": 1,
    "name": "Выдача оборудования без преднастройки и монтажа",
    "description": "Выдача оборудования без преднастройки и монтажа",
    "statuses": [
      {
        "name": "Открыта",
        "color": "#c75a5a",
        "position": 1,
        "allowedActions": [
          "edit"
        ],
        "responsibleRoleId": "14"
      },
      {
        "name": "Собрать",
        "color": "#3b82f6",
        "position": 2,
        "allowedActions": [
          "edit",
          "close"
        ],
        "responsibleRoleId": "3",
        "responsibleUserId": null
      },
      {
        "name": "Отложить",
        "color": "#eab308",
        "position": 3,
        "allowedActions": [],
        "responsibleUserId": null
      },
      {
        "name": "Закрыта",
        "color": "#7a7777",
        "position": 999,
        "allowedActions": []
      }
    ],
    "transitions": [
      {
        "toPosition": 2,
        "fromPosition": 1
      },
      {
        "toPosition": 3,
        "fromPosition": 1
      },
      {
        "toPosition": 3,
        "fromPosition": 2
      },
      {
        "toPosition": 999,
        "fromPosition": 2
      }
    ],
    "plannedReactionTimeMinutes": 60,
    "plannedDurationMinutes": "1440",
    "createdAt": "2026-02-04T10:11:35.846Z",
    "updatedAt": "2026-02-08T12:49:49.376Z"
  },
  "bidTypeName": "Выдача оборудования без преднастройки и монтажа",
  "bidTypeStatuses": [
    {
      "name": "Открыта",
      "color": "#c75a5a",
      "position": 1,
      "allowedActions": [
        "edit"
      ],
      "responsibleRoleId": "14"
    },
    {
      "name": "Собрать",
      "color": "#3b82f6",
      "position": 2,
      "allowedActions": [
        "edit",
        "close"
      ],
      "responsibleRoleId": "3",
      "responsibleUserId": null
    },
    {
      "name": "Отложить",
      "color": "#eab308",
      "position": 3,
      "allowedActions": [],
      "responsibleUserId": null
    },
    {
      "name": "Закрыта",
      "color": "#7a7777",
      "position": 999,
      "allowedActions": []
    }
  ],
  "bidTypeResponsibleName": "Беляев Сергей",
  "currentResponsibleUserId": 1,
  "clientResponsibleName": "Не указан",
  "creatorName": "Беляев Сергей",
  "createdAt": "2026-02-05T15:58:27.605Z",
  "updatedAt": "2026-02-09T21:21:46.907Z",
  "statusMetadata": {
    "responsibleSpecialist": null,
    "deadlines": {
      "processingTime": "5 рабочих дней",
      "deadline": "2026-02-16T19:58:03.597Z"
    },
    "necessaryActions": [],
    "additionalResources": [
      "Общие ресурсы"
    ],
    "notifications": [
      "Стандартное уведомление"
    ]
  }
}

[2026-02-11T19:58:04.431Z] Отправка данных заявки ID: 10
{
  "clientId": 5,
  "clientName": "Уваровская Нива",
  "tema": "Дочерняя заявка - Уточнение деталей",
  "amount": 25000,
  "status": "Закрыта",
  "description": "Дочерняя заявка для уточнения технических деталей",
  "clientObjectId": null,
  "updNumber": null,
  "updDate": null,
  "contract": null,
  "workAddress": null,
  "bidType": {
    "id": 1,
    "name": "Выдача оборудования без преднастройки и монтажа",
    "description": "Выдача оборудования без преднастройки и монтажа",
    "statuses": [
      {
        "name": "Открыта",
        "color": "#c75a5a",
        "position": 1,
        "allowedActions": [
          "edit"
        ],
        "responsibleRoleId": "14"
      },
      {
        "name": "Собрать",
        "color": "#3b82f6",
        "position": 2,
        "allowedActions": [
          "edit",
          "close"
        ],
        "responsibleRoleId": "3",
        "responsibleUserId": null
      },
      {
        "name": "Отложить",
        "color": "#eab308",
        "position": 3,
        "allowedActions": [],
        "responsibleUserId": null
      },
      {
        "name": "Закрыта",
        "color": "#7a7777",
        "position": 999,
        "allowedActions": []
      }
    ],
    "transitions": [
      {
        "toPosition": 2,
        "fromPosition": 1
      },
      {
        "toPosition": 3,
        "fromPosition": 1
      },
      {
        "toPosition": 3,
        "fromPosition": 2
      },
      {
        "toPosition": 999,
        "fromPosition": 2
      }
    ],
    "plannedReactionTimeMinutes": 60,
    "plannedDurationMinutes": "1440",
    "createdAt": "2026-02-04T10:11:35.846Z",
    "updatedAt": "2026-02-08T12:49:49.376Z"
  },
  "bidTypeName": "Выдача оборудования без преднастройки и монтажа",
  "bidTypeStatuses": [
    {
      "name": "Открыта",
      "color": "#c75a5a",
      "position": 1,
      "allowedActions": [
        "edit"
      ],
      "responsibleRoleId": "14"
    },
    {
      "name": "Собрать",
      "color": "#3b82f6",
      "position": 2,
      "allowedActions": [
        "edit",
        "close"
      ],
      "responsibleRoleId": "3",
      "responsibleUserId": null
    },
    {
      "name": "Отложить",
      "color": "#eab308",
      "position": 3,
      "allowedActions": [],
      "responsibleUserId": null
    },
    {
      "name": "Закрыта",
      "color": "#7a7777",
      "position": 999,
      "allowedActions": []
    }
  ],
  "bidTypeResponsibleName": "Беляев Сергей",
  "currentResponsibleUserId": 1,
  "clientResponsibleName": "Не указан",
  "creatorName": "Беляев Сергей",
  "createdAt": "2026-02-05T15:58:27.605Z",
  "updatedAt": "2026-02-09T21:21:46.907Z",
  "statusMetadata": {
    "responsibleSpecialist": null,
    "deadlines": {
      "processingTime": "5 рабочих дней",
      "deadline": "2026-02-16T19:58:04.431Z"
    },
    "necessaryActions": [],
    "additionalResources": [
      "Общие ресурсы"
    ],
    "notifications": [
      "Стандартное уведомление"
    ]
  }
}

[2026-02-11T19:58:16.256Z] Отправка данных заявки ID: 10
{
  "clientId": 5,
  "clientName": "Уваровская Нива",
  "tema": "Дочерняя заявка - Уточнение деталей",
  "amount": 25000,
  "status": "Закрыта",
  "description": "Дочерняя заявка для уточнения технических деталей",
  "clientObjectId": null,
  "updNumber": null,
  "updDate": null,
  "contract": null,
  "workAddress": null,
  "bidType": {
    "id": 1,
    "name": "Выдача оборудования без преднастройки и монтажа",
    "description": "Выдача оборудования без преднастройки и монтажа",
    "statuses": [
      {
        "name": "Открыта",
        "color": "#c75a5a",
        "position": 1,
        "allowedActions": [
          "edit"
        ],
        "responsibleRoleId": "14"
      },
      {
        "name": "Собрать",
        "color": "#3b82f6",
        "position": 2,
        "allowedActions": [
          "edit",
          "close"
        ],
        "responsibleRoleId": "3",
        "responsibleUserId": null
      },
      {
        "name": "Отложить",
        "color": "#eab308",
        "position": 3,
        "allowedActions": [],
        "responsibleUserId": null
      },
      {
        "name": "Закрыта",
        "color": "#7a7777",
        "position": 999,
        "allowedActions": []
      }
    ],
    "transitions": [
      {
        "toPosition": 2,
        "fromPosition": 1
      },
      {
        "toPosition": 3,
        "fromPosition": 1
      },
      {
        "toPosition": 3,
        "fromPosition": 2
      },
      {
        "toPosition": 999,
        "fromPosition": 2
      }
    ],
    "plannedReactionTimeMinutes": 60,
    "plannedDurationMinutes": "1440",
    "createdAt": "2026-02-04T10:11:35.846Z",
    "updatedAt": "2026-02-08T12:49:49.376Z"
  },
  "bidTypeName": "Выдача оборудования без преднастройки и монтажа",
  "bidTypeStatuses": [
    {
      "name": "Открыта",
      "color": "#c75a5a",
      "position": 1,
      "allowedActions": [
        "edit"
      ],
      "responsibleRoleId": "14"
    },
    {
      "name": "Собрать",
      "color": "#3b82f6",
      "position": 2,
      "allowedActions": [
        "edit",
        "close"
      ],
      "responsibleRoleId": "3",
      "responsibleUserId": null
    },
    {
      "name": "Отложить",
      "color": "#eab308",
      "position": 3,
      "allowedActions": [],
      "responsibleUserId": null
    },
    {
      "name": "Закрыта",
      "color": "#7a7777",
      "position": 999,
      "allowedActions": []
    }
  ],
  "bidTypeResponsibleName": "Беляев Сергей",
  "currentResponsibleUserId": 1,
  "clientResponsibleName": "Не указан",
  "creatorName": "Беляев Сергей",
  "createdAt": "2026-02-05T15:58:27.605Z",
  "updatedAt": "2026-02-09T21:21:46.907Z",
  "statusMetadata": {
    "responsibleSpecialist": null,
    "deadlines": {
      "processingTime": "5 рабочих дней",
      "deadline": "2026-02-16T19:58:16.256Z"
    },
    "necessaryActions": [],
    "additionalResources": [
      "Общие ресурсы"
    ],
    "notifications": [
      "Стандартное уведомление"
    ]
  }
}

[2026-02-11T20:04:58.195Z] Отправка данных заявки ID: 10
{
  "clientId": 5,
  "clientName": "Уваровская Нива",
  "tema": "Дочерняя заявка - Уточнение деталей",
  "amount": 25000,
  "status": "Закрыта",
  "description": "Дочерняя заявка для уточнения технических деталей",
  "clientObjectId": null,
  "updNumber": null,
  "updDate": null,
  "contract": null,
  "workAddress": null,
  "bidType": {
    "id": 1,
    "name": "Выдача оборудования без преднастройки и монтажа",
    "description": "Выдача оборудования без преднастройки и монтажа",
    "statuses": [
      {
        "name": "Открыта",
        "color": "#c75a5a",
        "position": 1,
        "allowedActions": [
          "edit"
        ],
        "responsibleRoleId": "14"
      },
      {
        "name": "Собрать",
        "color": "#3b82f6",
        "position": 2,
        "allowedActions": [
          "edit",
          "close"
        ],
        "responsibleRoleId": "3",
        "responsibleUserId": null
      },
      {
        "name": "Отложить",
        "color": "#eab308",
        "position": 3,
        "allowedActions": [],
        "responsibleUserId": null
      },
      {
        "name": "Закрыта",
        "color": "#7a7777",
        "position": 999,
        "allowedActions": []
      }
    ],
    "transitions": [
      {
        "toPosition": 2,
        "fromPosition": 1
      },
      {
        "toPosition": 3,
        "fromPosition": 1
      },
      {
        "toPosition": 3,
        "fromPosition": 2
      },
      {
        "toPosition": 999,
        "fromPosition": 2
      }
    ],
    "plannedReactionTimeMinutes": 60,
    "plannedDurationMinutes": "1440",
    "createdAt": "2026-02-04T10:11:35.846Z",
    "updatedAt": "2026-02-08T12:49:49.376Z"
  },
  "bidTypeName": "Выдача оборудования без преднастройки и монтажа",
  "bidTypeStatuses": [
    {
      "name": "Открыта",
      "color": "#c75a5a",
      "position": 1,
      "allowedActions": [
        "edit"
      ],
      "responsibleRoleId": "14"
    },
    {
      "name": "Собрать",
      "color": "#3b82f6",
      "position": 2,
      "allowedActions": [
        "edit",
        "close"
      ],
      "responsibleRoleId": "3",
      "responsibleUserId": null
    },
    {
      "name": "Отложить",
      "color": "#eab308",
      "position": 3,
      "allowedActions": [],
      "responsibleUserId": null
    },
    {
      "name": "Закрыта",
      "color": "#7a7777",
      "position": 999,
      "allowedActions": []
    }
  ],
  "bidTypeResponsibleName": "Беляев Сергей",
  "currentResponsibleUserId": 1,
  "clientResponsibleName": "Не указан",
  "creatorName": "Беляев Сергей",
  "createdAt": "2026-02-05T15:58:27.605Z",
  "updatedAt": "2026-02-09T21:21:46.907Z",
  "statusMetadata": {
    "responsibleSpecialist": null,
    "deadlines": {
      "processingTime": "5 рабочих дней",
      "deadline": "2026-02-16T20:04:58.194Z"
    },
    "necessaryActions": [],
    "additionalResources": [
      "Общие ресурсы"
    ],
    "notifications": [
      "Стандартное уведомление"
    ]
  }
}

[2026-02-11T20:04:59.150Z] Отправка данных заявки ID: 10
{
  "clientId": 5,
  "clientName": "Уваровская Нива",
  "tema": "Дочерняя заявка - Уточнение деталей",
  "amount": 25000,
  "status": "Закрыта",
  "description": "Дочерняя заявка для уточнения технических деталей",
  "clientObjectId": null,
  "updNumber": null,
  "updDate": null,
  "contract": null,
  "workAddress": null,
  "bidType": {
    "id": 1,
    "name": "Выдача оборудования без преднастройки и монтажа",
    "description": "Выдача оборудования без преднастройки и монтажа",
    "statuses": [
      {
        "name": "Открыта",
        "color": "#c75a5a",
        "position": 1,
        "allowedActions": [
          "edit"
        ],
        "responsibleRoleId": "14"
      },
      {
        "name": "Собрать",
        "color": "#3b82f6",
        "position": 2,
        "allowedActions": [
          "edit",
          "close"
        ],
        "responsibleRoleId": "3",
        "responsibleUserId": null
      },
      {
        "name": "Отложить",
        "color": "#eab308",
        "position": 3,
        "allowedActions": [],
        "responsibleUserId": null
      },
      {
        "name": "Закрыта",
        "color": "#7a7777",
        "position": 999,
        "allowedActions": []
      }
    ],
    "transitions": [
      {
        "toPosition": 2,
        "fromPosition": 1
      },
      {
        "toPosition": 3,
        "fromPosition": 1
      },
      {
        "toPosition": 3,
        "fromPosition": 2
      },
      {
        "toPosition": 999,
        "fromPosition": 2
      }
    ],
    "plannedReactionTimeMinutes": 60,
    "plannedDurationMinutes": "1440",
    "createdAt": "2026-02-04T10:11:35.846Z",
    "updatedAt": "2026-02-08T12:49:49.376Z"
  },
  "bidTypeName": "Выдача оборудования без преднастройки и монтажа",
  "bidTypeStatuses": [
    {
      "name": "Открыта",
      "color": "#c75a5a",
      "position": 1,
      "allowedActions": [
        "edit"
      ],
      "responsibleRoleId": "14"
    },
    {
      "name": "Собрать",
      "color": "#3b82f6",
      "position": 2,
      "allowedActions": [
        "edit",
        "close"
      ],
      "responsibleRoleId": "3",
      "responsibleUserId": null
    },
    {
      "name": "Отложить",
      "color": "#eab308",
      "position": 3,
      "allowedActions": [],
      "responsibleUserId": null
    },
    {
      "name": "Закрыта",
      "color": "#7a7777",
      "position": 999,
      "allowedActions": []
    }
  ],
  "bidTypeResponsibleName": "Беляев Сергей",
  "currentResponsibleUserId": 1,
  "clientResponsibleName": "Не указан",
  "creatorName": "Беляев Сергей",
  "createdAt": "2026-02-05T15:58:27.605Z",
  "updatedAt": "2026-02-09T21:21:46.907Z",
  "statusMetadata": {
    "responsibleSpecialist": null,
    "deadlines": {
      "processingTime": "5 рабочих дней",
      "deadline": "2026-02-16T20:04:59.150Z"
    },
    "necessaryActions": [],
    "additionalResources": [
      "Общие ресурсы"
    ],
    "notifications": [
      "Стандартное уведомление"
    ]
  }
}

[2026-02-11T20:07:42.971Z] Отправка данных заявки ID: 10
{
  "clientId": 5,
  "clientName": "Уваровская Нива",
  "tema": "Дочерняя заявка - Уточнение деталей",
  "amount": 25000,
  "status": "Закрыта",
  "description": "Дочерняя заявка для уточнения технических деталей",
  "clientObjectId": null,
  "updNumber": null,
  "updDate": null,
  "contract": null,
  "workAddress": null,
  "bidType": {
    "id": 1,
    "name": "Выдача оборудования без преднастройки и монтажа",
    "description": "Выдача оборудования без преднастройки и монтажа",
    "statuses": [
      {
        "name": "Открыта",
        "color": "#c75a5a",
        "position": 1,
        "allowedActions": [
          "edit"
        ],
        "responsibleRoleId": "14"
      },
      {
        "name": "Собрать",
        "color": "#3b82f6",
        "position": 2,
        "allowedActions": [
          "edit",
          "close"
        ],
        "responsibleRoleId": "3",
        "responsibleUserId": null
      },
      {
        "name": "Отложить",
        "color": "#eab308",
        "position": 3,
        "allowedActions": [],
        "responsibleUserId": null
      },
      {
        "name": "Закрыта",
        "color": "#7a7777",
        "position": 999,
        "allowedActions": []
      }
    ],
    "transitions": [
      {
        "toPosition": 2,
        "fromPosition": 1
      },
      {
        "toPosition": 3,
        "fromPosition": 1
      },
      {
        "toPosition": 3,
        "fromPosition": 2
      },
      {
        "toPosition": 999,
        "fromPosition": 2
      }
    ],
    "plannedReactionTimeMinutes": 60,
    "plannedDurationMinutes": "1440",
    "createdAt": "2026-02-04T10:11:35.846Z",
    "updatedAt": "2026-02-08T12:49:49.376Z"
  },
  "bidTypeName": "Выдача оборудования без преднастройки и монтажа",
  "bidTypeStatuses": [
    {
      "name": "Открыта",
      "color": "#c75a5a",
      "position": 1,
      "allowedActions": [
        "edit"
      ],
      "responsibleRoleId": "14"
    },
    {
      "name": "Собрать",
      "color": "#3b82f6",
      "position": 2,
      "allowedActions": [
        "edit",
        "close"
      ],
      "responsibleRoleId": "3",
      "responsibleUserId": null
    },
    {
      "name": "Отложить",
      "color": "#eab308",
      "position": 3,
      "allowedActions": [],
      "responsibleUserId": null
    },
    {
      "name": "Закрыта",
      "color": "#7a7777",
      "position": 999,
      "allowedActions": []
    }
  ],
  "bidTypeResponsibleName": "Беляев Сергей",
  "currentResponsibleUserId": 1,
  "clientResponsibleName": "Не указан",
  "creatorName": "Беляев Сергей",
  "createdAt": "2026-02-05T15:58:27.605Z",
  "updatedAt": "2026-02-09T21:21:46.907Z",
  "statusMetadata": {
    "responsibleSpecialist": null,
    "deadlines": {
      "processingTime": "5 рабочих дней",
      "deadline": "2026-02-16T20:07:42.971Z"
    },
    "necessaryActions": [],
    "additionalResources": [
      "Общие ресурсы"
    ],
    "notifications": [
      "Стандартное уведомление"
    ]
  }
}

[2026-02-11T20:09:07.038Z] Отправка данных заявки ID: 10
{
  "clientId": 5,
  "clientName": "Уваровская Нива",
  "tema": "Дочерняя заявка - Уточнение деталей",
  "amount": 25000,
  "status": "Закрыта",
  "description": "Дочерняя заявка для уточнения технических деталей",
  "clientObjectId": null,
  "updNumber": null,
  "updDate": null,
  "contract": null,
  "workAddress": null,
  "bidType": {
    "id": 1,
    "name": "Выдача оборудования без преднастройки и монтажа",
    "description": "Выдача оборудования без преднастройки и монтажа",
    "statuses": [
      {
        "name": "Открыта",
        "color": "#c75a5a",
        "position": 1,
        "allowedActions": [
          "edit"
        ],
        "responsibleRoleId": "14"
      },
      {
        "name": "Собрать",
        "color": "#3b82f6",
        "position": 2,
        "allowedActions": [
          "edit",
          "close"
        ],
        "responsibleRoleId": "3",
        "responsibleUserId": null
      },
      {
        "name": "Отложить",
        "color": "#eab308",
        "position": 3,
        "allowedActions": [],
        "responsibleUserId": null
      },
      {
        "name": "Закрыта",
        "color": "#7a7777",
        "position": 999,
        "allowedActions": []
      }
    ],
    "transitions": [
      {
        "toPosition": 2,
        "fromPosition": 1
      },
      {
        "toPosition": 3,
        "fromPosition": 1
      },
      {
        "toPosition": 3,
        "fromPosition": 2
      },
      {
        "toPosition": 999,
        "fromPosition": 2
      }
    ],
    "plannedReactionTimeMinutes": 60,
    "plannedDurationMinutes": "1440",
    "createdAt": "2026-02-04T10:11:35.846Z",
    "updatedAt": "2026-02-08T12:49:49.376Z"
  },
  "bidTypeName": "Выдача оборудования без преднастройки и монтажа",
  "bidTypeStatuses": [
    {
      "name": "Открыта",
      "color": "#c75a5a",
      "position": 1,
      "allowedActions": [
        "edit"
      ],
      "responsibleRoleId": "14"
    },
    {
      "name": "Собрать",
      "color": "#3b82f6",
      "position": 2,
      "allowedActions": [
        "edit",
        "close"
      ],
      "responsibleRoleId": "3",
      "responsibleUserId": null
    },
    {
      "name": "Отложить",
      "color": "#eab308",
      "position": 3,
      "allowedActions": [],
      "responsibleUserId": null
    },
    {
      "name": "Закрыта",
      "color": "#7a7777",
      "position": 999,
      "allowedActions": []
    }
  ],
  "bidTypeResponsibleName": "Беляев Сергей",
  "currentResponsibleUserId": 1,
  "clientResponsibleName": "Не указан",
  "creatorName": "Беляев Сергей",
  "createdAt": "2026-02-05T15:58:27.605Z",
  "updatedAt": "2026-02-09T21:21:46.907Z",
  "statusMetadata": {
    "responsibleSpecialist": null,
    "deadlines": {
      "processingTime": "5 рабочих дней",
      "deadline": "2026-02-16T20:09:07.037Z"
    },
    "necessaryActions": [],
    "additionalResources": [
      "Общие ресурсы"
    ],
    "notifications": [
      "Стандартное уведомление"
    ]
  }
}

[2026-02-11T20:11:20.138Z] Отправка данных заявки ID: 10
{
  "clientId": 5,
  "clientName": "Уваровская Нива",
  "tema": "Дочерняя заявка - Уточнение деталей",
  "amount": 25000,
  "status": "Закрыта",
  "description": "Дочерняя заявка для уточнения технических деталей",
  "clientObjectId": null,
  "updNumber": null,
  "updDate": null,
  "contract": null,
  "workAddress": null,
  "bidType": {
    "id": 1,
    "name": "Выдача оборудования без преднастройки и монтажа",
    "description": "Выдача оборудования без преднастройки и монтажа",
    "statuses": [
      {
        "name": "Открыта",
        "color": "#c75a5a",
        "position": 1,
        "allowedActions": [
          "edit"
        ],
        "responsibleRoleId": "14"
      },
      {
        "name": "Собрать",
        "color": "#3b82f6",
        "position": 2,
        "allowedActions": [
          "edit",
          "close"
        ],
        "responsibleRoleId": "3",
        "responsibleUserId": null
      },
      {
        "name": "Отложить",
        "color": "#eab308",
        "position": 3,
        "allowedActions": [],
        "responsibleUserId": null
      },
      {
        "name": "Закрыта",
        "color": "#7a7777",
        "position": 999,
        "allowedActions": []
      }
    ],
    "transitions": [
      {
        "toPosition": 2,
        "fromPosition": 1
      },
      {
        "toPosition": 3,
        "fromPosition": 1
      },
      {
        "toPosition": 3,
        "fromPosition": 2
      },
      {
        "toPosition": 999,
        "fromPosition": 2
      }
    ],
    "plannedReactionTimeMinutes": 60,
    "plannedDurationMinutes": "1440",
    "createdAt": "2026-02-04T10:11:35.846Z",
    "updatedAt": "2026-02-08T12:49:49.376Z"
  },
  "bidTypeName": "Выдача оборудования без преднастройки и монтажа",
  "bidTypeStatuses": [
    {
      "name": "Открыта",
      "color": "#c75a5a",
      "position": 1,
      "allowedActions": [
        "edit"
      ],
      "responsibleRoleId": "14"
    },
    {
      "name": "Собрать",
      "color": "#3b82f6",
      "position": 2,
      "allowedActions": [
        "edit",
        "close"
      ],
      "responsibleRoleId": "3",
      "responsibleUserId": null
    },
    {
      "name": "Отложить",
      "color": "#eab308",
      "position": 3,
      "allowedActions": [],
      "responsibleUserId": null
    },
    {
      "name": "Закрыта",
      "color": "#7a7777",
      "position": 999,
      "allowedActions": []
    }
  ],
  "bidTypeResponsibleName": "Беляев Сергей",
  "currentResponsibleUserId": 1,
  "clientResponsibleName": "Не указан",
  "creatorName": "Беляев Сергей",
  "createdAt": "2026-02-05T15:58:27.605Z",
  "updatedAt": "2026-02-09T21:21:46.907Z",
  "statusMetadata": {
    "responsibleSpecialist": null,
    "deadlines": {
      "processingTime": "5 рабочих дней",
      "deadline": "2026-02-16T20:11:20.138Z"
    },
    "necessaryActions": [],
    "additionalResources": [
      "Общие ресурсы"
    ],
    "notifications": [
      "Стандартное уведомление"
    ]
  }
}

[2026-02-11T20:11:21.147Z] Отправка данных заявки ID: 10
{
  "clientId": 5,
  "clientName": "Уваровская Нива",
  "tema": "Дочерняя заявка - Уточнение деталей",
  "amount": 25000,
  "status": "Закрыта",
  "description": "Дочерняя заявка для уточнения технических деталей",
  "clientObjectId": null,
  "updNumber": null,
  "updDate": null,
  "contract": null,
  "workAddress": null,
  "bidType": {
    "id": 1,
    "name": "Выдача оборудования без преднастройки и монтажа",
    "description": "Выдача оборудования без преднастройки и монтажа",
    "statuses": [
      {
        "name": "Открыта",
        "color": "#c75a5a",
        "position": 1,
        "allowedActions": [
          "edit"
        ],
        "responsibleRoleId": "14"
      },
      {
        "name": "Собрать",
        "color": "#3b82f6",
        "position": 2,
        "allowedActions": [
          "edit",
          "close"
        ],
        "responsibleRoleId": "3",
        "responsibleUserId": null
      },
      {
        "name": "Отложить",
        "color": "#eab308",
        "position": 3,
        "allowedActions": [],
        "responsibleUserId": null
      },
      {
        "name": "Закрыта",
        "color": "#7a7777",
        "position": 999,
        "allowedActions": []
      }
    ],
    "transitions": [
      {
        "toPosition": 2,
        "fromPosition": 1
      },
      {
        "toPosition": 3,
        "fromPosition": 1
      },
      {
        "toPosition": 3,
        "fromPosition": 2
      },
      {
        "toPosition": 999,
        "fromPosition": 2
      }
    ],
    "plannedReactionTimeMinutes": 60,
    "plannedDurationMinutes": "1440",
    "createdAt": "2026-02-04T10:11:35.846Z",
    "updatedAt": "2026-02-08T12:49:49.376Z"
  },
  "bidTypeName": "Выдача оборудования без преднастройки и монтажа",
  "bidTypeStatuses": [
    {
      "name": "Открыта",
      "color": "#c75a5a",
      "position": 1,
      "allowedActions": [
        "edit"
      ],
      "responsibleRoleId": "14"
    },
    {
      "name": "Собрать",
      "color": "#3b82f6",
      "position": 2,
      "allowedActions": [
        "edit",
        "close"
      ],
      "responsibleRoleId": "3",
      "responsibleUserId": null
    },
    {
      "name": "Отложить",
      "color": "#eab308",
      "position": 3,
      "allowedActions": [],
      "responsibleUserId": null
    },
    {
      "name": "Закрыта",
      "color": "#7a7777",
      "position": 999,
      "allowedActions": []
    }
  ],
  "bidTypeResponsibleName": "Беляев Сергей",
  "currentResponsibleUserId": 1,
  "clientResponsibleName": "Не указан",
  "creatorName": "Беляев Сергей",
  "createdAt": "2026-02-05T15:58:27.605Z",
  "updatedAt": "2026-02-09T21:21:46.907Z",
  "statusMetadata": {
    "responsibleSpecialist": null,
    "deadlines": {
      "processingTime": "5 рабочих дней",
      "deadline": "2026-02-16T20:11:21.146Z"
    },
    "necessaryActions": [],
    "additionalResources": [
      "Общие ресурсы"
    ],
    "notifications": [
      "Стандартное уведомление"
    ]
  }
}

[2026-02-11T20:16:10.001Z] Создание batch заявок
{
  "clientId": 5,
  "title": "Тест Тиража",
  "amount": 0,
  "status": "Открыта",
  "description": "Выдача Терминала 2425",
  "clientObjectIds": [
    "6",
    "5"
  ],
  "bidTypeId": 1,
  "count": 2
}

[2026-02-11T20:16:37.923Z] Создание batch заявок
{
  "clientId": 5,
  "title": "Тест тиража",
  "amount": 0,
  "status": "Открыта",
  "description": "",
  "clientObjectIds": [
    "6",
    "5"
  ],
  "bidTypeId": 1,
  "count": 2
}

[2026-02-11T20:22:41.857Z] Создание batch заявок
{
  "clientId": 5,
  "title": "Тираж",
  "amount": 0,
  "status": "Открыта",
  "description": "",
  "clientObjectIds": [
    "6",
    "5"
  ],
  "bidTypeId": 1,
  "count": 2
}

[2026-02-11T20:28:26.347Z] Создание batch заявок
{
  "clientId": 5,
  "title": "Тираж",
  "amount": 0,
  "status": "Открыта",
  "description": "",
  "clientObjectIds": [
    "6",
    "5"
  ],
  "bidTypeId": 1,
  "count": 2
}

[2026-02-12T09:07:44.312Z] Создание batch заявок
{
  "clientId": 5,
  "title": "Тест тиража",
  "amount": 0,
  "status": "Открыта",
  "description": "",
  "clientObjectIds": [
    "5",
    "6"
  ],
  "bidTypeId": 1,
  "count": 2
}

[2026-02-12T09:11:10.659Z] Создание batch заявок
{
  "clientId": 5,
  "title": "Тест тиража",
  "amount": 0,
  "status": "Открыта",
  "description": "",
  "clientObjectIds": [
    "6",
    "5"
  ],
  "bidTypeId": 1,
  "count": 2
}

[2026-02-12T09:12:21.365Z] Отправка данных заявки ID: 10
{
  "clientId": 5,
  "clientName": "Уваровская Нива",
  "tema": "Дочерняя заявка - Уточнение деталей",
  "amount": 25000,
  "status": "Закрыта",
  "description": "Дочерняя заявка для уточнения технических деталей",
  "clientObjectId": null,
  "updNumber": null,
  "updDate": null,
  "contract": null,
  "workAddress": null,
  "bidType": {
    "id": 1,
    "name": "Выдача оборудования без преднастройки и монтажа",
    "description": "Выдача оборудования без преднастройки и монтажа",
    "statuses": [
      {
        "name": "Открыта",
        "color": "#c75a5a",
        "position": 1,
        "allowedActions": [
          "edit"
        ],
        "responsibleRoleId": "14"
      },
      {
        "name": "Собрать",
        "color": "#3b82f6",
        "position": 2,
        "allowedActions": [
          "edit",
          "close"
        ],
        "responsibleRoleId": "3",
        "responsibleUserId": null
      },
      {
        "name": "Отложить",
        "color": "#eab308",
        "position": 3,
        "allowedActions": [],
        "responsibleUserId": null
      },
      {
        "name": "Закрыта",
        "color": "#7a7777",
        "position": 999,
        "allowedActions": []
      }
    ],
    "transitions": [
      {
        "toPosition": 2,
        "fromPosition": 1
      },
      {
        "toPosition": 3,
        "fromPosition": 1
      },
      {
        "toPosition": 3,
        "fromPosition": 2
      },
      {
        "toPosition": 999,
        "fromPosition": 2
      }
    ],
    "plannedReactionTimeMinutes": 60,
    "plannedDurationMinutes": "1440",
    "createdAt": "2026-02-04T10:11:35.846Z",
    "updatedAt": "2026-02-08T12:49:49.376Z"
  },
  "bidTypeName": "Выдача оборудования без преднастройки и монтажа",
  "bidTypeStatuses": [
    {
      "name": "Открыта",
      "color": "#c75a5a",
      "position": 1,
      "allowedActions": [
        "edit"
      ],
      "responsibleRoleId": "14"
    },
    {
      "name": "Собрать",
      "color": "#3b82f6",
      "position": 2,
      "allowedActions": [
        "edit",
        "close"
      ],
      "responsibleRoleId": "3",
      "responsibleUserId": null
    },
    {
      "name": "Отложить",
      "color": "#eab308",
      "position": 3,
      "allowedActions": [],
      "responsibleUserId": null
    },
    {
      "name": "Закрыта",
      "color": "#7a7777",
      "position": 999,
      "allowedActions": []
    }
  ],
  "bidTypeResponsibleName": "Беляев Сергей",
  "currentResponsibleUserId": 1,
  "clientResponsibleName": "Не указан",
  "creatorName": "Беляев Сергей",
  "createdAt": "2026-02-05T15:58:27.605Z",
  "updatedAt": "2026-02-09T21:21:46.907Z",
  "statusMetadata": {
    "responsibleSpecialist": null,
    "deadlines": {
      "processingTime": "5 рабочих дней",
      "deadline": "2026-02-17T09:12:21.364Z"
    },
    "necessaryActions": [],
    "additionalResources": [
      "Общие ресурсы"
    ],
    "notifications": [
      "Стандартное уведомление"
    ]
  }
}

[2026-02-12T09:12:22.451Z] Отправка данных заявки ID: 10
{
  "clientId": 5,
  "clientName": "Уваровская Нива",
  "tema": "Дочерняя заявка - Уточнение деталей",
  "amount": 25000,
  "status": "Закрыта",
  "description": "Дочерняя заявка для уточнения технических деталей",
  "clientObjectId": null,
  "updNumber": null,
  "updDate": null,
  "contract": null,
  "workAddress": null,
  "bidType": {
    "id": 1,
    "name": "Выдача оборудования без преднастройки и монтажа",
    "description": "Выдача оборудования без преднастройки и монтажа",
    "statuses": [
      {
        "name": "Открыта",
        "color": "#c75a5a",
        "position": 1,
        "allowedActions": [
          "edit"
        ],
        "responsibleRoleId": "14"
      },
      {
        "name": "Собрать",
        "color": "#3b82f6",
        "position": 2,
        "allowedActions": [
          "edit",
          "close"
        ],
        "responsibleRoleId": "3",
        "responsibleUserId": null
      },
      {
        "name": "Отложить",
        "color": "#eab308",
        "position": 3,
        "allowedActions": [],
        "responsibleUserId": null
      },
      {
        "name": "Закрыта",
        "color": "#7a7777",
        "position": 999,
        "allowedActions": []
      }
    ],
    "transitions": [
      {
        "toPosition": 2,
        "fromPosition": 1
      },
      {
        "toPosition": 3,
        "fromPosition": 1
      },
      {
        "toPosition": 3,
        "fromPosition": 2
      },
      {
        "toPosition": 999,
        "fromPosition": 2
      }
    ],
    "plannedReactionTimeMinutes": 60,
    "plannedDurationMinutes": "1440",
    "createdAt": "2026-02-04T10:11:35.846Z",
    "updatedAt": "2026-02-08T12:49:49.376Z"
  },
  "bidTypeName": "Выдача оборудования без преднастройки и монтажа",
  "bidTypeStatuses": [
    {
      "name": "Открыта",
      "color": "#c75a5a",
      "position": 1,
      "allowedActions": [
        "edit"
      ],
      "responsibleRoleId": "14"
    },
    {
      "name": "Собрать",
      "color": "#3b82f6",
      "position": 2,
      "allowedActions": [
        "edit",
        "close"
      ],
      "responsibleRoleId": "3",
      "responsibleUserId": null
    },
    {
      "name": "Отложить",
      "color": "#eab308",
      "position": 3,
      "allowedActions": [],
      "responsibleUserId": null
    },
    {
      "name": "Закрыта",
      "color": "#7a7777",
      "position": 999,
      "allowedActions": []
    }
  ],
  "bidTypeResponsibleName": "Беляев Сергей",
  "currentResponsibleUserId": 1,
  "clientResponsibleName": "Не указан",
  "creatorName": "Беляев Сергей",
  "createdAt": "2026-02-05T15:58:27.605Z",
  "updatedAt": "2026-02-09T21:21:46.907Z",
  "statusMetadata": {
    "responsibleSpecialist": null,
    "deadlines": {
      "processingTime": "5 рабочих дней",
      "deadline": "2026-02-17T09:12:22.451Z"
    },
    "necessaryActions": [],
    "additionalResources": [
      "Общие ресурсы"
    ],
    "notifications": [
      "Стандартное уведомление"
    ]
  }
}

[2026-02-12T09:12:35.718Z] Создание batch заявок
{
  "clientId": 5,
  "title": "Тираж заявок",
  "amount": 0,
  "status": "Открыта",
  "description": "",
  "clientObjectIds": [
    "6",
    "5"
  ],
  "bidTypeId": 1,
  "count": 2
}

[2026-02-12T09:12:53.996Z] Создание batch заявок
{
  "clientId": 5,
  "title": "Тираж",
  "amount": 0,
  "status": "Открыта",
  "description": "",
  "clientObjectIds": [
    "6",
    "5"
  ],
  "bidTypeId": 1,
  "count": 2
}

[2026-02-12T09:14:51.499Z] Создание batch заявок
{
  "clientId": 5,
  "title": "Тираж",
  "amount": 0,
  "status": "Открыта",
  "description": "",
  "clientObjectIds": [
    "6",
    "5"
  ],
  "bidTypeId": 1,
  "count": 2
}

[2026-02-12T09:14:51.518Z] Создано batch заявок
{
  "count": 2,
  "bids": [
    11,
    12
  ]
}

[2026-02-12T09:25:37.918Z] Отправка данных заявки ID: 12
{
  "clientId": 5,
  "clientName": "Уваровская Нива",
  "tema": "Тираж",
  "amount": 0,
  "status": "Открыта",
  "description": "",
  "clientObjectId": 5,
  "updNumber": null,
  "updDate": null,
  "contract": null,
  "workAddress": "",
  "bidType": {
    "id": 1,
    "name": "Выдача оборудования без преднастройки и монтажа",
    "description": "Выдача оборудования без преднастройки и монтажа",
    "statuses": [
      {
        "name": "Открыта",
        "color": "#c75a5a",
        "position": 1,
        "allowedActions": [
          "edit"
        ],
        "responsibleRoleId": "14"
      },
      {
        "name": "Собрать",
        "color": "#3b82f6",
        "position": 2,
        "allowedActions": [
          "edit",
          "close"
        ],
        "responsibleRoleId": "3",
        "responsibleUserId": null
      },
      {
        "name": "Отложить",
        "color": "#eab308",
        "position": 3,
        "allowedActions": [],
        "responsibleUserId": null
      },
      {
        "name": "Закрыта",
        "color": "#7a7777",
        "position": 999,
        "allowedActions": []
      }
    ],
    "transitions": [
      {
        "toPosition": 2,
        "fromPosition": 1
      },
      {
        "toPosition": 3,
        "fromPosition": 1
      },
      {
        "toPosition": 3,
        "fromPosition": 2
      },
      {
        "toPosition": 999,
        "fromPosition": 2
      }
    ],
    "plannedReactionTimeMinutes": 60,
    "plannedDurationMinutes": "1440",
    "createdAt": "2026-02-04T10:11:35.846Z",
    "updatedAt": "2026-02-08T12:49:49.376Z"
  },
  "bidTypeName": "Выдача оборудования без преднастройки и монтажа",
  "bidTypeStatuses": [
    {
      "name": "Открыта",
      "color": "#c75a5a",
      "position": 1,
      "allowedActions": [
        "edit"
      ],
      "responsibleRoleId": "14"
    },
    {
      "name": "Собрать",
      "color": "#3b82f6",
      "position": 2,
      "allowedActions": [
        "edit",
        "close"
      ],
      "responsibleRoleId": "3",
      "responsibleUserId": null
    },
    {
      "name": "Отложить",
      "color": "#eab308",
      "position": 3,
      "allowedActions": [],
      "responsibleUserId": null
    },
    {
      "name": "Закрыта",
      "color": "#7a7777",
      "position": 999,
      "allowedActions": []
    }
  ],
  "bidTypeResponsibleName": "Не указан",
  "currentResponsibleUserId": null,
  "clientResponsibleName": "Не указан",
  "creatorName": "Беляев Сергей",
  "createdAt": "2026-02-12T09:14:51.505Z",
  "updatedAt": "2026-02-12T09:14:51.505Z",
  "statusMetadata": {
    "responsibleSpecialist": null,
    "deadlines": {
      "processingTime": "5 рабочих дней",
      "deadline": "2026-02-17T09:25:37.917Z"
    },
    "necessaryActions": [
      "Редактирование заявки"
    ],
    "additionalResources": [
      "Общие ресурсы"
    ],
    "notifications": [
      "Стандартное уведомление"
    ]
  }
}

[2026-02-12T09:25:38.736Z] Отправка данных заявки ID: 12
{
  "clientId": 5,
  "clientName": "Уваровская Нива",
  "tema": "Тираж",
  "amount": 0,
  "status": "Открыта",
  "description": "",
  "clientObjectId": 5,
  "updNumber": null,
  "updDate": null,
  "contract": null,
  "workAddress": "",
  "bidType": {
    "id": 1,
    "name": "Выдача оборудования без преднастройки и монтажа",
    "description": "Выдача оборудования без преднастройки и монтажа",
    "statuses": [
      {
        "name": "Открыта",
        "color": "#c75a5a",
        "position": 1,
        "allowedActions": [
          "edit"
        ],
        "responsibleRoleId": "14"
      },
      {
        "name": "Собрать",
        "color": "#3b82f6",
        "position": 2,
        "allowedActions": [
          "edit",
          "close"
        ],
        "responsibleRoleId": "3",
        "responsibleUserId": null
      },
      {
        "name": "Отложить",
        "color": "#eab308",
        "position": 3,
        "allowedActions": [],
        "responsibleUserId": null
      },
      {
        "name": "Закрыта",
        "color": "#7a7777",
        "position": 999,
        "allowedActions": []
      }
    ],
    "transitions": [
      {
        "toPosition": 2,
        "fromPosition": 1
      },
      {
        "toPosition": 3,
        "fromPosition": 1
      },
      {
        "toPosition": 3,
        "fromPosition": 2
      },
      {
        "toPosition": 999,
        "fromPosition": 2
      }
    ],
    "plannedReactionTimeMinutes": 60,
    "plannedDurationMinutes": "1440",
    "createdAt": "2026-02-04T10:11:35.846Z",
    "updatedAt": "2026-02-08T12:49:49.376Z"
  },
  "bidTypeName": "Выдача оборудования без преднастройки и монтажа",
  "bidTypeStatuses": [
    {
      "name": "Открыта",
      "color": "#c75a5a",
      "position": 1,
      "allowedActions": [
        "edit"
      ],
      "responsibleRoleId": "14"
    },
    {
      "name": "Собрать",
      "color": "#3b82f6",
      "position": 2,
      "allowedActions": [
        "edit",
        "close"
      ],
      "responsibleRoleId": "3",
      "responsibleUserId": null
    },
    {
      "name": "Отложить",
      "color": "#eab308",
      "position": 3,
      "allowedActions": [],
      "responsibleUserId": null
    },
    {
      "name": "Закрыта",
      "color": "#7a7777",
      "position": 999,
      "allowedActions": []
    }
  ],
  "bidTypeResponsibleName": "Не указан",
  "currentResponsibleUserId": null,
  "clientResponsibleName": "Не указан",
  "creatorName": "Беляев Сергей",
  "createdAt": "2026-02-12T09:14:51.505Z",
  "updatedAt": "2026-02-12T09:14:51.505Z",
  "statusMetadata": {
    "responsibleSpecialist": null,
    "deadlines": {
      "processingTime": "5 рабочих дней",
      "deadline": "2026-02-17T09:25:38.736Z"
    },
    "necessaryActions": [
      "Редактирование заявки"
    ],
    "additionalResources": [
      "Общие ресурсы"
    ],
    "notifications": [
      "Стандартное уведомление"
    ]
  }
}

[2026-02-12T09:57:58.535Z] Отправка данных заявки ID: 12
{
  "clientId": 5,
  "clientName": "Уваровская Нива",
  "tema": "Тираж",
  "amount": 0,
  "status": "Открыта",
  "description": "",
  "clientObjectId": 5,
  "updNumber": null,
  "updDate": null,
  "contract": null,
  "workAddress": "",
  "bidType": {
    "id": 1,
    "name": "Выдача оборудования без преднастройки и монтажа",
    "description": "Выдача оборудования без преднастройки и монтажа",
    "statuses": [
      {
        "name": "Открыта",
        "color": "#c75a5a",
        "position": 1,
        "allowedActions": [
          "edit"
        ],
        "responsibleRoleId": "14"
      },
      {
        "name": "Собрать",
        "color": "#3b82f6",
        "position": 2,
        "allowedActions": [
          "edit",
          "close"
        ],
        "responsibleRoleId": "3",
        "responsibleUserId": null
      },
      {
        "name": "Отложить",
        "color": "#eab308",
        "position": 3,
        "allowedActions": [],
        "responsibleUserId": null
      },
      {
        "name": "Закрыта",
        "color": "#7a7777",
        "position": 999,
        "allowedActions": []
      }
    ],
    "transitions": [
      {
        "toPosition": 2,
        "fromPosition": 1
      },
      {
        "toPosition": 3,
        "fromPosition": 1
      },
      {
        "toPosition": 3,
        "fromPosition": 2
      },
      {
        "toPosition": 999,
        "fromPosition": 2
      }
    ],
    "plannedReactionTimeMinutes": 60,
    "plannedDurationMinutes": "1440",
    "createdAt": "2026-02-04T10:11:35.846Z",
    "updatedAt": "2026-02-08T12:49:49.376Z"
  },
  "bidTypeName": "Выдача оборудования без преднастройки и монтажа",
  "bidTypeStatuses": [
    {
      "name": "Открыта",
      "color": "#c75a5a",
      "position": 1,
      "allowedActions": [
        "edit"
      ],
      "responsibleRoleId": "14"
    },
    {
      "name": "Собрать",
      "color": "#3b82f6",
      "position": 2,
      "allowedActions": [
        "edit",
        "close"
      ],
      "responsibleRoleId": "3",
      "responsibleUserId": null
    },
    {
      "name": "Отложить",
      "color": "#eab308",
      "position": 3,
      "allowedActions": [],
      "responsibleUserId": null
    },
    {
      "name": "Закрыта",
      "color": "#7a7777",
      "position": 999,
      "allowedActions": []
    }
  ],
  "bidTypeResponsibleName": "Не указан",
  "currentResponsibleUserId": null,
  "clientResponsibleName": "Не указан",
  "creatorName": "Беляев Сергей",
  "createdAt": "2026-02-12T09:14:51.505Z",
  "updatedAt": "2026-02-12T09:14:51.505Z",
  "statusMetadata": {
    "responsibleSpecialist": null,
    "deadlines": {
      "processingTime": "5 рабочих дней",
      "deadline": "2026-02-17T09:57:58.534Z"
    },
    "necessaryActions": [
      "Редактирование заявки"
    ],
    "additionalResources": [
      "Общие ресурсы"
    ],
    "notifications": [
      "Стандартное уведомление"
    ]
  }
}

[2026-02-12T09:57:59.499Z] Отправка данных заявки ID: 12
{
  "clientId": 5,
  "clientName": "Уваровская Нива",
  "tema": "Тираж",
  "amount": 0,
  "status": "Открыта",
  "description": "",
  "clientObjectId": 5,
  "updNumber": null,
  "updDate": null,
  "contract": null,
  "workAddress": "",
  "bidType": {
    "id": 1,
    "name": "Выдача оборудования без преднастройки и монтажа",
    "description": "Выдача оборудования без преднастройки и монтажа",
    "statuses": [
      {
        "name": "Открыта",
        "color": "#c75a5a",
        "position": 1,
        "allowedActions": [
          "edit"
        ],
        "responsibleRoleId": "14"
      },
      {
        "name": "Собрать",
        "color": "#3b82f6",
        "position": 2,
        "allowedActions": [
          "edit",
          "close"
        ],
        "responsibleRoleId": "3",
        "responsibleUserId": null
      },
      {
        "name": "Отложить",
        "color": "#eab308",
        "position": 3,
        "allowedActions": [],
        "responsibleUserId": null
      },
      {
        "name": "Закрыта",
        "color": "#7a7777",
        "position": 999,
        "allowedActions": []
      }
    ],
    "transitions": [
      {
        "toPosition": 2,
        "fromPosition": 1
      },
      {
        "toPosition": 3,
        "fromPosition": 1
      },
      {
        "toPosition": 3,
        "fromPosition": 2
      },
      {
        "toPosition": 999,
        "fromPosition": 2
      }
    ],
    "plannedReactionTimeMinutes": 60,
    "plannedDurationMinutes": "1440",
    "createdAt": "2026-02-04T10:11:35.846Z",
    "updatedAt": "2026-02-08T12:49:49.376Z"
  },
  "bidTypeName": "Выдача оборудования без преднастройки и монтажа",
  "bidTypeStatuses": [
    {
      "name": "Открыта",
      "color": "#c75a5a",
      "position": 1,
      "allowedActions": [
        "edit"
      ],
      "responsibleRoleId": "14"
    },
    {
      "name": "Собрать",
      "color": "#3b82f6",
      "position": 2,
      "allowedActions": [
        "edit",
        "close"
      ],
      "responsibleRoleId": "3",
      "responsibleUserId": null
    },
    {
      "name": "Отложить",
      "color": "#eab308",
      "position": 3,
      "allowedActions": [],
      "responsibleUserId": null
    },
    {
      "name": "Закрыта",
      "color": "#7a7777",
      "position": 999,
      "allowedActions": []
    }
  ],
  "bidTypeResponsibleName": "Не указан",
  "currentResponsibleUserId": null,
  "clientResponsibleName": "Не указан",
  "creatorName": "Беляев Сергей",
  "createdAt": "2026-02-12T09:14:51.505Z",
  "updatedAt": "2026-02-12T09:14:51.505Z",
  "statusMetadata": {
    "responsibleSpecialist": null,
    "deadlines": {
      "processingTime": "5 рабочих дней",
      "deadline": "2026-02-17T09:57:59.498Z"
    },
    "necessaryActions": [
      "Редактирование заявки"
    ],
    "additionalResources": [
      "Общие ресурсы"
    ],
    "notifications": [
      "Стандартное уведомление"
    ]
  }
}

[2026-02-12T10:16:36.293Z] Отправка данных заявки ID: 12
{
  "clientId": 5,
  "clientName": "Уваровская Нива",
  "tema": "Тираж",
  "amount": 0,
  "status": "Открыта",
  "description": "",
  "clientObjectId": 5,
  "updNumber": null,
  "updDate": null,
  "contract": null,
  "workAddress": "",
  "bidType": {
    "id": 1,
    "name": "Выдача оборудования без преднастройки и монтажа",
    "description": "Выдача оборудования без преднастройки и монтажа",
    "statuses": [
      {
        "name": "Открыта",
        "color": "#c75a5a",
        "position": 1,
        "allowedActions": [
          "edit"
        ],
        "responsibleRoleId": "14"
      },
      {
        "name": "Собрать",
        "color": "#3b82f6",
        "position": 2,
        "allowedActions": [
          "edit",
          "close"
        ],
        "responsibleRoleId": "3",
        "responsibleUserId": null
      },
      {
        "name": "Отложить",
        "color": "#eab308",
        "position": 3,
        "allowedActions": [],
        "responsibleUserId": null
      },
      {
        "name": "Закрыта",
        "color": "#7a7777",
        "position": 999,
        "allowedActions": []
      }
    ],
    "transitions": [
      {
        "toPosition": 2,
        "fromPosition": 1
      },
      {
        "toPosition": 3,
        "fromPosition": 1
      },
      {
        "toPosition": 3,
        "fromPosition": 2
      },
      {
        "toPosition": 999,
        "fromPosition": 2
      }
    ],
    "plannedReactionTimeMinutes": 60,
    "plannedDurationMinutes": "1440",
    "createdAt": "2026-02-04T10:11:35.846Z",
    "updatedAt": "2026-02-08T12:49:49.376Z"
  },
  "bidTypeName": "Выдача оборудования без преднастройки и монтажа",
  "bidTypeStatuses": [
    {
      "name": "Открыта",
      "color": "#c75a5a",
      "position": 1,
      "allowedActions": [
        "edit"
      ],
      "responsibleRoleId": "14"
    },
    {
      "name": "Собрать",
      "color": "#3b82f6",
      "position": 2,
      "allowedActions": [
        "edit",
        "close"
      ],
      "responsibleRoleId": "3",
      "responsibleUserId": null
    },
    {
      "name": "Отложить",
      "color": "#eab308",
      "position": 3,
      "allowedActions": [],
      "responsibleUserId": null
    },
    {
      "name": "Закрыта",
      "color": "#7a7777",
      "position": 999,
      "allowedActions": []
    }
  ],
  "bidTypeResponsibleName": "Не указан",
  "currentResponsibleUserId": null,
  "clientResponsibleName": "Не указан",
  "creatorName": "Беляев Сергей",
  "createdAt": "2026-02-12T09:14:51.505Z",
  "updatedAt": "2026-02-12T09:14:51.505Z",
  "statusMetadata": {
    "responsibleSpecialist": null,
    "deadlines": {
      "processingTime": "5 рабочих дней",
      "deadline": "2026-02-17T10:16:36.292Z"
    },
    "necessaryActions": [
      "Редактирование заявки"
    ],
    "additionalResources": [
      "Общие ресурсы"
    ],
    "notifications": [
      "Стандартное уведомление"
    ]
  }
}

[2026-02-12T10:16:37.337Z] Отправка данных заявки ID: 12
{
  "clientId": 5,
  "clientName": "Уваровская Нива",
  "tema": "Тираж",
  "amount": 0,
  "status": "Открыта",
  "description": "",
  "clientObjectId": 5,
  "updNumber": null,
  "updDate": null,
  "contract": null,
  "workAddress": "",
  "bidType": {
    "id": 1,
    "name": "Выдача оборудования без преднастройки и монтажа",
    "description": "Выдача оборудования без преднастройки и монтажа",
    "statuses": [
      {
        "name": "Открыта",
        "color": "#c75a5a",
        "position": 1,
        "allowedActions": [
          "edit"
        ],
        "responsibleRoleId": "14"
      },
      {
        "name": "Собрать",
        "color": "#3b82f6",
        "position": 2,
        "allowedActions": [
          "edit",
          "close"
        ],
        "responsibleRoleId": "3",
        "responsibleUserId": null
      },
      {
        "name": "Отложить",
        "color": "#eab308",
        "position": 3,
        "allowedActions": [],
        "responsibleUserId": null
      },
      {
        "name": "Закрыта",
        "color": "#7a7777",
        "position": 999,
        "allowedActions": []
      }
    ],
    "transitions": [
      {
        "toPosition": 2,
        "fromPosition": 1
      },
      {
        "toPosition": 3,
        "fromPosition": 1
      },
      {
        "toPosition": 3,
        "fromPosition": 2
      },
      {
        "toPosition": 999,
        "fromPosition": 2
      }
    ],
    "plannedReactionTimeMinutes": 60,
    "plannedDurationMinutes": "1440",
    "createdAt": "2026-02-04T10:11:35.846Z",
    "updatedAt": "2026-02-08T12:49:49.376Z"
  },
  "bidTypeName": "Выдача оборудования без преднастройки и монтажа",
  "bidTypeStatuses": [
    {
      "name": "Открыта",
      "color": "#c75a5a",
      "position": 1,
      "allowedActions": [
        "edit"
      ],
      "responsibleRoleId": "14"
    },
    {
      "name": "Собрать",
      "color": "#3b82f6",
      "position": 2,
      "allowedActions": [
        "edit",
        "close"
      ],
      "responsibleRoleId": "3",
      "responsibleUserId": null
    },
    {
      "name": "Отложить",
      "color": "#eab308",
      "position": 3,
      "allowedActions": [],
      "responsibleUserId": null
    },
    {
      "name": "Закрыта",
      "color": "#7a7777",
      "position": 999,
      "allowedActions": []
    }
  ],
  "bidTypeResponsibleName": "Не указан",
  "currentResponsibleUserId": null,
  "clientResponsibleName": "Не указан",
  "creatorName": "Беляев Сергей",
  "createdAt": "2026-02-12T09:14:51.505Z",
  "updatedAt": "2026-02-12T09:14:51.505Z",
  "statusMetadata": {
    "responsibleSpecialist": null,
    "deadlines": {
      "processingTime": "5 рабочих дней",
      "deadline": "2026-02-17T10:16:37.337Z"
    },
    "necessaryActions": [
      "Редактирование заявки"
    ],
    "additionalResources": [
      "Общие ресурсы"
    ],
    "notifications": [
      "Стандартное уведомление"
    ]
  }
}

[2026-02-12T10:27:13.749Z] Отправка данных заявки ID: 12
{
  "clientId": 5,
  "clientName": "Уваровская Нива",
  "tema": "Тираж",
  "amount": 0,
  "status": "Открыта",
  "description": "",
  "clientObjectId": 5,
  "updNumber": null,
  "updDate": null,
  "contract": null,
  "workAddress": "",
  "bidType": {
    "id": 1,
    "name": "Выдача оборудования без преднастройки и монтажа",
    "description": "Выдача оборудования без преднастройки и монтажа",
    "statuses": [
      {
        "name": "Открыта",
        "color": "#c75a5a",
        "position": 1,
        "allowedActions": [
          "edit"
        ],
        "responsibleRoleId": "14"
      },
      {
        "name": "Собрать",
        "color": "#3b82f6",
        "position": 2,
        "allowedActions": [
          "edit",
          "close"
        ],
        "responsibleRoleId": "3",
        "responsibleUserId": null
      },
      {
        "name": "Отложить",
        "color": "#eab308",
        "position": 3,
        "allowedActions": [],
        "responsibleUserId": null
      },
      {
        "name": "Закрыта",
        "color": "#7a7777",
        "position": 999,
        "allowedActions": []
      }
    ],
    "transitions": [
      {
        "toPosition": 2,
        "fromPosition": 1
      },
      {
        "toPosition": 3,
        "fromPosition": 1
      },
      {
        "toPosition": 3,
        "fromPosition": 2
      },
      {
        "toPosition": 999,
        "fromPosition": 2
      }
    ],
    "plannedReactionTimeMinutes": 60,
    "plannedDurationMinutes": "1440",
    "createdAt": "2026-02-04T10:11:35.846Z",
    "updatedAt": "2026-02-08T12:49:49.376Z"
  },
  "bidTypeName": "Выдача оборудования без преднастройки и монтажа",
  "bidTypeStatuses": [
    {
      "name": "Открыта",
      "color": "#c75a5a",
      "position": 1,
      "allowedActions": [
        "edit"
      ],
      "responsibleRoleId": "14"
    },
    {
      "name": "Собрать",
      "color": "#3b82f6",
      "position": 2,
      "allowedActions": [
        "edit",
        "close"
      ],
      "responsibleRoleId": "3",
      "responsibleUserId": null
    },
    {
      "name": "Отложить",
      "color": "#eab308",
      "position": 3,
      "allowedActions": [],
      "responsibleUserId": null
    },
    {
      "name": "Закрыта",
      "color": "#7a7777",
      "position": 999,
      "allowedActions": []
    }
  ],
  "bidTypeResponsibleName": "Не указан",
  "currentResponsibleUserId": null,
  "clientResponsibleName": "Не указан",
  "creatorName": "Беляев Сергей",
  "createdAt": "2026-02-12T09:14:51.505Z",
  "updatedAt": "2026-02-12T09:14:51.505Z",
  "statusMetadata": {
    "responsibleSpecialist": null,
    "deadlines": {
      "processingTime": "5 рабочих дней",
      "deadline": "2026-02-17T10:27:13.748Z"
    },
    "necessaryActions": [
      "Редактирование заявки"
    ],
    "additionalResources": [
      "Общие ресурсы"
    ],
    "notifications": [
      "Стандартное уведомление"
    ]
  }
}

[2026-02-12T10:27:14.792Z] Отправка данных заявки ID: 12
{
  "clientId": 5,
  "clientName": "Уваровская Нива",
  "tema": "Тираж",
  "amount": 0,
  "status": "Открыта",
  "description": "",
  "clientObjectId": 5,
  "updNumber": null,
  "updDate": null,
  "contract": null,
  "workAddress": "",
  "bidType": {
    "id": 1,
    "name": "Выдача оборудования без преднастройки и монтажа",
    "description": "Выдача оборудования без преднастройки и монтажа",
    "statuses": [
      {
        "name": "Открыта",
        "color": "#c75a5a",
        "position": 1,
        "allowedActions": [
          "edit"
        ],
        "responsibleRoleId": "14"
      },
      {
        "name": "Собрать",
        "color": "#3b82f6",
        "position": 2,
        "allowedActions": [
          "edit",
          "close"
        ],
        "responsibleRoleId": "3",
        "responsibleUserId": null
      },
      {
        "name": "Отложить",
        "color": "#eab308",
        "position": 3,
        "allowedActions": [],
        "responsibleUserId": null
      },
      {
        "name": "Закрыта",
        "color": "#7a7777",
        "position": 999,
        "allowedActions": []
      }
    ],
    "transitions": [
      {
        "toPosition": 2,
        "fromPosition": 1
      },
      {
        "toPosition": 3,
        "fromPosition": 1
      },
      {
        "toPosition": 3,
        "fromPosition": 2
      },
      {
        "toPosition": 999,
        "fromPosition": 2
      }
    ],
    "plannedReactionTimeMinutes": 60,
    "plannedDurationMinutes": "1440",
    "createdAt": "2026-02-04T10:11:35.846Z",
    "updatedAt": "2026-02-08T12:49:49.376Z"
  },
  "bidTypeName": "Выдача оборудования без преднастройки и монтажа",
  "bidTypeStatuses": [
    {
      "name": "Открыта",
      "color": "#c75a5a",
      "position": 1,
      "allowedActions": [
        "edit"
      ],
      "responsibleRoleId": "14"
    },
    {
      "name": "Собрать",
      "color": "#3b82f6",
      "position": 2,
      "allowedActions": [
        "edit",
        "close"
      ],
      "responsibleRoleId": "3",
      "responsibleUserId": null
    },
    {
      "name": "Отложить",
      "color": "#eab308",
      "position": 3,
      "allowedActions": [],
      "responsibleUserId": null
    },
    {
      "name": "Закрыта",
      "color": "#7a7777",
      "position": 999,
      "allowedActions": []
    }
  ],
  "bidTypeResponsibleName": "Не указан",
  "currentResponsibleUserId": null,
  "clientResponsibleName": "Не указан",
  "creatorName": "Беляев Сергей",
  "createdAt": "2026-02-12T09:14:51.505Z",
  "updatedAt": "2026-02-12T09:14:51.505Z",
  "statusMetadata": {
    "responsibleSpecialist": null,
    "deadlines": {
      "processingTime": "5 рабочих дней",
      "deadline": "2026-02-17T10:27:14.791Z"
    },
    "necessaryActions": [
      "Редактирование заявки"
    ],
    "additionalResources": [
      "Общие ресурсы"
    ],
    "notifications": [
      "Стандартное уведомление"
    ]
  }
}

[2026-02-12T10:36:02.906Z] Отправка данных заявки ID: 12
{
  "clientId": 5,
  "clientName": "Уваровская Нива",
  "tema": "Тираж",
  "amount": 0,
  "status": "Открыта",
  "description": "",
  "clientObjectId": 5,
  "updNumber": null,
  "updDate": null,
  "contract": null,
  "workAddress": "",
  "bidType": {
    "id": 1,
    "name": "Выдача оборудования без преднастройки и монтажа",
    "description": "Выдача оборудования без преднастройки и монтажа",
    "statuses": [
      {
        "name": "Открыта",
        "color": "#c75a5a",
        "position": 1,
        "allowedActions": [
          "edit"
        ],
        "responsibleRoleId": "14"
      },
      {
        "name": "Собрать",
        "color": "#3b82f6",
        "position": 2,
        "allowedActions": [
          "edit",
          "close"
        ],
        "responsibleRoleId": "3",
        "responsibleUserId": null
      },
      {
        "name": "Отложить",
        "color": "#eab308",
        "position": 3,
        "allowedActions": [],
        "responsibleUserId": null
      },
      {
        "name": "Закрыта",
        "color": "#7a7777",
        "position": 999,
        "allowedActions": []
      }
    ],
    "transitions": [
      {
        "toPosition": 2,
        "fromPosition": 1
      },
      {
        "toPosition": 3,
        "fromPosition": 1
      },
      {
        "toPosition": 3,
        "fromPosition": 2
      },
      {
        "toPosition": 999,
        "fromPosition": 2
      }
    ],
    "plannedReactionTimeMinutes": 60,
    "plannedDurationMinutes": "1440",
    "createdAt": "2026-02-04T10:11:35.846Z",
    "updatedAt": "2026-02-08T12:49:49.376Z"
  },
  "bidTypeName": "Выдача оборудования без преднастройки и монтажа",
  "bidTypeStatuses": [
    {
      "name": "Открыта",
      "color": "#c75a5a",
      "position": 1,
      "allowedActions": [
        "edit"
      ],
      "responsibleRoleId": "14"
    },
    {
      "name": "Собрать",
      "color": "#3b82f6",
      "position": 2,
      "allowedActions": [
        "edit",
        "close"
      ],
      "responsibleRoleId": "3",
      "responsibleUserId": null
    },
    {
      "name": "Отложить",
      "color": "#eab308",
      "position": 3,
      "allowedActions": [],
      "responsibleUserId": null
    },
    {
      "name": "Закрыта",
      "color": "#7a7777",
      "position": 999,
      "allowedActions": []
    }
  ],
  "bidTypeResponsibleName": "Не указан",
  "currentResponsibleUserId": null,
  "clientResponsibleName": "Не указан",
  "creatorName": "Беляев Сергей",
  "createdAt": "2026-02-12T09:14:51.505Z",
  "updatedAt": "2026-02-12T09:14:51.505Z",
  "statusMetadata": {
    "responsibleSpecialist": null,
    "deadlines": {
      "processingTime": "5 рабочих дней",
      "deadline": "2026-02-17T10:36:02.905Z"
    },
    "necessaryActions": [
      "Редактирование заявки"
    ],
    "additionalResources": [
      "Общие ресурсы"
    ],
    "notifications": [
      "Стандартное уведомление"
    ]
  }
}

[2026-02-12T10:36:40.910Z] Отправка данных заявки ID: 12
{
  "clientId": 5,
  "clientName": "Уваровская Нива",
  "tema": "Тираж",
  "amount": 0,
  "status": "Открыта",
  "description": "",
  "clientObjectId": 5,
  "updNumber": null,
  "updDate": null,
  "contract": null,
  "workAddress": "",
  "bidType": {
    "id": 1,
    "name": "Выдача оборудования без преднастройки и монтажа",
    "description": "Выдача оборудования без преднастройки и монтажа",
    "statuses": [
      {
        "name": "Открыта",
        "color": "#c75a5a",
        "position": 1,
        "allowedActions": [
          "edit"
        ],
        "responsibleRoleId": "14"
      },
      {
        "name": "Собрать",
        "color": "#3b82f6",
        "position": 2,
        "allowedActions": [
          "edit",
          "close"
        ],
        "responsibleRoleId": "3",
        "responsibleUserId": null
      },
      {
        "name": "Отложить",
        "color": "#eab308",
        "position": 3,
        "allowedActions": [],
        "responsibleUserId": null
      },
      {
        "name": "Закрыта",
        "color": "#7a7777",
        "position": 999,
        "allowedActions": []
      }
    ],
    "transitions": [
      {
        "toPosition": 2,
        "fromPosition": 1
      },
      {
        "toPosition": 3,
        "fromPosition": 1
      },
      {
        "toPosition": 3,
        "fromPosition": 2
      },
      {
        "toPosition": 999,
        "fromPosition": 2
      }
    ],
    "plannedReactionTimeMinutes": 60,
    "plannedDurationMinutes": "1440",
    "createdAt": "2026-02-04T10:11:35.846Z",
    "updatedAt": "2026-02-08T12:49:49.376Z"
  },
  "bidTypeName": "Выдача оборудования без преднастройки и монтажа",
  "bidTypeStatuses": [
    {
      "name": "Открыта",
      "color": "#c75a5a",
      "position": 1,
      "allowedActions": [
        "edit"
      ],
      "responsibleRoleId": "14"
    },
    {
      "name": "Собрать",
      "color": "#3b82f6",
      "position": 2,
      "allowedActions": [
        "edit",
        "close"
      ],
      "responsibleRoleId": "3",
      "responsibleUserId": null
    },
    {
      "name": "Отложить",
      "color": "#eab308",
      "position": 3,
      "allowedActions": [],
      "responsibleUserId": null
    },
    {
      "name": "Закрыта",
      "color": "#7a7777",
      "position": 999,
      "allowedActions": []
    }
  ],
  "bidTypeResponsibleName": "Не указан",
  "currentResponsibleUserId": null,
  "clientResponsibleName": "Не указан",
  "creatorName": "Беляев Сергей",
  "createdAt": "2026-02-12T09:14:51.505Z",
  "updatedAt": "2026-02-12T09:14:51.505Z",
  "statusMetadata": {
    "responsibleSpecialist": null,
    "deadlines": {
      "processingTime": "5 рабочих дней",
      "deadline": "2026-02-17T10:36:40.909Z"
    },
    "necessaryActions": [
      "Редактирование заявки"
    ],
    "additionalResources": [
      "Общие ресурсы"
    ],
    "notifications": [
      "Стандартное уведомление"
    ]
  }
}

[2026-02-12T10:37:03.902Z] Отправка данных заявки ID: 12
{
  "clientId": 5,
  "clientName": "Уваровская Нива",
  "tema": "Тираж",
  "amount": 0,
  "status": "Открыта",
  "description": "",
  "clientObjectId": 5,
  "updNumber": null,
  "updDate": null,
  "contract": null,
  "workAddress": "",
  "bidType": {
    "id": 1,
    "name": "Выдача оборудования без преднастройки и монтажа",
    "description": "Выдача оборудования без преднастройки и монтажа",
    "statuses": [
      {
        "name": "Открыта",
        "color": "#c75a5a",
        "position": 1,
        "allowedActions": [
          "edit"
        ],
        "responsibleRoleId": "14"
      },
      {
        "name": "Собрать",
        "color": "#3b82f6",
        "position": 2,
        "allowedActions": [
          "edit",
          "close"
        ],
        "responsibleRoleId": "3",
        "responsibleUserId": null
      },
      {
        "name": "Отложить",
        "color": "#eab308",
        "position": 3,
        "allowedActions": [],
        "responsibleUserId": null
      },
      {
        "name": "Закрыта",
        "color": "#7a7777",
        "position": 999,
        "allowedActions": []
      }
    ],
    "transitions": [
      {
        "toPosition": 2,
        "fromPosition": 1
      },
      {
        "toPosition": 3,
        "fromPosition": 1
      },
      {
        "toPosition": 3,
        "fromPosition": 2
      },
      {
        "toPosition": 999,
        "fromPosition": 2
      }
    ],
    "plannedReactionTimeMinutes": 60,
    "plannedDurationMinutes": "1440",
    "createdAt": "2026-02-04T10:11:35.846Z",
    "updatedAt": "2026-02-08T12:49:49.376Z"
  },
  "bidTypeName": "Выдача оборудования без преднастройки и монтажа",
  "bidTypeStatuses": [
    {
      "name": "Открыта",
      "color": "#c75a5a",
      "position": 1,
      "allowedActions": [
        "edit"
      ],
      "responsibleRoleId": "14"
    },
    {
      "name": "Собрать",
      "color": "#3b82f6",
      "position": 2,
      "allowedActions": [
        "edit",
        "close"
      ],
      "responsibleRoleId": "3",
      "responsibleUserId": null
    },
    {
      "name": "Отложить",
      "color": "#eab308",
      "position": 3,
      "allowedActions": [],
      "responsibleUserId": null
    },
    {
      "name": "Закрыта",
      "color": "#7a7777",
      "position": 999,
      "allowedActions": []
    }
  ],
  "bidTypeResponsibleName": "Не указан",
  "currentResponsibleUserId": null,
  "clientResponsibleName": "Не указан",
  "creatorName": "Беляев Сергей",
  "createdAt": "2026-02-12T09:14:51.505Z",
  "updatedAt": "2026-02-12T09:14:51.505Z",
  "statusMetadata": {
    "responsibleSpecialist": null,
    "deadlines": {
      "processingTime": "5 рабочих дней",
      "deadline": "2026-02-17T10:37:03.902Z"
    },
    "necessaryActions": [
      "Редактирование заявки"
    ],
    "additionalResources": [
      "Общие ресурсы"
    ],
    "notifications": [
      "Стандартное уведомление"
    ]
  }
}

[2026-02-12T10:37:04.929Z] Отправка данных заявки ID: 12
{
  "clientId": 5,
  "clientName": "Уваровская Нива",
  "tema": "Тираж",
  "amount": 0,
  "status": "Открыта",
  "description": "",
  "clientObjectId": 5,
  "updNumber": null,
  "updDate": null,
  "contract": null,
  "workAddress": "",
  "bidType": {
    "id": 1,
    "name": "Выдача оборудования без преднастройки и монтажа",
    "description": "Выдача оборудования без преднастройки и монтажа",
    "statuses": [
      {
        "name": "Открыта",
        "color": "#c75a5a",
        "position": 1,
        "allowedActions": [
          "edit"
        ],
        "responsibleRoleId": "14"
      },
      {
        "name": "Собрать",
        "color": "#3b82f6",
        "position": 2,
        "allowedActions": [
          "edit",
          "close"
        ],
        "responsibleRoleId": "3",
        "responsibleUserId": null
      },
      {
        "name": "Отложить",
        "color": "#eab308",
        "position": 3,
        "allowedActions": [],
        "responsibleUserId": null
      },
      {
        "name": "Закрыта",
        "color": "#7a7777",
        "position": 999,
        "allowedActions": []
      }
    ],
    "transitions": [
      {
        "toPosition": 2,
        "fromPosition": 1
      },
      {
        "toPosition": 3,
        "fromPosition": 1
      },
      {
        "toPosition": 3,
        "fromPosition": 2
      },
      {
        "toPosition": 999,
        "fromPosition": 2
      }
    ],
    "plannedReactionTimeMinutes": 60,
    "plannedDurationMinutes": "1440",
    "createdAt": "2026-02-04T10:11:35.846Z",
    "updatedAt": "2026-02-08T12:49:49.376Z"
  },
  "bidTypeName": "Выдача оборудования без преднастройки и монтажа",
  "bidTypeStatuses": [
    {
      "name": "Открыта",
      "color": "#c75a5a",
      "position": 1,
      "allowedActions": [
        "edit"
      ],
      "responsibleRoleId": "14"
    },
    {
      "name": "Собрать",
      "color": "#3b82f6",
      "position": 2,
      "allowedActions": [
        "edit",
        "close"
      ],
      "responsibleRoleId": "3",
      "responsibleUserId": null
    },
    {
      "name": "Отложить",
      "color": "#eab308",
      "position": 3,
      "allowedActions": [],
      "responsibleUserId": null
    },
    {
      "name": "Закрыта",
      "color": "#7a7777",
      "position": 999,
      "allowedActions": []
    }
  ],
  "bidTypeResponsibleName": "Не указан",
  "currentResponsibleUserId": null,
  "clientResponsibleName": "Не указан",
  "creatorName": "Беляев Сергей",
  "createdAt": "2026-02-12T09:14:51.505Z",
  "updatedAt": "2026-02-12T09:14:51.505Z",
  "statusMetadata": {
    "responsibleSpecialist": null,
    "deadlines": {
      "processingTime": "5 рабочих дней",
      "deadline": "2026-02-17T10:37:04.928Z"
    },
    "necessaryActions": [
      "Редактирование заявки"
    ],
    "additionalResources": [
      "Общие ресурсы"
    ],
    "notifications": [
      "Стандартное уведомление"
    ]
  }
}

[2026-02-12T10:38:00.826Z] Отправка данных заявки ID: 12
{
  "clientId": 5,
  "clientName": "Уваровская Нива",
  "tema": "Тираж",
  "amount": 0,
  "status": "Открыта",
  "description": "",
  "clientObjectId": 5,
  "updNumber": null,
  "updDate": null,
  "contract": null,
  "workAddress": "",
  "bidType": {
    "id": 1,
    "name": "Выдача оборудования без преднастройки и монтажа",
    "description": "Выдача оборудования без преднастройки и монтажа",
    "statuses": [
      {
        "name": "Открыта",
        "color": "#c75a5a",
        "position": 1,
        "allowedActions": [
          "edit"
        ],
        "responsibleRoleId": "14"
      },
      {
        "name": "Собрать",
        "color": "#3b82f6",
        "position": 2,
        "allowedActions": [
          "edit",
          "close"
        ],
        "responsibleRoleId": "3",
        "responsibleUserId": null
      },
      {
        "name": "Отложить",
        "color": "#eab308",
        "position": 3,
        "allowedActions": [],
        "responsibleUserId": null
      },
      {
        "name": "Закрыта",
        "color": "#7a7777",
        "position": 999,
        "allowedActions": []
      }
    ],
    "transitions": [
      {
        "toPosition": 2,
        "fromPosition": 1
      },
      {
        "toPosition": 3,
        "fromPosition": 1
      },
      {
        "toPosition": 3,
        "fromPosition": 2
      },
      {
        "toPosition": 999,
        "fromPosition": 2
      }
    ],
    "plannedReactionTimeMinutes": 60,
    "plannedDurationMinutes": "1440",
    "createdAt": "2026-02-04T10:11:35.846Z",
    "updatedAt": "2026-02-08T12:49:49.376Z"
  },
  "bidTypeName": "Выдача оборудования без преднастройки и монтажа",
  "bidTypeStatuses": [
    {
      "name": "Открыта",
      "color": "#c75a5a",
      "position": 1,
      "allowedActions": [
        "edit"
      ],
      "responsibleRoleId": "14"
    },
    {
      "name": "Собрать",
      "color": "#3b82f6",
      "position": 2,
      "allowedActions": [
        "edit",
        "close"
      ],
      "responsibleRoleId": "3",
      "responsibleUserId": null
    },
    {
      "name": "Отложить",
      "color": "#eab308",
      "position": 3,
      "allowedActions": [],
      "responsibleUserId": null
    },
    {
      "name": "Закрыта",
      "color": "#7a7777",
      "position": 999,
      "allowedActions": []
    }
  ],
  "bidTypeResponsibleName": "Не указан",
  "currentResponsibleUserId": null,
  "clientResponsibleName": "Не указан",
  "creatorName": "Беляев Сергей",
  "createdAt": "2026-02-12T09:14:51.505Z",
  "updatedAt": "2026-02-12T09:14:51.505Z",
  "statusMetadata": {
    "responsibleSpecialist": null,
    "deadlines": {
      "processingTime": "5 рабочих дней",
      "deadline": "2026-02-17T10:38:00.826Z"
    },
    "necessaryActions": [
      "Редактирование заявки"
    ],
    "additionalResources": [
      "Общие ресурсы"
    ],
    "notifications": [
      "Стандартное уведомление"
    ]
  }
}

[2026-02-12T10:41:24.024Z] Отправка данных заявки ID: 12
{
  "clientId": 5,
  "clientName": "Уваровская Нива",
  "tema": "Тираж",
  "amount": 0,
  "status": "Открыта",
  "description": "",
  "clientObjectId": 5,
  "updNumber": null,
  "updDate": null,
  "contract": null,
  "workAddress": "",
  "bidType": {
    "id": 1,
    "name": "Выдача оборудования без преднастройки и монтажа",
    "description": "Выдача оборудования без преднастройки и монтажа",
    "statuses": [
      {
        "name": "Открыта",
        "color": "#c75a5a",
        "position": 1,
        "allowedActions": [
          "edit"
        ],
        "responsibleRoleId": "14"
      },
      {
        "name": "Собрать",
        "color": "#3b82f6",
        "position": 2,
        "allowedActions": [
          "edit",
          "close"
        ],
        "responsibleRoleId": "3",
        "responsibleUserId": null
      },
      {
        "name": "Отложить",
        "color": "#eab308",
        "position": 3,
        "allowedActions": [],
        "responsibleUserId": null
      },
      {
        "name": "Закрыта",
        "color": "#7a7777",
        "position": 999,
        "allowedActions": []
      }
    ],
    "transitions": [
      {
        "toPosition": 2,
        "fromPosition": 1
      },
      {
        "toPosition": 3,
        "fromPosition": 1
      },
      {
        "toPosition": 3,
        "fromPosition": 2
      },
      {
        "toPosition": 999,
        "fromPosition": 2
      }
    ],
    "plannedReactionTimeMinutes": 60,
    "plannedDurationMinutes": "1440",
    "createdAt": "2026-02-04T10:11:35.846Z",
    "updatedAt": "2026-02-08T12:49:49.376Z"
  },
  "bidTypeName": "Выдача оборудования без преднастройки и монтажа",
  "bidTypeStatuses": [
    {
      "name": "Открыта",
      "color": "#c75a5a",
      "position": 1,
      "allowedActions": [
        "edit"
      ],
      "responsibleRoleId": "14"
    },
    {
      "name": "Собрать",
      "color": "#3b82f6",
      "position": 2,
      "allowedActions": [
        "edit",
        "close"
      ],
      "responsibleRoleId": "3",
      "responsibleUserId": null
    },
    {
      "name": "Отложить",
      "color": "#eab308",
      "position": 3,
      "allowedActions": [],
      "responsibleUserId": null
    },
    {
      "name": "Закрыта",
      "color": "#7a7777",
      "position": 999,
      "allowedActions": []
    }
  ],
  "bidTypeResponsibleName": "Не указан",
  "currentResponsibleUserId": null,
  "clientResponsibleName": "Не указан",
  "creatorName": "Беляев Сергей",
  "createdAt": "2026-02-12T09:14:51.505Z",
  "updatedAt": "2026-02-12T09:14:51.505Z",
  "statusMetadata": {
    "responsibleSpecialist": null,
    "deadlines": {
      "processingTime": "5 рабочих дней",
      "deadline": "2026-02-17T10:41:24.024Z"
    },
    "necessaryActions": [
      "Редактирование заявки"
    ],
    "additionalResources": [
      "Общие ресурсы"
    ],
    "notifications": [
      "Стандартное уведомление"
    ]
  }
}

[2026-02-12T10:41:25.027Z] Отправка данных заявки ID: 12
{
  "clientId": 5,
  "clientName": "Уваровская Нива",
  "tema": "Тираж",
  "amount": 0,
  "status": "Открыта",
  "description": "",
  "clientObjectId": 5,
  "updNumber": null,
  "updDate": null,
  "contract": null,
  "workAddress": "",
  "bidType": {
    "id": 1,
    "name": "Выдача оборудования без преднастройки и монтажа",
    "description": "Выдача оборудования без преднастройки и монтажа",
    "statuses": [
      {
        "name": "Открыта",
        "color": "#c75a5a",
        "position": 1,
        "allowedActions": [
          "edit"
        ],
        "responsibleRoleId": "14"
      },
      {
        "name": "Собрать",
        "color": "#3b82f6",
        "position": 2,
        "allowedActions": [
          "edit",
          "close"
        ],
        "responsibleRoleId": "3",
        "responsibleUserId": null
      },
      {
        "name": "Отложить",
        "color": "#eab308",
        "position": 3,
        "allowedActions": [],
        "responsibleUserId": null
      },
      {
        "name": "Закрыта",
        "color": "#7a7777",
        "position": 999,
        "allowedActions": []
      }
    ],
    "transitions": [
      {
        "toPosition": 2,
        "fromPosition": 1
      },
      {
        "toPosition": 3,
        "fromPosition": 1
      },
      {
        "toPosition": 3,
        "fromPosition": 2
      },
      {
        "toPosition": 999,
        "fromPosition": 2
      }
    ],
    "plannedReactionTimeMinutes": 60,
    "plannedDurationMinutes": "1440",
    "createdAt": "2026-02-04T10:11:35.846Z",
    "updatedAt": "2026-02-08T12:49:49.376Z"
  },
  "bidTypeName": "Выдача оборудования без преднастройки и монтажа",
  "bidTypeStatuses": [
    {
      "name": "Открыта",
      "color": "#c75a5a",
      "position": 1,
      "allowedActions": [
        "edit"
      ],
      "responsibleRoleId": "14"
    },
    {
      "name": "Собрать",
      "color": "#3b82f6",
      "position": 2,
      "allowedActions": [
        "edit",
        "close"
      ],
      "responsibleRoleId": "3",
      "responsibleUserId": null
    },
    {
      "name": "Отложить",
      "color": "#eab308",
      "position": 3,
      "allowedActions": [],
      "responsibleUserId": null
    },
    {
      "name": "Закрыта",
      "color": "#7a7777",
      "position": 999,
      "allowedActions": []
    }
  ],
  "bidTypeResponsibleName": "Не указан",
  "currentResponsibleUserId": null,
  "clientResponsibleName": "Не указан",
  "creatorName": "Беляев Сергей",
  "createdAt": "2026-02-12T09:14:51.505Z",
  "updatedAt": "2026-02-12T09:14:51.505Z",
  "statusMetadata": {
    "responsibleSpecialist": null,
    "deadlines": {
      "processingTime": "5 рабочих дней",
      "deadline": "2026-02-17T10:41:25.026Z"
    },
    "necessaryActions": [
      "Редактирование заявки"
    ],
    "additionalResources": [
      "Общие ресурсы"
    ],
    "notifications": [
      "Стандартное уведомление"
    ]
  }
}

[2026-02-12T10:47:16.918Z] Отправка данных заявки ID: 12
{
  "clientId": 5,
  "clientName": "Уваровская Нива",
  "tema": "Тираж",
  "amount": 0,
  "status": "Открыта",
  "description": "",
  "clientObjectId": 5,
  "updNumber": null,
  "updDate": null,
  "contract": null,
  "workAddress": "",
  "bidType": {
    "id": 1,
    "name": "Выдача оборудования без преднастройки и монтажа",
    "description": "Выдача оборудования без преднастройки и монтажа",
    "statuses": [
      {
        "name": "Открыта",
        "color": "#c75a5a",
        "position": 1,
        "allowedActions": [
          "edit"
        ],
        "responsibleRoleId": "14"
      },
      {
        "name": "Собрать",
        "color": "#3b82f6",
        "position": 2,
        "allowedActions": [
          "edit",
          "close"
        ],
        "responsibleRoleId": "3",
        "responsibleUserId": null
      },
      {
        "name": "Отложить",
        "color": "#eab308",
        "position": 3,
        "allowedActions": [],
        "responsibleUserId": null
      },
      {
        "name": "Закрыта",
        "color": "#7a7777",
        "position": 999,
        "allowedActions": []
      }
    ],
    "transitions": [
      {
        "toPosition": 2,
        "fromPosition": 1
      },
      {
        "toPosition": 3,
        "fromPosition": 1
      },
      {
        "toPosition": 3,
        "fromPosition": 2
      },
      {
        "toPosition": 999,
        "fromPosition": 2
      }
    ],
    "plannedReactionTimeMinutes": 60,
    "plannedDurationMinutes": "1440",
    "createdAt": "2026-02-04T10:11:35.846Z",
    "updatedAt": "2026-02-08T12:49:49.376Z"
  },
  "bidTypeName": "Выдача оборудования без преднастройки и монтажа",
  "bidTypeStatuses": [
    {
      "name": "Открыта",
      "color": "#c75a5a",
      "position": 1,
      "allowedActions": [
        "edit"
      ],
      "responsibleRoleId": "14"
    },
    {
      "name": "Собрать",
      "color": "#3b82f6",
      "position": 2,
      "allowedActions": [
        "edit",
        "close"
      ],
      "responsibleRoleId": "3",
      "responsibleUserId": null
    },
    {
      "name": "Отложить",
      "color": "#eab308",
      "position": 3,
      "allowedActions": [],
      "responsibleUserId": null
    },
    {
      "name": "Закрыта",
      "color": "#7a7777",
      "position": 999,
      "allowedActions": []
    }
  ],
  "bidTypeResponsibleName": "Не указан",
  "currentResponsibleUserId": null,
  "clientResponsibleName": "Не указан",
  "creatorName": "Беляев Сергей",
  "createdAt": "2026-02-12T09:14:51.505Z",
  "updatedAt": "2026-02-12T09:14:51.505Z",
  "statusMetadata": {
    "responsibleSpecialist": null,
    "deadlines": {
      "processingTime": "5 рабочих дней",
      "deadline": "2026-02-17T10:47:16.917Z"
    },
    "necessaryActions": [
      "Редактирование заявки"
    ],
    "additionalResources": [
      "Общие ресурсы"
    ],
    "notifications": [
      "Стандартное уведомление"
    ]
  }
}

[2026-02-12T10:47:17.807Z] Отправка данных заявки ID: 12
{
  "clientId": 5,
  "clientName": "Уваровская Нива",
  "tema": "Тираж",
  "amount": 0,
  "status": "Открыта",
  "description": "",
  "clientObjectId": 5,
  "updNumber": null,
  "updDate": null,
  "contract": null,
  "workAddress": "",
  "bidType": {
    "id": 1,
    "name": "Выдача оборудования без преднастройки и монтажа",
    "description": "Выдача оборудования без преднастройки и монтажа",
    "statuses": [
      {
        "name": "Открыта",
        "color": "#c75a5a",
        "position": 1,
        "allowedActions": [
          "edit"
        ],
        "responsibleRoleId": "14"
      },
      {
        "name": "Собрать",
        "color": "#3b82f6",
        "position": 2,
        "allowedActions": [
          "edit",
          "close"
        ],
        "responsibleRoleId": "3",
        "responsibleUserId": null
      },
      {
        "name": "Отложить",
        "color": "#eab308",
        "position": 3,
        "allowedActions": [],
        "responsibleUserId": null
      },
      {
        "name": "Закрыта",
        "color": "#7a7777",
        "position": 999,
        "allowedActions": []
      }
    ],
    "transitions": [
      {
        "toPosition": 2,
        "fromPosition": 1
      },
      {
        "toPosition": 3,
        "fromPosition": 1
      },
      {
        "toPosition": 3,
        "fromPosition": 2
      },
      {
        "toPosition": 999,
        "fromPosition": 2
      }
    ],
    "plannedReactionTimeMinutes": 60,
    "plannedDurationMinutes": "1440",
    "createdAt": "2026-02-04T10:11:35.846Z",
    "updatedAt": "2026-02-08T12:49:49.376Z"
  },
  "bidTypeName": "Выдача оборудования без преднастройки и монтажа",
  "bidTypeStatuses": [
    {
      "name": "Открыта",
      "color": "#c75a5a",
      "position": 1,
      "allowedActions": [
        "edit"
      ],
      "responsibleRoleId": "14"
    },
    {
      "name": "Собрать",
      "color": "#3b82f6",
      "position": 2,
      "allowedActions": [
        "edit",
        "close"
      ],
      "responsibleRoleId": "3",
      "responsibleUserId": null
    },
    {
      "name": "Отложить",
      "color": "#eab308",
      "position": 3,
      "allowedActions": [],
      "responsibleUserId": null
    },
    {
      "name": "Закрыта",
      "color": "#7a7777",
      "position": 999,
      "allowedActions": []
    }
  ],
  "bidTypeResponsibleName": "Не указан",
  "currentResponsibleUserId": null,
  "clientResponsibleName": "Не указан",
  "creatorName": "Беляев Сергей",
  "createdAt": "2026-02-12T09:14:51.505Z",
  "updatedAt": "2026-02-12T09:14:51.505Z",
  "statusMetadata": {
    "responsibleSpecialist": null,
    "deadlines": {
      "processingTime": "5 рабочих дней",
      "deadline": "2026-02-17T10:47:17.806Z"
    },
    "necessaryActions": [
      "Редактирование заявки"
    ],
    "additionalResources": [
      "Общие ресурсы"
    ],
    "notifications": [
      "Стандартное уведомление"
    ]
  }
}

[2026-02-12T10:49:46.929Z] Отправка данных заявки ID: 12
{
  "clientId": 5,
  "clientName": "Уваровская Нива",
  "tema": "Тираж",
  "amount": 0,
  "status": "Открыта",
  "description": "",
  "clientObjectId": 5,
  "updNumber": null,
  "updDate": null,
  "contract": null,
  "workAddress": "",
  "bidType": {
    "id": 1,
    "name": "Выдача оборудования без преднастройки и монтажа",
    "description": "Выдача оборудования без преднастройки и монтажа",
    "statuses": [
      {
        "name": "Открыта",
        "color": "#c75a5a",
        "position": 1,
        "allowedActions": [
          "edit"
        ],
        "responsibleRoleId": "14"
      },
      {
        "name": "Собрать",
        "color": "#3b82f6",
        "position": 2,
        "allowedActions": [
          "edit",
          "close"
        ],
        "responsibleRoleId": "3",
        "responsibleUserId": null
      },
      {
        "name": "Отложить",
        "color": "#eab308",
        "position": 3,
        "allowedActions": [],
        "responsibleUserId": null
      },
      {
        "name": "Закрыта",
        "color": "#7a7777",
        "position": 999,
        "allowedActions": []
      }
    ],
    "transitions": [
      {
        "toPosition": 2,
        "fromPosition": 1
      },
      {
        "toPosition": 3,
        "fromPosition": 1
      },
      {
        "toPosition": 3,
        "fromPosition": 2
      },
      {
        "toPosition": 999,
        "fromPosition": 2
      }
    ],
    "plannedReactionTimeMinutes": 60,
    "plannedDurationMinutes": "1440",
    "createdAt": "2026-02-04T10:11:35.846Z",
    "updatedAt": "2026-02-08T12:49:49.376Z"
  },
  "bidTypeName": "Выдача оборудования без преднастройки и монтажа",
  "bidTypeStatuses": [
    {
      "name": "Открыта",
      "color": "#c75a5a",
      "position": 1,
      "allowedActions": [
        "edit"
      ],
      "responsibleRoleId": "14"
    },
    {
      "name": "Собрать",
      "color": "#3b82f6",
      "position": 2,
      "allowedActions": [
        "edit",
        "close"
      ],
      "responsibleRoleId": "3",
      "responsibleUserId": null
    },
    {
      "name": "Отложить",
      "color": "#eab308",
      "position": 3,
      "allowedActions": [],
      "responsibleUserId": null
    },
    {
      "name": "Закрыта",
      "color": "#7a7777",
      "position": 999,
      "allowedActions": []
    }
  ],
  "bidTypeResponsibleName": "Не указан",
  "currentResponsibleUserId": null,
  "clientResponsibleName": "Не указан",
  "creatorName": "Беляев Сергей",
  "createdAt": "2026-02-12T09:14:51.505Z",
  "updatedAt": "2026-02-12T09:14:51.505Z",
  "statusMetadata": {
    "responsibleSpecialist": null,
    "deadlines": {
      "processingTime": "5 рабочих дней",
      "deadline": "2026-02-17T10:49:46.928Z"
    },
    "necessaryActions": [
      "Редактирование заявки"
    ],
    "additionalResources": [
      "Общие ресурсы"
    ],
    "notifications": [
      "Стандартное уведомление"
    ]
  }
}

[2026-02-12T10:52:05.476Z] Отправка данных заявки ID: 12
{
  "clientId": 5,
  "clientName": "Уваровская Нива",
  "tema": "Тираж",
  "amount": 0,
  "status": "Открыта",
  "description": "",
  "clientObjectId": 5,
  "updNumber": null,
  "updDate": null,
  "contract": null,
  "workAddress": "",
  "bidType": {
    "id": 1,
    "name": "Выдача оборудования без преднастройки и монтажа",
    "description": "Выдача оборудования без преднастройки и монтажа",
    "statuses": [
      {
        "name": "Открыта",
        "color": "#c75a5a",
        "position": 1,
        "allowedActions": [
          "edit"
        ],
        "responsibleRoleId": "14"
      },
      {
        "name": "Собрать",
        "color": "#3b82f6",
        "position": 2,
        "allowedActions": [
          "edit",
          "close"
        ],
        "responsibleRoleId": "3",
        "responsibleUserId": null
      },
      {
        "name": "Отложить",
        "color": "#eab308",
        "position": 3,
        "allowedActions": [],
        "responsibleUserId": null
      },
      {
        "name": "Закрыта",
        "color": "#7a7777",
        "position": 999,
        "allowedActions": []
      }
    ],
    "transitions": [
      {
        "toPosition": 2,
        "fromPosition": 1
      },
      {
        "toPosition": 3,
        "fromPosition": 1
      },
      {
        "toPosition": 3,
        "fromPosition": 2
      },
      {
        "toPosition": 999,
        "fromPosition": 2
      }
    ],
    "plannedReactionTimeMinutes": 60,
    "plannedDurationMinutes": "1440",
    "createdAt": "2026-02-04T10:11:35.846Z",
    "updatedAt": "2026-02-08T12:49:49.376Z"
  },
  "bidTypeName": "Выдача оборудования без преднастройки и монтажа",
  "bidTypeStatuses": [
    {
      "name": "Открыта",
      "color": "#c75a5a",
      "position": 1,
      "allowedActions": [
        "edit"
      ],
      "responsibleRoleId": "14"
    },
    {
      "name": "Собрать",
      "color": "#3b82f6",
      "position": 2,
      "allowedActions": [
        "edit",
        "close"
      ],
      "responsibleRoleId": "3",
      "responsibleUserId": null
    },
    {
      "name": "Отложить",
      "color": "#eab308",
      "position": 3,
      "allowedActions": [],
      "responsibleUserId": null
    },
    {
      "name": "Закрыта",
      "color": "#7a7777",
      "position": 999,
      "allowedActions": []
    }
  ],
  "bidTypeResponsibleName": "Не указан",
  "currentResponsibleUserId": null,
  "clientResponsibleName": "Не указан",
  "creatorName": "Беляев Сергей",
  "createdAt": "2026-02-12T09:14:51.505Z",
  "updatedAt": "2026-02-12T09:14:51.505Z",
  "statusMetadata": {
    "responsibleSpecialist": null,
    "deadlines": {
      "processingTime": "5 рабочих дней",
      "deadline": "2026-02-17T10:52:05.476Z"
    },
    "necessaryActions": [
      "Редактирование заявки"
    ],
    "additionalResources": [
      "Общие ресурсы"
    ],
    "notifications": [
      "Стандартное уведомление"
    ]
  }
}

[2026-02-12T10:52:06.470Z] Отправка данных заявки ID: 12
{
  "clientId": 5,
  "clientName": "Уваровская Нива",
  "tema": "Тираж",
  "amount": 0,
  "status": "Открыта",
  "description": "",
  "clientObjectId": 5,
  "updNumber": null,
  "updDate": null,
  "contract": null,
  "workAddress": "",
  "bidType": {
    "id": 1,
    "name": "Выдача оборудования без преднастройки и монтажа",
    "description": "Выдача оборудования без преднастройки и монтажа",
    "statuses": [
      {
        "name": "Открыта",
        "color": "#c75a5a",
        "position": 1,
        "allowedActions": [
          "edit"
        ],
        "responsibleRoleId": "14"
      },
      {
        "name": "Собрать",
        "color": "#3b82f6",
        "position": 2,
        "allowedActions": [
          "edit",
          "close"
        ],
        "responsibleRoleId": "3",
        "responsibleUserId": null
      },
      {
        "name": "Отложить",
        "color": "#eab308",
        "position": 3,
        "allowedActions": [],
        "responsibleUserId": null
      },
      {
        "name": "Закрыта",
        "color": "#7a7777",
        "position": 999,
        "allowedActions": []
      }
    ],
    "transitions": [
      {
        "toPosition": 2,
        "fromPosition": 1
      },
      {
        "toPosition": 3,
        "fromPosition": 1
      },
      {
        "toPosition": 3,
        "fromPosition": 2
      },
      {
        "toPosition": 999,
        "fromPosition": 2
      }
    ],
    "plannedReactionTimeMinutes": 60,
    "plannedDurationMinutes": "1440",
    "createdAt": "2026-02-04T10:11:35.846Z",
    "updatedAt": "2026-02-08T12:49:49.376Z"
  },
  "bidTypeName": "Выдача оборудования без преднастройки и монтажа",
  "bidTypeStatuses": [
    {
      "name": "Открыта",
      "color": "#c75a5a",
      "position": 1,
      "allowedActions": [
        "edit"
      ],
      "responsibleRoleId": "14"
    },
    {
      "name": "Собрать",
      "color": "#3b82f6",
      "position": 2,
      "allowedActions": [
        "edit",
        "close"
      ],
      "responsibleRoleId": "3",
      "responsibleUserId": null
    },
    {
      "name": "Отложить",
      "color": "#eab308",
      "position": 3,
      "allowedActions": [],
      "responsibleUserId": null
    },
    {
      "name": "Закрыта",
      "color": "#7a7777",
      "position": 999,
      "allowedActions": []
    }
  ],
  "bidTypeResponsibleName": "Не указан",
  "currentResponsibleUserId": null,
  "clientResponsibleName": "Не указан",
  "creatorName": "Беляев Сергей",
  "createdAt": "2026-02-12T09:14:51.505Z",
  "updatedAt": "2026-02-12T09:14:51.505Z",
  "statusMetadata": {
    "responsibleSpecialist": null,
    "deadlines": {
      "processingTime": "5 рабочих дней",
      "deadline": "2026-02-17T10:52:06.469Z"
    },
    "necessaryActions": [
      "Редактирование заявки"
    ],
    "additionalResources": [
      "Общие ресурсы"
    ],
    "notifications": [
      "Стандартное уведомление"
    ]
  }
}

[2026-02-12T10:54:07.755Z] Отправка данных заявки ID: 12
{
  "clientId": 5,
  "clientName": "Уваровская Нива",
  "tema": "Тираж",
  "amount": 0,
  "status": "Открыта",
  "description": "",
  "clientObjectId": 5,
  "updNumber": null,
  "updDate": null,
  "contract": null,
  "workAddress": "",
  "bidType": {
    "id": 1,
    "name": "Выдача оборудования без преднастройки и монтажа",
    "description": "Выдача оборудования без преднастройки и монтажа",
    "statuses": [
      {
        "name": "Открыта",
        "color": "#c75a5a",
        "position": 1,
        "allowedActions": [
          "edit"
        ],
        "responsibleRoleId": "14"
      },
      {
        "name": "Собрать",
        "color": "#3b82f6",
        "position": 2,
        "allowedActions": [
          "edit",
          "close"
        ],
        "responsibleRoleId": "3",
        "responsibleUserId": null
      },
      {
        "name": "Отложить",
        "color": "#eab308",
        "position": 3,
        "allowedActions": [],
        "responsibleUserId": null
      },
      {
        "name": "Закрыта",
        "color": "#7a7777",
        "position": 999,
        "allowedActions": []
      }
    ],
    "transitions": [
      {
        "toPosition": 2,
        "fromPosition": 1
      },
      {
        "toPosition": 3,
        "fromPosition": 1
      },
      {
        "toPosition": 3,
        "fromPosition": 2
      },
      {
        "toPosition": 999,
        "fromPosition": 2
      }
    ],
    "plannedReactionTimeMinutes": 60,
    "plannedDurationMinutes": "1440",
    "createdAt": "2026-02-04T10:11:35.846Z",
    "updatedAt": "2026-02-08T12:49:49.376Z"
  },
  "bidTypeName": "Выдача оборудования без преднастройки и монтажа",
  "bidTypeStatuses": [
    {
      "name": "Открыта",
      "color": "#c75a5a",
      "position": 1,
      "allowedActions": [
        "edit"
      ],
      "responsibleRoleId": "14"
    },
    {
      "name": "Собрать",
      "color": "#3b82f6",
      "position": 2,
      "allowedActions": [
        "edit",
        "close"
      ],
      "responsibleRoleId": "3",
      "responsibleUserId": null
    },
    {
      "name": "Отложить",
      "color": "#eab308",
      "position": 3,
      "allowedActions": [],
      "responsibleUserId": null
    },
    {
      "name": "Закрыта",
      "color": "#7a7777",
      "position": 999,
      "allowedActions": []
    }
  ],
  "bidTypeResponsibleName": "Не указан",
  "currentResponsibleUserId": null,
  "clientResponsibleName": "Не указан",
  "creatorName": "Беляев Сергей",
  "createdAt": "2026-02-12T09:14:51.505Z",
  "updatedAt": "2026-02-12T09:14:51.505Z",
  "statusMetadata": {
    "responsibleSpecialist": null,
    "deadlines": {
      "processingTime": "5 рабочих дней",
      "deadline": "2026-02-17T10:54:07.755Z"
    },
    "necessaryActions": [
      "Редактирование заявки"
    ],
    "additionalResources": [
      "Общие ресурсы"
    ],
    "notifications": [
      "Стандартное уведомление"
    ]
  }
}

[2026-02-12T10:54:08.783Z] Отправка данных заявки ID: 12
{
  "clientId": 5,
  "clientName": "Уваровская Нива",
  "tema": "Тираж",
  "amount": 0,
  "status": "Открыта",
  "description": "",
  "clientObjectId": 5,
  "updNumber": null,
  "updDate": null,
  "contract": null,
  "workAddress": "",
  "bidType": {
    "id": 1,
    "name": "Выдача оборудования без преднастройки и монтажа",
    "description": "Выдача оборудования без преднастройки и монтажа",
    "statuses": [
      {
        "name": "Открыта",
        "color": "#c75a5a",
        "position": 1,
        "allowedActions": [
          "edit"
        ],
        "responsibleRoleId": "14"
      },
      {
        "name": "Собрать",
        "color": "#3b82f6",
        "position": 2,
        "allowedActions": [
          "edit",
          "close"
        ],
        "responsibleRoleId": "3",
        "responsibleUserId": null
      },
      {
        "name": "Отложить",
        "color": "#eab308",
        "position": 3,
        "allowedActions": [],
        "responsibleUserId": null
      },
      {
        "name": "Закрыта",
        "color": "#7a7777",
        "position": 999,
        "allowedActions": []
      }
    ],
    "transitions": [
      {
        "toPosition": 2,
        "fromPosition": 1
      },
      {
        "toPosition": 3,
        "fromPosition": 1
      },
      {
        "toPosition": 3,
        "fromPosition": 2
      },
      {
        "toPosition": 999,
        "fromPosition": 2
      }
    ],
    "plannedReactionTimeMinutes": 60,
    "plannedDurationMinutes": "1440",
    "createdAt": "2026-02-04T10:11:35.846Z",
    "updatedAt": "2026-02-08T12:49:49.376Z"
  },
  "bidTypeName": "Выдача оборудования без преднастройки и монтажа",
  "bidTypeStatuses": [
    {
      "name": "Открыта",
      "color": "#c75a5a",
      "position": 1,
      "allowedActions": [
        "edit"
      ],
      "responsibleRoleId": "14"
    },
    {
      "name": "Собрать",
      "color": "#3b82f6",
      "position": 2,
      "allowedActions": [
        "edit",
        "close"
      ],
      "responsibleRoleId": "3",
      "responsibleUserId": null
    },
    {
      "name": "Отложить",
      "color": "#eab308",
      "position": 3,
      "allowedActions": [],
      "responsibleUserId": null
    },
    {
      "name": "Закрыта",
      "color": "#7a7777",
      "position": 999,
      "allowedActions": []
    }
  ],
  "bidTypeResponsibleName": "Не указан",
  "currentResponsibleUserId": null,
  "clientResponsibleName": "Не указан",
  "creatorName": "Беляев Сергей",
  "createdAt": "2026-02-12T09:14:51.505Z",
  "updatedAt": "2026-02-12T09:14:51.505Z",
  "statusMetadata": {
    "responsibleSpecialist": null,
    "deadlines": {
      "processingTime": "5 рабочих дней",
      "deadline": "2026-02-17T10:54:08.782Z"
    },
    "necessaryActions": [
      "Редактирование заявки"
    ],
    "additionalResources": [
      "Общие ресурсы"
    ],
    "notifications": [
      "Стандартное уведомление"
    ]
  }
}

[2026-02-12T10:54:27.362Z] Отправка данных заявки ID: 12
{
  "clientId": 5,
  "clientName": "Уваровская Нива",
  "tema": "Тираж",
  "amount": 0,
  "status": "Открыта",
  "description": "",
  "clientObjectId": 5,
  "updNumber": null,
  "updDate": null,
  "contract": null,
  "workAddress": "",
  "bidType": {
    "id": 1,
    "name": "Выдача оборудования без преднастройки и монтажа",
    "description": "Выдача оборудования без преднастройки и монтажа",
    "statuses": [
      {
        "name": "Открыта",
        "color": "#c75a5a",
        "position": 1,
        "allowedActions": [
          "edit"
        ],
        "responsibleRoleId": "14"
      },
      {
        "name": "Собрать",
        "color": "#3b82f6",
        "position": 2,
        "allowedActions": [
          "edit",
          "close"
        ],
        "responsibleRoleId": "3",
        "responsibleUserId": null
      },
      {
        "name": "Отложить",
        "color": "#eab308",
        "position": 3,
        "allowedActions": [],
        "responsibleUserId": null
      },
      {
        "name": "Закрыта",
        "color": "#7a7777",
        "position": 999,
        "allowedActions": []
      }
    ],
    "transitions": [
      {
        "toPosition": 2,
        "fromPosition": 1
      },
      {
        "toPosition": 3,
        "fromPosition": 1
      },
      {
        "toPosition": 3,
        "fromPosition": 2
      },
      {
        "toPosition": 999,
        "fromPosition": 2
      }
    ],
    "plannedReactionTimeMinutes": 60,
    "plannedDurationMinutes": "1440",
    "createdAt": "2026-02-04T10:11:35.846Z",
    "updatedAt": "2026-02-08T12:49:49.376Z"
  },
  "bidTypeName": "Выдача оборудования без преднастройки и монтажа",
  "bidTypeStatuses": [
    {
      "name": "Открыта",
      "color": "#c75a5a",
      "position": 1,
      "allowedActions": [
        "edit"
      ],
      "responsibleRoleId": "14"
    },
    {
      "name": "Собрать",
      "color": "#3b82f6",
      "position": 2,
      "allowedActions": [
        "edit",
        "close"
      ],
      "responsibleRoleId": "3",
      "responsibleUserId": null
    },
    {
      "name": "Отложить",
      "color": "#eab308",
      "position": 3,
      "allowedActions": [],
      "responsibleUserId": null
    },
    {
      "name": "Закрыта",
      "color": "#7a7777",
      "position": 999,
      "allowedActions": []
    }
  ],
  "bidTypeResponsibleName": "Не указан",
  "currentResponsibleUserId": null,
  "clientResponsibleName": "Не указан",
  "creatorName": "Беляев Сергей",
  "createdAt": "2026-02-12T09:14:51.505Z",
  "updatedAt": "2026-02-12T09:14:51.505Z",
  "statusMetadata": {
    "responsibleSpecialist": null,
    "deadlines": {
      "processingTime": "5 рабочих дней",
      "deadline": "2026-02-17T10:54:27.361Z"
    },
    "necessaryActions": [
      "Редактирование заявки"
    ],
    "additionalResources": [
      "Общие ресурсы"
    ],
    "notifications": [
      "Стандартное уведомление"
    ]
  }
}

[2026-02-12T10:54:28.327Z] Отправка данных заявки ID: 12
{
  "clientId": 5,
  "clientName": "Уваровская Нива",
  "tema": "Тираж",
  "amount": 0,
  "status": "Открыта",
  "description": "",
  "clientObjectId": 5,
  "updNumber": null,
  "updDate": null,
  "contract": null,
  "workAddress": "",
  "bidType": {
    "id": 1,
    "name": "Выдача оборудования без преднастройки и монтажа",
    "description": "Выдача оборудования без преднастройки и монтажа",
    "statuses": [
      {
        "name": "Открыта",
        "color": "#c75a5a",
        "position": 1,
        "allowedActions": [
          "edit"
        ],
        "responsibleRoleId": "14"
      },
      {
        "name": "Собрать",
        "color": "#3b82f6",
        "position": 2,
        "allowedActions": [
          "edit",
          "close"
        ],
        "responsibleRoleId": "3",
        "responsibleUserId": null
      },
      {
        "name": "Отложить",
        "color": "#eab308",
        "position": 3,
        "allowedActions": [],
        "responsibleUserId": null
      },
      {
        "name": "Закрыта",
        "color": "#7a7777",
        "position": 999,
        "allowedActions": []
      }
    ],
    "transitions": [
      {
        "toPosition": 2,
        "fromPosition": 1
      },
      {
        "toPosition": 3,
        "fromPosition": 1
      },
      {
        "toPosition": 3,
        "fromPosition": 2
      },
      {
        "toPosition": 999,
        "fromPosition": 2
      }
    ],
    "plannedReactionTimeMinutes": 60,
    "plannedDurationMinutes": "1440",
    "createdAt": "2026-02-04T10:11:35.846Z",
    "updatedAt": "2026-02-08T12:49:49.376Z"
  },
  "bidTypeName": "Выдача оборудования без преднастройки и монтажа",
  "bidTypeStatuses": [
    {
      "name": "Открыта",
      "color": "#c75a5a",
      "position": 1,
      "allowedActions": [
        "edit"
      ],
      "responsibleRoleId": "14"
    },
    {
      "name": "Собрать",
      "color": "#3b82f6",
      "position": 2,
      "allowedActions": [
        "edit",
        "close"
      ],
      "responsibleRoleId": "3",
      "responsibleUserId": null
    },
    {
      "name": "Отложить",
      "color": "#eab308",
      "position": 3,
      "allowedActions": [],
      "responsibleUserId": null
    },
    {
      "name": "Закрыта",
      "color": "#7a7777",
      "position": 999,
      "allowedActions": []
    }
  ],
  "bidTypeResponsibleName": "Не указан",
  "currentResponsibleUserId": null,
  "clientResponsibleName": "Не указан",
  "creatorName": "Беляев Сергей",
  "createdAt": "2026-02-12T09:14:51.505Z",
  "updatedAt": "2026-02-12T09:14:51.505Z",
  "statusMetadata": {
    "responsibleSpecialist": null,
    "deadlines": {
      "processingTime": "5 рабочих дней",
      "deadline": "2026-02-17T10:54:28.326Z"
    },
    "necessaryActions": [
      "Редактирование заявки"
    ],
    "additionalResources": [
      "Общие ресурсы"
    ],
    "notifications": [
      "Стандартное уведомление"
    ]
  }
}

[2026-02-12T10:54:46.118Z] Отправка данных заявки ID: 12
{
  "clientId": 5,
  "clientName": "Уваровская Нива",
  "tema": "Тираж",
  "amount": 0,
  "status": "Открыта",
  "description": "",
  "clientObjectId": 5,
  "updNumber": null,
  "updDate": null,
  "contract": null,
  "workAddress": "",
  "bidType": {
    "id": 1,
    "name": "Выдача оборудования без преднастройки и монтажа",
    "description": "Выдача оборудования без преднастройки и монтажа",
    "statuses": [
      {
        "name": "Открыта",
        "color": "#c75a5a",
        "position": 1,
        "allowedActions": [
          "edit"
        ],
        "responsibleRoleId": "14"
      },
      {
        "name": "Собрать",
        "color": "#3b82f6",
        "position": 2,
        "allowedActions": [
          "edit",
          "close"
        ],
        "responsibleRoleId": "3",
        "responsibleUserId": null
      },
      {
        "name": "Отложить",
        "color": "#eab308",
        "position": 3,
        "allowedActions": [],
        "responsibleUserId": null
      },
      {
        "name": "Закрыта",
        "color": "#7a7777",
        "position": 999,
        "allowedActions": []
      }
    ],
    "transitions": [
      {
        "toPosition": 2,
        "fromPosition": 1
      },
      {
        "toPosition": 3,
        "fromPosition": 1
      },
      {
        "toPosition": 3,
        "fromPosition": 2
      },
      {
        "toPosition": 999,
        "fromPosition": 2
      }
    ],
    "plannedReactionTimeMinutes": 60,
    "plannedDurationMinutes": "1440",
    "createdAt": "2026-02-04T10:11:35.846Z",
    "updatedAt": "2026-02-08T12:49:49.376Z"
  },
  "bidTypeName": "Выдача оборудования без преднастройки и монтажа",
  "bidTypeStatuses": [
    {
      "name": "Открыта",
      "color": "#c75a5a",
      "position": 1,
      "allowedActions": [
        "edit"
      ],
      "responsibleRoleId": "14"
    },
    {
      "name": "Собрать",
      "color": "#3b82f6",
      "position": 2,
      "allowedActions": [
        "edit",
        "close"
      ],
      "responsibleRoleId": "3",
      "responsibleUserId": null
    },
    {
      "name": "Отложить",
      "color": "#eab308",
      "position": 3,
      "allowedActions": [],
      "responsibleUserId": null
    },
    {
      "name": "Закрыта",
      "color": "#7a7777",
      "position": 999,
      "allowedActions": []
    }
  ],
  "bidTypeResponsibleName": "Не указан",
  "currentResponsibleUserId": null,
  "clientResponsibleName": "Не указан",
  "creatorName": "Беляев Сергей",
  "createdAt": "2026-02-12T09:14:51.505Z",
  "updatedAt": "2026-02-12T09:14:51.505Z",
  "statusMetadata": {
    "responsibleSpecialist": null,
    "deadlines": {
      "processingTime": "5 рабочих дней",
      "deadline": "2026-02-17T10:54:46.118Z"
    },
    "necessaryActions": [
      "Редактирование заявки"
    ],
    "additionalResources": [
      "Общие ресурсы"
    ],
    "notifications": [
      "Стандартное уведомление"
    ]
  }
}

[2026-02-12T10:54:47.149Z] Отправка данных заявки ID: 12
{
  "clientId": 5,
  "clientName": "Уваровская Нива",
  "tema": "Тираж",
  "amount": 0,
  "status": "Открыта",
  "description": "",
  "clientObjectId": 5,
  "updNumber": null,
  "updDate": null,
  "contract": null,
  "workAddress": "",
  "bidType": {
    "id": 1,
    "name": "Выдача оборудования без преднастройки и монтажа",
    "description": "Выдача оборудования без преднастройки и монтажа",
    "statuses": [
      {
        "name": "Открыта",
        "color": "#c75a5a",
        "position": 1,
        "allowedActions": [
          "edit"
        ],
        "responsibleRoleId": "14"
      },
      {
        "name": "Собрать",
        "color": "#3b82f6",
        "position": 2,
        "allowedActions": [
          "edit",
          "close"
        ],
        "responsibleRoleId": "3",
        "responsibleUserId": null
      },
      {
        "name": "Отложить",
        "color": "#eab308",
        "position": 3,
        "allowedActions": [],
        "responsibleUserId": null
      },
      {
        "name": "Закрыта",
        "color": "#7a7777",
        "position": 999,
        "allowedActions": []
      }
    ],
    "transitions": [
      {
        "toPosition": 2,
        "fromPosition": 1
      },
      {
        "toPosition": 3,
        "fromPosition": 1
      },
      {
        "toPosition": 3,
        "fromPosition": 2
      },
      {
        "toPosition": 999,
        "fromPosition": 2
      }
    ],
    "plannedReactionTimeMinutes": 60,
    "plannedDurationMinutes": "1440",
    "createdAt": "2026-02-04T10:11:35.846Z",
    "updatedAt": "2026-02-08T12:49:49.376Z"
  },
  "bidTypeName": "Выдача оборудования без преднастройки и монтажа",
  "bidTypeStatuses": [
    {
      "name": "Открыта",
      "color": "#c75a5a",
      "position": 1,
      "allowedActions": [
        "edit"
      ],
      "responsibleRoleId": "14"
    },
    {
      "name": "Собрать",
      "color": "#3b82f6",
      "position": 2,
      "allowedActions": [
        "edit",
        "close"
      ],
      "responsibleRoleId": "3",
      "responsibleUserId": null
    },
    {
      "name": "Отложить",
      "color": "#eab308",
      "position": 3,
      "allowedActions": [],
      "responsibleUserId": null
    },
    {
      "name": "Закрыта",
      "color": "#7a7777",
      "position": 999,
      "allowedActions": []
    }
  ],
  "bidTypeResponsibleName": "Не указан",
  "currentResponsibleUserId": null,
  "clientResponsibleName": "Не указан",
  "creatorName": "Беляев Сергей",
  "createdAt": "2026-02-12T09:14:51.505Z",
  "updatedAt": "2026-02-12T09:14:51.505Z",
  "statusMetadata": {
    "responsibleSpecialist": null,
    "deadlines": {
      "processingTime": "5 рабочих дней",
      "deadline": "2026-02-17T10:54:47.148Z"
    },
    "necessaryActions": [
      "Редактирование заявки"
    ],
    "additionalResources": [
      "Общие ресурсы"
    ],
    "notifications": [
      "Стандартное уведомление"
    ]
  }
}

[2026-02-12T10:56:17.958Z] Отправка данных заявки ID: 12
{
  "clientId": 5,
  "clientName": "Уваровская Нива",
  "tema": "Тираж",
  "amount": 0,
  "status": "Открыта",
  "description": "",
  "clientObjectId": 5,
  "updNumber": null,
  "updDate": null,
  "contract": null,
  "workAddress": "",
  "bidType": {
    "id": 1,
    "name": "Выдача оборудования без преднастройки и монтажа",
    "description": "Выдача оборудования без преднастройки и монтажа",
    "statuses": [
      {
        "name": "Открыта",
        "color": "#c75a5a",
        "position": 1,
        "allowedActions": [
          "edit"
        ],
        "responsibleRoleId": "14"
      },
      {
        "name": "Собрать",
        "color": "#3b82f6",
        "position": 2,
        "allowedActions": [
          "edit",
          "close"
        ],
        "responsibleRoleId": "3",
        "responsibleUserId": null
      },
      {
        "name": "Отложить",
        "color": "#eab308",
        "position": 3,
        "allowedActions": [],
        "responsibleUserId": null
      },
      {
        "name": "Закрыта",
        "color": "#7a7777",
        "position": 999,
        "allowedActions": []
      }
    ],
    "transitions": [
      {
        "toPosition": 2,
        "fromPosition": 1
      },
      {
        "toPosition": 3,
        "fromPosition": 1
      },
      {
        "toPosition": 3,
        "fromPosition": 2
      },
      {
        "toPosition": 999,
        "fromPosition": 2
      }
    ],
    "plannedReactionTimeMinutes": 60,
    "plannedDurationMinutes": "1440",
    "createdAt": "2026-02-04T10:11:35.846Z",
    "updatedAt": "2026-02-08T12:49:49.376Z"
  },
  "bidTypeName": "Выдача оборудования без преднастройки и монтажа",
  "bidTypeStatuses": [
    {
      "name": "Открыта",
      "color": "#c75a5a",
      "position": 1,
      "allowedActions": [
        "edit"
      ],
      "responsibleRoleId": "14"
    },
    {
      "name": "Собрать",
      "color": "#3b82f6",
      "position": 2,
      "allowedActions": [
        "edit",
        "close"
      ],
      "responsibleRoleId": "3",
      "responsibleUserId": null
    },
    {
      "name": "Отложить",
      "color": "#eab308",
      "position": 3,
      "allowedActions": [],
      "responsibleUserId": null
    },
    {
      "name": "Закрыта",
      "color": "#7a7777",
      "position": 999,
      "allowedActions": []
    }
  ],
  "bidTypeResponsibleName": "Не указан",
  "currentResponsibleUserId": null,
  "clientResponsibleName": "Не указан",
  "creatorName": "Беляев Сергей",
  "createdAt": "2026-02-12T09:14:51.505Z",
  "updatedAt": "2026-02-12T09:14:51.505Z",
  "statusMetadata": {
    "responsibleSpecialist": null,
    "deadlines": {
      "processingTime": "5 рабочих дней",
      "deadline": "2026-02-17T10:56:17.958Z"
    },
    "necessaryActions": [
      "Редактирование заявки"
    ],
    "additionalResources": [
      "Общие ресурсы"
    ],
    "notifications": [
      "Стандартное уведомление"
    ]
  }
}

[2026-02-12T10:56:18.938Z] Отправка данных заявки ID: 12
{
  "clientId": 5,
  "clientName": "Уваровская Нива",
  "tema": "Тираж",
  "amount": 0,
  "status": "Открыта",
  "description": "",
  "clientObjectId": 5,
  "updNumber": null,
  "updDate": null,
  "contract": null,
  "workAddress": "",
  "bidType": {
    "id": 1,
    "name": "Выдача оборудования без преднастройки и монтажа",
    "description": "Выдача оборудования без преднастройки и монтажа",
    "statuses": [
      {
        "name": "Открыта",
        "color": "#c75a5a",
        "position": 1,
        "allowedActions": [
          "edit"
        ],
        "responsibleRoleId": "14"
      },
      {
        "name": "Собрать",
        "color": "#3b82f6",
        "position": 2,
        "allowedActions": [
          "edit",
          "close"
        ],
        "responsibleRoleId": "3",
        "responsibleUserId": null
      },
      {
        "name": "Отложить",
        "color": "#eab308",
        "position": 3,
        "allowedActions": [],
        "responsibleUserId": null
      },
      {
        "name": "Закрыта",
        "color": "#7a7777",
        "position": 999,
        "allowedActions": []
      }
    ],
    "transitions": [
      {
        "toPosition": 2,
        "fromPosition": 1
      },
      {
        "toPosition": 3,
        "fromPosition": 1
      },
      {
        "toPosition": 3,
        "fromPosition": 2
      },
      {
        "toPosition": 999,
        "fromPosition": 2
      }
    ],
    "plannedReactionTimeMinutes": 60,
    "plannedDurationMinutes": "1440",
    "createdAt": "2026-02-04T10:11:35.846Z",
    "updatedAt": "2026-02-08T12:49:49.376Z"
  },
  "bidTypeName": "Выдача оборудования без преднастройки и монтажа",
  "bidTypeStatuses": [
    {
      "name": "Открыта",
      "color": "#c75a5a",
      "position": 1,
      "allowedActions": [
        "edit"
      ],
      "responsibleRoleId": "14"
    },
    {
      "name": "Собрать",
      "color": "#3b82f6",
      "position": 2,
      "allowedActions": [
        "edit",
        "close"
      ],
      "responsibleRoleId": "3",
      "responsibleUserId": null
    },
    {
      "name": "Отложить",
      "color": "#eab308",
      "position": 3,
      "allowedActions": [],
      "responsibleUserId": null
    },
    {
      "name": "Закрыта",
      "color": "#7a7777",
      "position": 999,
      "allowedActions": []
    }
  ],
  "bidTypeResponsibleName": "Не указан",
  "currentResponsibleUserId": null,
  "clientResponsibleName": "Не указан",
  "creatorName": "Беляев Сергей",
  "createdAt": "2026-02-12T09:14:51.505Z",
  "updatedAt": "2026-02-12T09:14:51.505Z",
  "statusMetadata": {
    "responsibleSpecialist": null,
    "deadlines": {
      "processingTime": "5 рабочих дней",
      "deadline": "2026-02-17T10:56:18.938Z"
    },
    "necessaryActions": [
      "Редактирование заявки"
    ],
    "additionalResources": [
      "Общие ресурсы"
    ],
    "notifications": [
      "Стандартное уведомление"
    ]
  }
}

[2026-02-12T10:56:55.803Z] Отправка данных заявки ID: 12
{
  "clientId": 5,
  "clientName": "Уваровская Нива",
  "tema": "Тираж",
  "amount": 0,
  "status": "Открыта",
  "description": "",
  "clientObjectId": 5,
  "updNumber": null,
  "updDate": null,
  "contract": null,
  "workAddress": "",
  "bidType": {
    "id": 1,
    "name": "Выдача оборудования без преднастройки и монтажа",
    "description": "Выдача оборудования без преднастройки и монтажа",
    "statuses": [
      {
        "name": "Открыта",
        "color": "#c75a5a",
        "position": 1,
        "allowedActions": [
          "edit"
        ],
        "responsibleRoleId": "14"
      },
      {
        "name": "Собрать",
        "color": "#3b82f6",
        "position": 2,
        "allowedActions": [
          "edit",
          "close"
        ],
        "responsibleRoleId": "3",
        "responsibleUserId": null
      },
      {
        "name": "Отложить",
        "color": "#eab308",
        "position": 3,
        "allowedActions": [],
        "responsibleUserId": null
      },
      {
        "name": "Закрыта",
        "color": "#7a7777",
        "position": 999,
        "allowedActions": []
      }
    ],
    "transitions": [
      {
        "toPosition": 2,
        "fromPosition": 1
      },
      {
        "toPosition": 3,
        "fromPosition": 1
      },
      {
        "toPosition": 3,
        "fromPosition": 2
      },
      {
        "toPosition": 999,
        "fromPosition": 2
      }
    ],
    "plannedReactionTimeMinutes": 60,
    "plannedDurationMinutes": "1440",
    "createdAt": "2026-02-04T10:11:35.846Z",
    "updatedAt": "2026-02-08T12:49:49.376Z"
  },
  "bidTypeName": "Выдача оборудования без преднастройки и монтажа",
  "bidTypeStatuses": [
    {
      "name": "Открыта",
      "color": "#c75a5a",
      "position": 1,
      "allowedActions": [
        "edit"
      ],
      "responsibleRoleId": "14"
    },
    {
      "name": "Собрать",
      "color": "#3b82f6",
      "position": 2,
      "allowedActions": [
        "edit",
        "close"
      ],
      "responsibleRoleId": "3",
      "responsibleUserId": null
    },
    {
      "name": "Отложить",
      "color": "#eab308",
      "position": 3,
      "allowedActions": [],
      "responsibleUserId": null
    },
    {
      "name": "Закрыта",
      "color": "#7a7777",
      "position": 999,
      "allowedActions": []
    }
  ],
  "bidTypeResponsibleName": "Не указан",
  "currentResponsibleUserId": null,
  "clientResponsibleName": "Не указан",
  "creatorName": "Беляев Сергей",
  "createdAt": "2026-02-12T09:14:51.505Z",
  "updatedAt": "2026-02-12T09:14:51.505Z",
  "statusMetadata": {
    "responsibleSpecialist": null,
    "deadlines": {
      "processingTime": "5 рабочих дней",
      "deadline": "2026-02-17T10:56:55.802Z"
    },
    "necessaryActions": [
      "Редактирование заявки"
    ],
    "additionalResources": [
      "Общие ресурсы"
    ],
    "notifications": [
      "Стандартное уведомление"
    ]
  }
}

[2026-02-12T10:56:56.780Z] Отправка данных заявки ID: 12
{
  "clientId": 5,
  "clientName": "Уваровская Нива",
  "tema": "Тираж",
  "amount": 0,
  "status": "Открыта",
  "description": "",
  "clientObjectId": 5,
  "updNumber": null,
  "updDate": null,
  "contract": null,
  "workAddress": "",
  "bidType": {
    "id": 1,
    "name": "Выдача оборудования без преднастройки и монтажа",
    "description": "Выдача оборудования без преднастройки и монтажа",
    "statuses": [
      {
        "name": "Открыта",
        "color": "#c75a5a",
        "position": 1,
        "allowedActions": [
          "edit"
        ],
        "responsibleRoleId": "14"
      },
      {
        "name": "Собрать",
        "color": "#3b82f6",
        "position": 2,
        "allowedActions": [
          "edit",
          "close"
        ],
        "responsibleRoleId": "3",
        "responsibleUserId": null
      },
      {
        "name": "Отложить",
        "color": "#eab308",
        "position": 3,
        "allowedActions": [],
        "responsibleUserId": null
      },
      {
        "name": "Закрыта",
        "color": "#7a7777",
        "position": 999,
        "allowedActions": []
      }
    ],
    "transitions": [
      {
        "toPosition": 2,
        "fromPosition": 1
      },
      {
        "toPosition": 3,
        "fromPosition": 1
      },
      {
        "toPosition": 3,
        "fromPosition": 2
      },
      {
        "toPosition": 999,
        "fromPosition": 2
      }
    ],
    "plannedReactionTimeMinutes": 60,
    "plannedDurationMinutes": "1440",
    "createdAt": "2026-02-04T10:11:35.846Z",
    "updatedAt": "2026-02-08T12:49:49.376Z"
  },
  "bidTypeName": "Выдача оборудования без преднастройки и монтажа",
  "bidTypeStatuses": [
    {
      "name": "Открыта",
      "color": "#c75a5a",
      "position": 1,
      "allowedActions": [
        "edit"
      ],
      "responsibleRoleId": "14"
    },
    {
      "name": "Собрать",
      "color": "#3b82f6",
      "position": 2,
      "allowedActions": [
        "edit",
        "close"
      ],
      "responsibleRoleId": "3",
      "responsibleUserId": null
    },
    {
      "name": "Отложить",
      "color": "#eab308",
      "position": 3,
      "allowedActions": [],
      "responsibleUserId": null
    },
    {
      "name": "Закрыта",
      "color": "#7a7777",
      "position": 999,
      "allowedActions": []
    }
  ],
  "bidTypeResponsibleName": "Не указан",
  "currentResponsibleUserId": null,
  "clientResponsibleName": "Не указан",
  "creatorName": "Беляев Сергей",
  "createdAt": "2026-02-12T09:14:51.505Z",
  "updatedAt": "2026-02-12T09:14:51.505Z",
  "statusMetadata": {
    "responsibleSpecialist": null,
    "deadlines": {
      "processingTime": "5 рабочих дней",
      "deadline": "2026-02-17T10:56:56.779Z"
    },
    "necessaryActions": [
      "Редактирование заявки"
    ],
    "additionalResources": [
      "Общие ресурсы"
    ],
    "notifications": [
      "Стандартное уведомление"
    ]
  }
}

[2026-02-12T10:57:37.753Z] Отправка данных заявки ID: 12
{
  "clientId": 5,
  "clientName": "Уваровская Нива",
  "tema": "Тираж",
  "amount": 0,
  "status": "Открыта",
  "description": "",
  "clientObjectId": 5,
  "updNumber": null,
  "updDate": null,
  "contract": null,
  "workAddress": "",
  "bidType": {
    "id": 1,
    "name": "Выдача оборудования без преднастройки и монтажа",
    "description": "Выдача оборудования без преднастройки и монтажа",
    "statuses": [
      {
        "name": "Открыта",
        "color": "#c75a5a",
        "position": 1,
        "allowedActions": [
          "edit"
        ],
        "responsibleRoleId": "14"
      },
      {
        "name": "Собрать",
        "color": "#3b82f6",
        "position": 2,
        "allowedActions": [
          "edit",
          "close"
        ],
        "responsibleRoleId": "3",
        "responsibleUserId": null
      },
      {
        "name": "Отложить",
        "color": "#eab308",
        "position": 3,
        "allowedActions": [],
        "responsibleUserId": null
      },
      {
        "name": "Закрыта",
        "color": "#7a7777",
        "position": 999,
        "allowedActions": []
      }
    ],
    "transitions": [
      {
        "toPosition": 2,
        "fromPosition": 1
      },
      {
        "toPosition": 3,
        "fromPosition": 1
      },
      {
        "toPosition": 3,
        "fromPosition": 2
      },
      {
        "toPosition": 999,
        "fromPosition": 2
      }
    ],
    "plannedReactionTimeMinutes": 60,
    "plannedDurationMinutes": "1440",
    "createdAt": "2026-02-04T10:11:35.846Z",
    "updatedAt": "2026-02-08T12:49:49.376Z"
  },
  "bidTypeName": "Выдача оборудования без преднастройки и монтажа",
  "bidTypeStatuses": [
    {
      "name": "Открыта",
      "color": "#c75a5a",
      "position": 1,
      "allowedActions": [
        "edit"
      ],
      "responsibleRoleId": "14"
    },
    {
      "name": "Собрать",
      "color": "#3b82f6",
      "position": 2,
      "allowedActions": [
        "edit",
        "close"
      ],
      "responsibleRoleId": "3",
      "responsibleUserId": null
    },
    {
      "name": "Отложить",
      "color": "#eab308",
      "position": 3,
      "allowedActions": [],
      "responsibleUserId": null
    },
    {
      "name": "Закрыта",
      "color": "#7a7777",
      "position": 999,
      "allowedActions": []
    }
  ],
  "bidTypeResponsibleName": "Не указан",
  "currentResponsibleUserId": null,
  "clientResponsibleName": "Не указан",
  "creatorName": "Беляев Сергей",
  "createdAt": "2026-02-12T09:14:51.505Z",
  "updatedAt": "2026-02-12T09:14:51.505Z",
  "statusMetadata": {
    "responsibleSpecialist": null,
    "deadlines": {
      "processingTime": "5 рабочих дней",
      "deadline": "2026-02-17T10:57:37.753Z"
    },
    "necessaryActions": [
      "Редактирование заявки"
    ],
    "additionalResources": [
      "Общие ресурсы"
    ],
    "notifications": [
      "Стандартное уведомление"
    ]
  }
}

[2026-02-12T10:58:20.910Z] Отправка данных заявки ID: 12
{
  "clientId": 5,
  "clientName": "Уваровская Нива",
  "tema": "Тираж",
  "amount": 0,
  "status": "Открыта",
  "description": "",
  "clientObjectId": 5,
  "updNumber": null,
  "updDate": null,
  "contract": null,
  "workAddress": "",
  "bidType": {
    "id": 1,
    "name": "Выдача оборудования без преднастройки и монтажа",
    "description": "Выдача оборудования без преднастройки и монтажа",
    "statuses": [
      {
        "name": "Открыта",
        "color": "#c75a5a",
        "position": 1,
        "allowedActions": [
          "edit"
        ],
        "responsibleRoleId": "14"
      },
      {
        "name": "Собрать",
        "color": "#3b82f6",
        "position": 2,
        "allowedActions": [
          "edit",
          "close"
        ],
        "responsibleRoleId": "3",
        "responsibleUserId": null
      },
      {
        "name": "Отложить",
        "color": "#eab308",
        "position": 3,
        "allowedActions": [],
        "responsibleUserId": null
      },
      {
        "name": "Закрыта",
        "color": "#7a7777",
        "position": 999,
        "allowedActions": []
      }
    ],
    "transitions": [
      {
        "toPosition": 2,
        "fromPosition": 1
      },
      {
        "toPosition": 3,
        "fromPosition": 1
      },
      {
        "toPosition": 3,
        "fromPosition": 2
      },
      {
        "toPosition": 999,
        "fromPosition": 2
      }
    ],
    "plannedReactionTimeMinutes": 60,
    "plannedDurationMinutes": "1440",
    "createdAt": "2026-02-04T10:11:35.846Z",
    "updatedAt": "2026-02-08T12:49:49.376Z"
  },
  "bidTypeName": "Выдача оборудования без преднастройки и монтажа",
  "bidTypeStatuses": [
    {
      "name": "Открыта",
      "color": "#c75a5a",
      "position": 1,
      "allowedActions": [
        "edit"
      ],
      "responsibleRoleId": "14"
    },
    {
      "name": "Собрать",
      "color": "#3b82f6",
      "position": 2,
      "allowedActions": [
        "edit",
        "close"
      ],
      "responsibleRoleId": "3",
      "responsibleUserId": null
    },
    {
      "name": "Отложить",
      "color": "#eab308",
      "position": 3,
      "allowedActions": [],
      "responsibleUserId": null
    },
    {
      "name": "Закрыта",
      "color": "#7a7777",
      "position": 999,
      "allowedActions": []
    }
  ],
  "bidTypeResponsibleName": "Не указан",
  "currentResponsibleUserId": null,
  "clientResponsibleName": "Не указан",
  "creatorName": "Беляев Сергей",
  "createdAt": "2026-02-12T09:14:51.505Z",
  "updatedAt": "2026-02-12T09:14:51.505Z",
  "statusMetadata": {
    "responsibleSpecialist": null,
    "deadlines": {
      "processingTime": "5 рабочих дней",
      "deadline": "2026-02-17T10:58:20.909Z"
    },
    "necessaryActions": [
      "Редактирование заявки"
    ],
    "additionalResources": [
      "Общие ресурсы"
    ],
    "notifications": [
      "Стандартное уведомление"
    ]
  }
}

[2026-02-12T10:59:44.303Z] Отправка данных заявки ID: 12
{
  "clientId": 5,
  "clientName": "Уваровская Нива",
  "tema": "Тираж",
  "amount": 0,
  "status": "Открыта",
  "description": "",
  "clientObjectId": 5,
  "updNumber": null,
  "updDate": null,
  "contract": null,
  "workAddress": "",
  "bidType": {
    "id": 1,
    "name": "Выдача оборудования без преднастройки и монтажа",
    "description": "Выдача оборудования без преднастройки и монтажа",
    "statuses": [
      {
        "name": "Открыта",
        "color": "#c75a5a",
        "position": 1,
        "allowedActions": [
          "edit"
        ],
        "responsibleRoleId": "14"
      },
      {
        "name": "Собрать",
        "color": "#3b82f6",
        "position": 2,
        "allowedActions": [
          "edit",
          "close"
        ],
        "responsibleRoleId": "3",
        "responsibleUserId": null
      },
      {
        "name": "Отложить",
        "color": "#eab308",
        "position": 3,
        "allowedActions": [],
        "responsibleUserId": null
      },
      {
        "name": "Закрыта",
        "color": "#7a7777",
        "position": 999,
        "allowedActions": []
      }
    ],
    "transitions": [
      {
        "toPosition": 2,
        "fromPosition": 1
      },
      {
        "toPosition": 3,
        "fromPosition": 1
      },
      {
        "toPosition": 3,
        "fromPosition": 2
      },
      {
        "toPosition": 999,
        "fromPosition": 2
      }
    ],
    "plannedReactionTimeMinutes": 60,
    "plannedDurationMinutes": "1440",
    "createdAt": "2026-02-04T10:11:35.846Z",
    "updatedAt": "2026-02-08T12:49:49.376Z"
  },
  "bidTypeName": "Выдача оборудования без преднастройки и монтажа",
  "bidTypeStatuses": [
    {
      "name": "Открыта",
      "color": "#c75a5a",
      "position": 1,
      "allowedActions": [
        "edit"
      ],
      "responsibleRoleId": "14"
    },
    {
      "name": "Собрать",
      "color": "#3b82f6",
      "position": 2,
      "allowedActions": [
        "edit",
        "close"
      ],
      "responsibleRoleId": "3",
      "responsibleUserId": null
    },
    {
      "name": "Отложить",
      "color": "#eab308",
      "position": 3,
      "allowedActions": [],
      "responsibleUserId": null
    },
    {
      "name": "Закрыта",
      "color": "#7a7777",
      "position": 999,
      "allowedActions": []
    }
  ],
  "bidTypeResponsibleName": "Не указан",
  "currentResponsibleUserId": null,
  "clientResponsibleName": "Не указан",
  "creatorName": "Беляев Сергей",
  "createdAt": "2026-02-12T09:14:51.505Z",
  "updatedAt": "2026-02-12T09:14:51.505Z",
  "statusMetadata": {
    "responsibleSpecialist": null,
    "deadlines": {
      "processingTime": "5 рабочих дней",
      "deadline": "2026-02-17T10:59:44.303Z"
    },
    "necessaryActions": [
      "Редактирование заявки"
    ],
    "additionalResources": [
      "Общие ресурсы"
    ],
    "notifications": [
      "Стандартное уведомление"
    ]
  }
}

[2026-02-12T11:00:16.790Z] Отправка данных заявки ID: 12
{
  "clientId": 5,
  "clientName": "Уваровская Нива",
  "tema": "Тираж",
  "amount": 0,
  "status": "Открыта",
  "description": "",
  "clientObjectId": 5,
  "updNumber": null,
  "updDate": null,
  "contract": null,
  "workAddress": "",
  "bidType": {
    "id": 1,
    "name": "Выдача оборудования без преднастройки и монтажа",
    "description": "Выдача оборудования без преднастройки и монтажа",
    "statuses": [
      {
        "name": "Открыта",
        "color": "#c75a5a",
        "position": 1,
        "allowedActions": [
          "edit"
        ],
        "responsibleRoleId": "14"
      },
      {
        "name": "Собрать",
        "color": "#3b82f6",
        "position": 2,
        "allowedActions": [
          "edit",
          "close"
        ],
        "responsibleRoleId": "3",
        "responsibleUserId": null
      },
      {
        "name": "Отложить",
        "color": "#eab308",
        "position": 3,
        "allowedActions": [],
        "responsibleUserId": null
      },
      {
        "name": "Закрыта",
        "color": "#7a7777",
        "position": 999,
        "allowedActions": []
      }
    ],
    "transitions": [
      {
        "toPosition": 2,
        "fromPosition": 1
      },
      {
        "toPosition": 3,
        "fromPosition": 1
      },
      {
        "toPosition": 3,
        "fromPosition": 2
      },
      {
        "toPosition": 999,
        "fromPosition": 2
      }
    ],
    "plannedReactionTimeMinutes": 60,
    "plannedDurationMinutes": "1440",
    "createdAt": "2026-02-04T10:11:35.846Z",
    "updatedAt": "2026-02-08T12:49:49.376Z"
  },
  "bidTypeName": "Выдача оборудования без преднастройки и монтажа",
  "bidTypeStatuses": [
    {
      "name": "Открыта",
      "color": "#c75a5a",
      "position": 1,
      "allowedActions": [
        "edit"
      ],
      "responsibleRoleId": "14"
    },
    {
      "name": "Собрать",
      "color": "#3b82f6",
      "position": 2,
      "allowedActions": [
        "edit",
        "close"
      ],
      "responsibleRoleId": "3",
      "responsibleUserId": null
    },
    {
      "name": "Отложить",
      "color": "#eab308",
      "position": 3,
      "allowedActions": [],
      "responsibleUserId": null
    },
    {
      "name": "Закрыта",
      "color": "#7a7777",
      "position": 999,
      "allowedActions": []
    }
  ],
  "bidTypeResponsibleName": "Не указан",
  "currentResponsibleUserId": null,
  "clientResponsibleName": "Не указан",
  "creatorName": "Беляев Сергей",
  "createdAt": "2026-02-12T09:14:51.505Z",
  "updatedAt": "2026-02-12T09:14:51.505Z",
  "statusMetadata": {
    "responsibleSpecialist": null,
    "deadlines": {
      "processingTime": "5 рабочих дней",
      "deadline": "2026-02-17T11:00:16.790Z"
    },
    "necessaryActions": [
      "Редактирование заявки"
    ],
    "additionalResources": [
      "Общие ресурсы"
    ],
    "notifications": [
      "Стандартное уведомление"
    ]
  }
}

[2026-02-12T11:00:17.726Z] Отправка данных заявки ID: 12
{
  "clientId": 5,
  "clientName": "Уваровская Нива",
  "tema": "Тираж",
  "amount": 0,
  "status": "Открыта",
  "description": "",
  "clientObjectId": 5,
  "updNumber": null,
  "updDate": null,
  "contract": null,
  "workAddress": "",
  "bidType": {
    "id": 1,
    "name": "Выдача оборудования без преднастройки и монтажа",
    "description": "Выдача оборудования без преднастройки и монтажа",
    "statuses": [
      {
        "name": "Открыта",
        "color": "#c75a5a",
        "position": 1,
        "allowedActions": [
          "edit"
        ],
        "responsibleRoleId": "14"
      },
      {
        "name": "Собрать",
        "color": "#3b82f6",
        "position": 2,
        "allowedActions": [
          "edit",
          "close"
        ],
        "responsibleRoleId": "3",
        "responsibleUserId": null
      },
      {
        "name": "Отложить",
        "color": "#eab308",
        "position": 3,
        "allowedActions": [],
        "responsibleUserId": null
      },
      {
        "name": "Закрыта",
        "color": "#7a7777",
        "position": 999,
        "allowedActions": []
      }
    ],
    "transitions": [
      {
        "toPosition": 2,
        "fromPosition": 1
      },
      {
        "toPosition": 3,
        "fromPosition": 1
      },
      {
        "toPosition": 3,
        "fromPosition": 2
      },
      {
        "toPosition": 999,
        "fromPosition": 2
      }
    ],
    "plannedReactionTimeMinutes": 60,
    "plannedDurationMinutes": "1440",
    "createdAt": "2026-02-04T10:11:35.846Z",
    "updatedAt": "2026-02-08T12:49:49.376Z"
  },
  "bidTypeName": "Выдача оборудования без преднастройки и монтажа",
  "bidTypeStatuses": [
    {
      "name": "Открыта",
      "color": "#c75a5a",
      "position": 1,
      "allowedActions": [
        "edit"
      ],
      "responsibleRoleId": "14"
    },
    {
      "name": "Собрать",
      "color": "#3b82f6",
      "position": 2,
      "allowedActions": [
        "edit",
        "close"
      ],
      "responsibleRoleId": "3",
      "responsibleUserId": null
    },
    {
      "name": "Отложить",
      "color": "#eab308",
      "position": 3,
      "allowedActions": [],
      "responsibleUserId": null
    },
    {
      "name": "Закрыта",
      "color": "#7a7777",
      "position": 999,
      "allowedActions": []
    }
  ],
  "bidTypeResponsibleName": "Не указан",
  "currentResponsibleUserId": null,
  "clientResponsibleName": "Не указан",
  "creatorName": "Беляев Сергей",
  "createdAt": "2026-02-12T09:14:51.505Z",
  "updatedAt": "2026-02-12T09:14:51.505Z",
  "statusMetadata": {
    "responsibleSpecialist": null,
    "deadlines": {
      "processingTime": "5 рабочих дней",
      "deadline": "2026-02-17T11:00:17.726Z"
    },
    "necessaryActions": [
      "Редактирование заявки"
    ],
    "additionalResources": [
      "Общие ресурсы"
    ],
    "notifications": [
      "Стандартное уведомление"
    ]
  }
}

[2026-02-12T11:05:13.826Z] Отправка данных заявки ID: 12
{
  "clientId": 5,
  "clientName": "Уваровская Нива",
  "tema": "Тираж",
  "amount": 0,
  "status": "Открыта",
  "description": "",
  "clientObjectId": 5,
  "updNumber": null,
  "updDate": null,
  "contract": null,
  "workAddress": "",
  "bidType": {
    "id": 1,
    "name": "Выдача оборудования без преднастройки и монтажа",
    "description": "Выдача оборудования без преднастройки и монтажа",
    "statuses": [
      {
        "name": "Открыта",
        "color": "#c75a5a",
        "position": 1,
        "allowedActions": [
          "edit"
        ],
        "responsibleRoleId": "14"
      },
      {
        "name": "Собрать",
        "color": "#3b82f6",
        "position": 2,
        "allowedActions": [
          "edit",
          "close"
        ],
        "responsibleRoleId": "3",
        "responsibleUserId": null
      },
      {
        "name": "Отложить",
        "color": "#eab308",
        "position": 3,
        "allowedActions": [],
        "responsibleUserId": null
      },
      {
        "name": "Закрыта",
        "color": "#7a7777",
        "position": 999,
        "allowedActions": []
      }
    ],
    "transitions": [
      {
        "toPosition": 2,
        "fromPosition": 1
      },
      {
        "toPosition": 3,
        "fromPosition": 1
      },
      {
        "toPosition": 3,
        "fromPosition": 2
      },
      {
        "toPosition": 999,
        "fromPosition": 2
      }
    ],
    "plannedReactionTimeMinutes": 60,
    "plannedDurationMinutes": "1440",
    "createdAt": "2026-02-04T10:11:35.846Z",
    "updatedAt": "2026-02-08T12:49:49.376Z"
  },
  "bidTypeName": "Выдача оборудования без преднастройки и монтажа",
  "bidTypeStatuses": [
    {
      "name": "Открыта",
      "color": "#c75a5a",
      "position": 1,
      "allowedActions": [
        "edit"
      ],
      "responsibleRoleId": "14"
    },
    {
      "name": "Собрать",
      "color": "#3b82f6",
      "position": 2,
      "allowedActions": [
        "edit",
        "close"
      ],
      "responsibleRoleId": "3",
      "responsibleUserId": null
    },
    {
      "name": "Отложить",
      "color": "#eab308",
      "position": 3,
      "allowedActions": [],
      "responsibleUserId": null
    },
    {
      "name": "Закрыта",
      "color": "#7a7777",
      "position": 999,
      "allowedActions": []
    }
  ],
  "bidTypeResponsibleName": "Не указан",
  "currentResponsibleUserId": null,
  "clientResponsibleName": "Не указан",
  "creatorName": "Беляев Сергей",
  "createdAt": "2026-02-12T09:14:51.505Z",
  "updatedAt": "2026-02-12T09:14:51.505Z",
  "statusMetadata": {
    "responsibleSpecialist": null,
    "deadlines": {
      "processingTime": "5 рабочих дней",
      "deadline": "2026-02-17T11:05:13.825Z"
    },
    "necessaryActions": [
      "Редактирование заявки"
    ],
    "additionalResources": [
      "Общие ресурсы"
    ],
    "notifications": [
      "Стандартное уведомление"
    ]
  }
}

[2026-02-12T11:06:31.809Z] Отправка данных заявки ID: 12
{
  "clientId": 5,
  "clientName": "Уваровская Нива",
  "tema": "Тираж",
  "amount": 0,
  "status": "Открыта",
  "description": "",
  "clientObjectId": 5,
  "updNumber": null,
  "updDate": null,
  "contract": null,
  "workAddress": "",
  "bidType": {
    "id": 1,
    "name": "Выдача оборудования без преднастройки и монтажа",
    "description": "Выдача оборудования без преднастройки и монтажа",
    "statuses": [
      {
        "name": "Открыта",
        "color": "#c75a5a",
        "position": 1,
        "allowedActions": [
          "edit"
        ],
        "responsibleRoleId": "14"
      },
      {
        "name": "Собрать",
        "color": "#3b82f6",
        "position": 2,
        "allowedActions": [
          "edit",
          "close"
        ],
        "responsibleRoleId": "3",
        "responsibleUserId": null
      },
      {
        "name": "Отложить",
        "color": "#eab308",
        "position": 3,
        "allowedActions": [],
        "responsibleUserId": null
      },
      {
        "name": "Закрыта",
        "color": "#7a7777",
        "position": 999,
        "allowedActions": []
      }
    ],
    "transitions": [
      {
        "toPosition": 2,
        "fromPosition": 1
      },
      {
        "toPosition": 3,
        "fromPosition": 1
      },
      {
        "toPosition": 3,
        "fromPosition": 2
      },
      {
        "toPosition": 999,
        "fromPosition": 2
      }
    ],
    "plannedReactionTimeMinutes": 60,
    "plannedDurationMinutes": "1440",
    "createdAt": "2026-02-04T10:11:35.846Z",
    "updatedAt": "2026-02-08T12:49:49.376Z"
  },
  "bidTypeName": "Выдача оборудования без преднастройки и монтажа",
  "bidTypeStatuses": [
    {
      "name": "Открыта",
      "color": "#c75a5a",
      "position": 1,
      "allowedActions": [
        "edit"
      ],
      "responsibleRoleId": "14"
    },
    {
      "name": "Собрать",
      "color": "#3b82f6",
      "position": 2,
      "allowedActions": [
        "edit",
        "close"
      ],
      "responsibleRoleId": "3",
      "responsibleUserId": null
    },
    {
      "name": "Отложить",
      "color": "#eab308",
      "position": 3,
      "allowedActions": [],
      "responsibleUserId": null
    },
    {
      "name": "Закрыта",
      "color": "#7a7777",
      "position": 999,
      "allowedActions": []
    }
  ],
  "bidTypeResponsibleName": "Не указан",
  "currentResponsibleUserId": null,
  "clientResponsibleName": "Не указан",
  "creatorName": "Беляев Сергей",
  "createdAt": "2026-02-12T09:14:51.505Z",
  "updatedAt": "2026-02-12T09:14:51.505Z",
  "statusMetadata": {
    "responsibleSpecialist": null,
    "deadlines": {
      "processingTime": "5 рабочих дней",
      "deadline": "2026-02-17T11:06:31.808Z"
    },
    "necessaryActions": [
      "Редактирование заявки"
    ],
    "additionalResources": [
      "Общие ресурсы"
    ],
    "notifications": [
      "Стандартное уведомление"
    ]
  }
}

[2026-02-12T11:06:52.189Z] Отправка данных заявки ID: 12
{
  "clientId": 5,
  "clientName": "Уваровская Нива",
  "tema": "Тираж",
  "amount": 0,
  "status": "Открыта",
  "description": "",
  "clientObjectId": 5,
  "updNumber": null,
  "updDate": null,
  "contract": null,
  "workAddress": "",
  "bidType": {
    "id": 1,
    "name": "Выдача оборудования без преднастройки и монтажа",
    "description": "Выдача оборудования без преднастройки и монтажа",
    "statuses": [
      {
        "name": "Открыта",
        "color": "#c75a5a",
        "position": 1,
        "allowedActions": [
          "edit"
        ],
        "responsibleRoleId": "14"
      },
      {
        "name": "Собрать",
        "color": "#3b82f6",
        "position": 2,
        "allowedActions": [
          "edit",
          "close"
        ],
        "responsibleRoleId": "3",
        "responsibleUserId": null
      },
      {
        "name": "Отложить",
        "color": "#eab308",
        "position": 3,
        "allowedActions": [],
        "responsibleUserId": null
      },
      {
        "name": "Закрыта",
        "color": "#7a7777",
        "position": 999,
        "allowedActions": []
      }
    ],
    "transitions": [
      {
        "toPosition": 2,
        "fromPosition": 1
      },
      {
        "toPosition": 3,
        "fromPosition": 1
      },
      {
        "toPosition": 3,
        "fromPosition": 2
      },
      {
        "toPosition": 999,
        "fromPosition": 2
      }
    ],
    "plannedReactionTimeMinutes": 60,
    "plannedDurationMinutes": "1440",
    "createdAt": "2026-02-04T10:11:35.846Z",
    "updatedAt": "2026-02-08T12:49:49.376Z"
  },
  "bidTypeName": "Выдача оборудования без преднастройки и монтажа",
  "bidTypeStatuses": [
    {
      "name": "Открыта",
      "color": "#c75a5a",
      "position": 1,
      "allowedActions": [
        "edit"
      ],
      "responsibleRoleId": "14"
    },
    {
      "name": "Собрать",
      "color": "#3b82f6",
      "position": 2,
      "allowedActions": [
        "edit",
        "close"
      ],
      "responsibleRoleId": "3",
      "responsibleUserId": null
    },
    {
      "name": "Отложить",
      "color": "#eab308",
      "position": 3,
      "allowedActions": [],
      "responsibleUserId": null
    },
    {
      "name": "Закрыта",
      "color": "#7a7777",
      "position": 999,
      "allowedActions": []
    }
  ],
  "bidTypeResponsibleName": "Не указан",
  "currentResponsibleUserId": null,
  "clientResponsibleName": "Не указан",
  "creatorName": "Беляев Сергей",
  "createdAt": "2026-02-12T09:14:51.505Z",
  "updatedAt": "2026-02-12T09:14:51.505Z",
  "statusMetadata": {
    "responsibleSpecialist": null,
    "deadlines": {
      "processingTime": "5 рабочих дней",
      "deadline": "2026-02-17T11:06:52.189Z"
    },
    "necessaryActions": [
      "Редактирование заявки"
    ],
    "additionalResources": [
      "Общие ресурсы"
    ],
    "notifications": [
      "Стандартное уведомление"
    ]
  }
}

[2026-02-12T11:07:21.104Z] Отправка данных заявки ID: 12
{
  "clientId": 5,
  "clientName": "Уваровская Нива",
  "tema": "Тираж",
  "amount": 0,
  "status": "Открыта",
  "description": "",
  "clientObjectId": 5,
  "updNumber": null,
  "updDate": null,
  "contract": null,
  "workAddress": "",
  "bidType": {
    "id": 1,
    "name": "Выдача оборудования без преднастройки и монтажа",
    "description": "Выдача оборудования без преднастройки и монтажа",
    "statuses": [
      {
        "name": "Открыта",
        "color": "#c75a5a",
        "position": 1,
        "allowedActions": [
          "edit"
        ],
        "responsibleRoleId": "14"
      },
      {
        "name": "Собрать",
        "color": "#3b82f6",
        "position": 2,
        "allowedActions": [
          "edit",
          "close"
        ],
        "responsibleRoleId": "3",
        "responsibleUserId": null
      },
      {
        "name": "Отложить",
        "color": "#eab308",
        "position": 3,
        "allowedActions": [],
        "responsibleUserId": null
      },
      {
        "name": "Закрыта",
        "color": "#7a7777",
        "position": 999,
        "allowedActions": []
      }
    ],
    "transitions": [
      {
        "toPosition": 2,
        "fromPosition": 1
      },
      {
        "toPosition": 3,
        "fromPosition": 1
      },
      {
        "toPosition": 3,
        "fromPosition": 2
      },
      {
        "toPosition": 999,
        "fromPosition": 2
      }
    ],
    "plannedReactionTimeMinutes": 60,
    "plannedDurationMinutes": "1440",
    "createdAt": "2026-02-04T10:11:35.846Z",
    "updatedAt": "2026-02-08T12:49:49.376Z"
  },
  "bidTypeName": "Выдача оборудования без преднастройки и монтажа",
  "bidTypeStatuses": [
    {
      "name": "Открыта",
      "color": "#c75a5a",
      "position": 1,
      "allowedActions": [
        "edit"
      ],
      "responsibleRoleId": "14"
    },
    {
      "name": "Собрать",
      "color": "#3b82f6",
      "position": 2,
      "allowedActions": [
        "edit",
        "close"
      ],
      "responsibleRoleId": "3",
      "responsibleUserId": null
    },
    {
      "name": "Отложить",
      "color": "#eab308",
      "position": 3,
      "allowedActions": [],
      "responsibleUserId": null
    },
    {
      "name": "Закрыта",
      "color": "#7a7777",
      "position": 999,
      "allowedActions": []
    }
  ],
  "bidTypeResponsibleName": "Не указан",
  "currentResponsibleUserId": null,
  "clientResponsibleName": "Не указан",
  "creatorName": "Беляев Сергей",
  "createdAt": "2026-02-12T09:14:51.505Z",
  "updatedAt": "2026-02-12T09:14:51.505Z",
  "statusMetadata": {
    "responsibleSpecialist": null,
    "deadlines": {
      "processingTime": "5 рабочих дней",
      "deadline": "2026-02-17T11:07:21.104Z"
    },
    "necessaryActions": [
      "Редактирование заявки"
    ],
    "additionalResources": [
      "Общие ресурсы"
    ],
    "notifications": [
      "Стандартное уведомление"
    ]
  }
}

[2026-02-12T11:08:24.391Z] Отправка данных заявки ID: 12
{
  "clientId": 5,
  "clientName": "Уваровская Нива",
  "tema": "Тираж",
  "amount": 0,
  "status": "Открыта",
  "description": "",
  "clientObjectId": 5,
  "updNumber": null,
  "updDate": null,
  "contract": null,
  "workAddress": "",
  "bidType": {
    "id": 1,
    "name": "Выдача оборудования без преднастройки и монтажа",
    "description": "Выдача оборудования без преднастройки и монтажа",
    "statuses": [
      {
        "name": "Открыта",
        "color": "#c75a5a",
        "position": 1,
        "allowedActions": [
          "edit"
        ],
        "responsibleRoleId": "14"
      },
      {
        "name": "Собрать",
        "color": "#3b82f6",
        "position": 2,
        "allowedActions": [
          "edit",
          "close"
        ],
        "responsibleRoleId": "3",
        "responsibleUserId": null
      },
      {
        "name": "Отложить",
        "color": "#eab308",
        "position": 3,
        "allowedActions": [],
        "responsibleUserId": null
      },
      {
        "name": "Закрыта",
        "color": "#7a7777",
        "position": 999,
        "allowedActions": []
      }
    ],
    "transitions": [
      {
        "toPosition": 2,
        "fromPosition": 1
      },
      {
        "toPosition": 3,
        "fromPosition": 1
      },
      {
        "toPosition": 3,
        "fromPosition": 2
      },
      {
        "toPosition": 999,
        "fromPosition": 2
      }
    ],
    "plannedReactionTimeMinutes": 60,
    "plannedDurationMinutes": "1440",
    "createdAt": "2026-02-04T10:11:35.846Z",
    "updatedAt": "2026-02-08T12:49:49.376Z"
  },
  "bidTypeName": "Выдача оборудования без преднастройки и монтажа",
  "bidTypeStatuses": [
    {
      "name": "Открыта",
      "color": "#c75a5a",
      "position": 1,
      "allowedActions": [
        "edit"
      ],
      "responsibleRoleId": "14"
    },
    {
      "name": "Собрать",
      "color": "#3b82f6",
      "position": 2,
      "allowedActions": [
        "edit",
        "close"
      ],
      "responsibleRoleId": "3",
      "responsibleUserId": null
    },
    {
      "name": "Отложить",
      "color": "#eab308",
      "position": 3,
      "allowedActions": [],
      "responsibleUserId": null
    },
    {
      "name": "Закрыта",
      "color": "#7a7777",
      "position": 999,
      "allowedActions": []
    }
  ],
  "bidTypeResponsibleName": "Не указан",
  "currentResponsibleUserId": null,
  "clientResponsibleName": "Не указан",
  "creatorName": "Беляев Сергей",
  "createdAt": "2026-02-12T09:14:51.505Z",
  "updatedAt": "2026-02-12T09:14:51.505Z",
  "statusMetadata": {
    "responsibleSpecialist": null,
    "deadlines": {
      "processingTime": "5 рабочих дней",
      "deadline": "2026-02-17T11:08:24.391Z"
    },
    "necessaryActions": [
      "Редактирование заявки"
    ],
    "additionalResources": [
      "Общие ресурсы"
    ],
    "notifications": [
      "Стандартное уведомление"
    ]
  }
}

[2026-02-12T11:08:25.356Z] Отправка данных заявки ID: 12
{
  "clientId": 5,
  "clientName": "Уваровская Нива",
  "tema": "Тираж",
  "amount": 0,
  "status": "Открыта",
  "description": "",
  "clientObjectId": 5,
  "updNumber": null,
  "updDate": null,
  "contract": null,
  "workAddress": "",
  "bidType": {
    "id": 1,
    "name": "Выдача оборудования без преднастройки и монтажа",
    "description": "Выдача оборудования без преднастройки и монтажа",
    "statuses": [
      {
        "name": "Открыта",
        "color": "#c75a5a",
        "position": 1,
        "allowedActions": [
          "edit"
        ],
        "responsibleRoleId": "14"
      },
      {
        "name": "Собрать",
        "color": "#3b82f6",
        "position": 2,
        "allowedActions": [
          "edit",
          "close"
        ],
        "responsibleRoleId": "3",
        "responsibleUserId": null
      },
      {
        "name": "Отложить",
        "color": "#eab308",
        "position": 3,
        "allowedActions": [],
        "responsibleUserId": null
      },
      {
        "name": "Закрыта",
        "color": "#7a7777",
        "position": 999,
        "allowedActions": []
      }
    ],
    "transitions": [
      {
        "toPosition": 2,
        "fromPosition": 1
      },
      {
        "toPosition": 3,
        "fromPosition": 1
      },
      {
        "toPosition": 3,
        "fromPosition": 2
      },
      {
        "toPosition": 999,
        "fromPosition": 2
      }
    ],
    "plannedReactionTimeMinutes": 60,
    "plannedDurationMinutes": "1440",
    "createdAt": "2026-02-04T10:11:35.846Z",
    "updatedAt": "2026-02-08T12:49:49.376Z"
  },
  "bidTypeName": "Выдача оборудования без преднастройки и монтажа",
  "bidTypeStatuses": [
    {
      "name": "Открыта",
      "color": "#c75a5a",
      "position": 1,
      "allowedActions": [
        "edit"
      ],
      "responsibleRoleId": "14"
    },
    {
      "name": "Собрать",
      "color": "#3b82f6",
      "position": 2,
      "allowedActions": [
        "edit",
        "close"
      ],
      "responsibleRoleId": "3",
      "responsibleUserId": null
    },
    {
      "name": "Отложить",
      "color": "#eab308",
      "position": 3,
      "allowedActions": [],
      "responsibleUserId": null
    },
    {
      "name": "Закрыта",
      "color": "#7a7777",
      "position": 999,
      "allowedActions": []
    }
  ],
  "bidTypeResponsibleName": "Не указан",
  "currentResponsibleUserId": null,
  "clientResponsibleName": "Не указан",
  "creatorName": "Беляев Сергей",
  "createdAt": "2026-02-12T09:14:51.505Z",
  "updatedAt": "2026-02-12T09:14:51.505Z",
  "statusMetadata": {
    "responsibleSpecialist": null,
    "deadlines": {
      "processingTime": "5 рабочих дней",
      "deadline": "2026-02-17T11:08:25.356Z"
    },
    "necessaryActions": [
      "Редактирование заявки"
    ],
    "additionalResources": [
      "Общие ресурсы"
    ],
    "notifications": [
      "Стандартное уведомление"
    ]
  }
}

[2026-02-12T11:09:47.160Z] Отправка данных заявки ID: 12
{
  "clientId": 5,
  "clientName": "Уваровская Нива",
  "tema": "Тираж",
  "amount": 0,
  "status": "Открыта",
  "description": "",
  "clientObjectId": 5,
  "updNumber": null,
  "updDate": null,
  "contract": null,
  "workAddress": "",
  "bidType": {
    "id": 1,
    "name": "Выдача оборудования без преднастройки и монтажа",
    "description": "Выдача оборудования без преднастройки и монтажа",
    "statuses": [
      {
        "name": "Открыта",
        "color": "#c75a5a",
        "position": 1,
        "allowedActions": [
          "edit"
        ],
        "responsibleRoleId": "14"
      },
      {
        "name": "Собрать",
        "color": "#3b82f6",
        "position": 2,
        "allowedActions": [
          "edit",
          "close"
        ],
        "responsibleRoleId": "3",
        "responsibleUserId": null
      },
      {
        "name": "Отложить",
        "color": "#eab308",
        "position": 3,
        "allowedActions": [],
        "responsibleUserId": null
      },
      {
        "name": "Закрыта",
        "color": "#7a7777",
        "position": 999,
        "allowedActions": []
      }
    ],
    "transitions": [
      {
        "toPosition": 2,
        "fromPosition": 1
      },
      {
        "toPosition": 3,
        "fromPosition": 1
      },
      {
        "toPosition": 3,
        "fromPosition": 2
      },
      {
        "toPosition": 999,
        "fromPosition": 2
      }
    ],
    "plannedReactionTimeMinutes": 60,
    "plannedDurationMinutes": "1440",
    "createdAt": "2026-02-04T10:11:35.846Z",
    "updatedAt": "2026-02-08T12:49:49.376Z"
  },
  "bidTypeName": "Выдача оборудования без преднастройки и монтажа",
  "bidTypeStatuses": [
    {
      "name": "Открыта",
      "color": "#c75a5a",
      "position": 1,
      "allowedActions": [
        "edit"
      ],
      "responsibleRoleId": "14"
    },
    {
      "name": "Собрать",
      "color": "#3b82f6",
      "position": 2,
      "allowedActions": [
        "edit",
        "close"
      ],
      "responsibleRoleId": "3",
      "responsibleUserId": null
    },
    {
      "name": "Отложить",
      "color": "#eab308",
      "position": 3,
      "allowedActions": [],
      "responsibleUserId": null
    },
    {
      "name": "Закрыта",
      "color": "#7a7777",
      "position": 999,
      "allowedActions": []
    }
  ],
  "bidTypeResponsibleName": "Не указан",
  "currentResponsibleUserId": null,
  "clientResponsibleName": "Не указан",
  "creatorName": "Беляев Сергей",
  "createdAt": "2026-02-12T09:14:51.505Z",
  "updatedAt": "2026-02-12T09:14:51.505Z",
  "statusMetadata": {
    "responsibleSpecialist": null,
    "deadlines": {
      "processingTime": "5 рабочих дней",
      "deadline": "2026-02-17T11:09:47.160Z"
    },
    "necessaryActions": [
      "Редактирование заявки"
    ],
    "additionalResources": [
      "Общие ресурсы"
    ],
    "notifications": [
      "Стандартное уведомление"
    ]
  }
}

[2026-02-12T11:11:00.970Z] Отправка данных заявки ID: 12
{
  "clientId": 5,
  "clientName": "Уваровская Нива",
  "tema": "Тираж",
  "amount": 0,
  "status": "Открыта",
  "description": "",
  "clientObjectId": 5,
  "updNumber": null,
  "updDate": null,
  "contract": null,
  "workAddress": "",
  "bidType": {
    "id": 1,
    "name": "Выдача оборудования без преднастройки и монтажа",
    "description": "Выдача оборудования без преднастройки и монтажа",
    "statuses": [
      {
        "name": "Открыта",
        "color": "#c75a5a",
        "position": 1,
        "allowedActions": [
          "edit"
        ],
        "responsibleRoleId": "14"
      },
      {
        "name": "Собрать",
        "color": "#3b82f6",
        "position": 2,
        "allowedActions": [
          "edit",
          "close"
        ],
        "responsibleRoleId": "3",
        "responsibleUserId": null
      },
      {
        "name": "Отложить",
        "color": "#eab308",
        "position": 3,
        "allowedActions": [],
        "responsibleUserId": null
      },
      {
        "name": "Закрыта",
        "color": "#7a7777",
        "position": 999,
        "allowedActions": []
      }
    ],
    "transitions": [
      {
        "toPosition": 2,
        "fromPosition": 1
      },
      {
        "toPosition": 3,
        "fromPosition": 1
      },
      {
        "toPosition": 3,
        "fromPosition": 2
      },
      {
        "toPosition": 999,
        "fromPosition": 2
      }
    ],
    "plannedReactionTimeMinutes": 60,
    "plannedDurationMinutes": "1440",
    "createdAt": "2026-02-04T10:11:35.846Z",
    "updatedAt": "2026-02-08T12:49:49.376Z"
  },
  "bidTypeName": "Выдача оборудования без преднастройки и монтажа",
  "bidTypeStatuses": [
    {
      "name": "Открыта",
      "color": "#c75a5a",
      "position": 1,
      "allowedActions": [
        "edit"
      ],
      "responsibleRoleId": "14"
    },
    {
      "name": "Собрать",
      "color": "#3b82f6",
      "position": 2,
      "allowedActions": [
        "edit",
        "close"
      ],
      "responsibleRoleId": "3",
      "responsibleUserId": null
    },
    {
      "name": "Отложить",
      "color": "#eab308",
      "position": 3,
      "allowedActions": [],
      "responsibleUserId": null
    },
    {
      "name": "Закрыта",
      "color": "#7a7777",
      "position": 999,
      "allowedActions": []
    }
  ],
  "bidTypeResponsibleName": "Не указан",
  "currentResponsibleUserId": null,
  "clientResponsibleName": "Не указан",
  "creatorName": "Беляев Сергей",
  "createdAt": "2026-02-12T09:14:51.505Z",
  "updatedAt": "2026-02-12T09:14:51.505Z",
  "statusMetadata": {
    "responsibleSpecialist": null,
    "deadlines": {
      "processingTime": "5 рабочих дней",
      "deadline": "2026-02-17T11:11:00.970Z"
    },
    "necessaryActions": [
      "Редактирование заявки"
    ],
    "additionalResources": [
      "Общие ресурсы"
    ],
    "notifications": [
      "Стандартное уведомление"
    ]
  }
}

[2026-02-12T11:11:01.977Z] Отправка данных заявки ID: 12
{
  "clientId": 5,
  "clientName": "Уваровская Нива",
  "tema": "Тираж",
  "amount": 0,
  "status": "Открыта",
  "description": "",
  "clientObjectId": 5,
  "updNumber": null,
  "updDate": null,
  "contract": null,
  "workAddress": "",
  "bidType": {
    "id": 1,
    "name": "Выдача оборудования без преднастройки и монтажа",
    "description": "Выдача оборудования без преднастройки и монтажа",
    "statuses": [
      {
        "name": "Открыта",
        "color": "#c75a5a",
        "position": 1,
        "allowedActions": [
          "edit"
        ],
        "responsibleRoleId": "14"
      },
      {
        "name": "Собрать",
        "color": "#3b82f6",
        "position": 2,
        "allowedActions": [
          "edit",
          "close"
        ],
        "responsibleRoleId": "3",
        "responsibleUserId": null
      },
      {
        "name": "Отложить",
        "color": "#eab308",
        "position": 3,
        "allowedActions": [],
        "responsibleUserId": null
      },
      {
        "name": "Закрыта",
        "color": "#7a7777",
        "position": 999,
        "allowedActions": []
      }
    ],
    "transitions": [
      {
        "toPosition": 2,
        "fromPosition": 1
      },
      {
        "toPosition": 3,
        "fromPosition": 1
      },
      {
        "toPosition": 3,
        "fromPosition": 2
      },
      {
        "toPosition": 999,
        "fromPosition": 2
      }
    ],
    "plannedReactionTimeMinutes": 60,
    "plannedDurationMinutes": "1440",
    "createdAt": "2026-02-04T10:11:35.846Z",
    "updatedAt": "2026-02-08T12:49:49.376Z"
  },
  "bidTypeName": "Выдача оборудования без преднастройки и монтажа",
  "bidTypeStatuses": [
    {
      "name": "Открыта",
      "color": "#c75a5a",
      "position": 1,
      "allowedActions": [
        "edit"
      ],
      "responsibleRoleId": "14"
    },
    {
      "name": "Собрать",
      "color": "#3b82f6",
      "position": 2,
      "allowedActions": [
        "edit",
        "close"
      ],
      "responsibleRoleId": "3",
      "responsibleUserId": null
    },
    {
      "name": "Отложить",
      "color": "#eab308",
      "position": 3,
      "allowedActions": [],
      "responsibleUserId": null
    },
    {
      "name": "Закрыта",
      "color": "#7a7777",
      "position": 999,
      "allowedActions": []
    }
  ],
  "bidTypeResponsibleName": "Не указан",
  "currentResponsibleUserId": null,
  "clientResponsibleName": "Не указан",
  "creatorName": "Беляев Сергей",
  "createdAt": "2026-02-12T09:14:51.505Z",
  "updatedAt": "2026-02-12T09:14:51.505Z",
  "statusMetadata": {
    "responsibleSpecialist": null,
    "deadlines": {
      "processingTime": "5 рабочих дней",
      "deadline": "2026-02-17T11:11:01.975Z"
    },
    "necessaryActions": [
      "Редактирование заявки"
    ],
    "additionalResources": [
      "Общие ресурсы"
    ],
    "notifications": [
      "Стандартное уведомление"
    ]
  }
}

[2026-02-12T11:19:38.782Z] Отправка данных заявки ID: 12
{
  "clientId": 5,
  "clientName": "Уваровская Нива",
  "tema": "Тираж",
  "amount": 0,
  "status": "Открыта",
  "description": "",
  "clientObjectId": 5,
  "updNumber": null,
  "updDate": null,
  "contract": null,
  "workAddress": "",
  "bidType": {
    "id": 1,
    "name": "Выдача оборудования без преднастройки и монтажа",
    "description": "Выдача оборудования без преднастройки и монтажа",
    "statuses": [
      {
        "name": "Открыта",
        "color": "#c75a5a",
        "position": 1,
        "allowedActions": [
          "edit"
        ],
        "responsibleRoleId": "14"
      },
      {
        "name": "Собрать",
        "color": "#3b82f6",
        "position": 2,
        "allowedActions": [
          "edit",
          "close"
        ],
        "responsibleRoleId": "3",
        "responsibleUserId": null
      },
      {
        "name": "Отложить",
        "color": "#eab308",
        "position": 3,
        "allowedActions": [],
        "responsibleUserId": null
      },
      {
        "name": "Закрыта",
        "color": "#7a7777",
        "position": 999,
        "allowedActions": []
      }
    ],
    "transitions": [
      {
        "toPosition": 2,
        "fromPosition": 1
      },
      {
        "toPosition": 3,
        "fromPosition": 1
      },
      {
        "toPosition": 3,
        "fromPosition": 2
      },
      {
        "toPosition": 999,
        "fromPosition": 2
      }
    ],
    "plannedReactionTimeMinutes": 60,
    "plannedDurationMinutes": "1440",
    "createdAt": "2026-02-04T10:11:35.846Z",
    "updatedAt": "2026-02-08T12:49:49.376Z"
  },
  "bidTypeName": "Выдача оборудования без преднастройки и монтажа",
  "bidTypeStatuses": [
    {
      "name": "Открыта",
      "color": "#c75a5a",
      "position": 1,
      "allowedActions": [
        "edit"
      ],
      "responsibleRoleId": "14"
    },
    {
      "name": "Собрать",
      "color": "#3b82f6",
      "position": 2,
      "allowedActions": [
        "edit",
        "close"
      ],
      "responsibleRoleId": "3",
      "responsibleUserId": null
    },
    {
      "name": "Отложить",
      "color": "#eab308",
      "position": 3,
      "allowedActions": [],
      "responsibleUserId": null
    },
    {
      "name": "Закрыта",
      "color": "#7a7777",
      "position": 999,
      "allowedActions": []
    }
  ],
  "bidTypeResponsibleName": "Не указан",
  "currentResponsibleUserId": null,
  "clientResponsibleName": "Не указан",
  "creatorName": "Беляев Сергей",
  "createdAt": "2026-02-12T09:14:51.505Z",
  "updatedAt": "2026-02-12T09:14:51.505Z",
  "statusMetadata": {
    "responsibleSpecialist": null,
    "deadlines": {
      "processingTime": "5 рабочих дней",
      "deadline": "2026-02-17T11:19:38.781Z"
    },
    "necessaryActions": [
      "Редактирование заявки"
    ],
    "additionalResources": [
      "Общие ресурсы"
    ],
    "notifications": [
      "Стандартное уведомление"
    ]
  }
}

[2026-02-12T11:22:30.010Z] Отправка данных заявки ID: 12
{
  "clientId": 5,
  "clientName": "Уваровская Нива",
  "tema": "Тираж",
  "amount": 0,
  "status": "Открыта",
  "description": "",
  "clientObjectId": 5,
  "updNumber": null,
  "updDate": null,
  "contract": null,
  "workAddress": "",
  "bidType": {
    "id": 1,
    "name": "Выдача оборудования без преднастройки и монтажа",
    "description": "Выдача оборудования без преднастройки и монтажа",
    "statuses": [
      {
        "name": "Открыта",
        "color": "#c75a5a",
        "position": 1,
        "allowedActions": [
          "edit"
        ],
        "responsibleRoleId": "14"
      },
      {
        "name": "Собрать",
        "color": "#3b82f6",
        "position": 2,
        "allowedActions": [
          "edit",
          "close"
        ],
        "responsibleRoleId": "3",
        "responsibleUserId": null
      },
      {
        "name": "Отложить",
        "color": "#eab308",
        "position": 3,
        "allowedActions": [],
        "responsibleUserId": null
      },
      {
        "name": "Закрыта",
        "color": "#7a7777",
        "position": 999,
        "allowedActions": []
      }
    ],
    "transitions": [
      {
        "toPosition": 2,
        "fromPosition": 1
      },
      {
        "toPosition": 3,
        "fromPosition": 1
      },
      {
        "toPosition": 3,
        "fromPosition": 2
      },
      {
        "toPosition": 999,
        "fromPosition": 2
      }
    ],
    "plannedReactionTimeMinutes": 60,
    "plannedDurationMinutes": "1440",
    "createdAt": "2026-02-04T10:11:35.846Z",
    "updatedAt": "2026-02-08T12:49:49.376Z"
  },
  "bidTypeName": "Выдача оборудования без преднастройки и монтажа",
  "bidTypeStatuses": [
    {
      "name": "Открыта",
      "color": "#c75a5a",
      "position": 1,
      "allowedActions": [
        "edit"
      ],
      "responsibleRoleId": "14"
    },
    {
      "name": "Собрать",
      "color": "#3b82f6",
      "position": 2,
      "allowedActions": [
        "edit",
        "close"
      ],
      "responsibleRoleId": "3",
      "responsibleUserId": null
    },
    {
      "name": "Отложить",
      "color": "#eab308",
      "position": 3,
      "allowedActions": [],
      "responsibleUserId": null
    },
    {
      "name": "Закрыта",
      "color": "#7a7777",
      "position": 999,
      "allowedActions": []
    }
  ],
  "bidTypeResponsibleName": "Не указан",
  "currentResponsibleUserId": null,
  "clientResponsibleName": "Не указан",
  "creatorName": "Беляев Сергей",
  "createdAt": "2026-02-12T09:14:51.505Z",
  "updatedAt": "2026-02-12T09:14:51.505Z",
  "statusMetadata": {
    "responsibleSpecialist": null,
    "deadlines": {
      "processingTime": "5 рабочих дней",
      "deadline": "2026-02-17T11:22:30.006Z"
    },
    "necessaryActions": [
      "Редактирование заявки"
    ],
    "additionalResources": [
      "Общие ресурсы"
    ],
    "notifications": [
      "Стандартное уведомление"
    ]
  }
}

[2026-02-12T11:22:30.743Z] Отправка данных заявки ID: 12
{
  "clientId": 5,
  "clientName": "Уваровская Нива",
  "tema": "Тираж",
  "amount": 0,
  "status": "Открыта",
  "description": "",
  "clientObjectId": 5,
  "updNumber": null,
  "updDate": null,
  "contract": null,
  "workAddress": "",
  "bidType": {
    "id": 1,
    "name": "Выдача оборудования без преднастройки и монтажа",
    "description": "Выдача оборудования без преднастройки и монтажа",
    "statuses": [
      {
        "name": "Открыта",
        "color": "#c75a5a",
        "position": 1,
        "allowedActions": [
          "edit"
        ],
        "responsibleRoleId": "14"
      },
      {
        "name": "Собрать",
        "color": "#3b82f6",
        "position": 2,
        "allowedActions": [
          "edit",
          "close"
        ],
        "responsibleRoleId": "3",
        "responsibleUserId": null
      },
      {
        "name": "Отложить",
        "color": "#eab308",
        "position": 3,
        "allowedActions": [],
        "responsibleUserId": null
      },
      {
        "name": "Закрыта",
        "color": "#7a7777",
        "position": 999,
        "allowedActions": []
      }
    ],
    "transitions": [
      {
        "toPosition": 2,
        "fromPosition": 1
      },
      {
        "toPosition": 3,
        "fromPosition": 1
      },
      {
        "toPosition": 3,
        "fromPosition": 2
      },
      {
        "toPosition": 999,
        "fromPosition": 2
      }
    ],
    "plannedReactionTimeMinutes": 60,
    "plannedDurationMinutes": "1440",
    "createdAt": "2026-02-04T10:11:35.846Z",
    "updatedAt": "2026-02-08T12:49:49.376Z"
  },
  "bidTypeName": "Выдача оборудования без преднастройки и монтажа",
  "bidTypeStatuses": [
    {
      "name": "Открыта",
      "color": "#c75a5a",
      "position": 1,
      "allowedActions": [
        "edit"
      ],
      "responsibleRoleId": "14"
    },
    {
      "name": "Собрать",
      "color": "#3b82f6",
      "position": 2,
      "allowedActions": [
        "edit",
        "close"
      ],
      "responsibleRoleId": "3",
      "responsibleUserId": null
    },
    {
      "name": "Отложить",
      "color": "#eab308",
      "position": 3,
      "allowedActions": [],
      "responsibleUserId": null
    },
    {
      "name": "Закрыта",
      "color": "#7a7777",
      "position": 999,
      "allowedActions": []
    }
  ],
  "bidTypeResponsibleName": "Не указан",
  "currentResponsibleUserId": null,
  "clientResponsibleName": "Не указан",
  "creatorName": "Беляев Сергей",
  "createdAt": "2026-02-12T09:14:51.505Z",
  "updatedAt": "2026-02-12T09:14:51.505Z",
  "statusMetadata": {
    "responsibleSpecialist": null,
    "deadlines": {
      "processingTime": "5 рабочих дней",
      "deadline": "2026-02-17T11:22:30.743Z"
    },
    "necessaryActions": [
      "Редактирование заявки"
    ],
    "additionalResources": [
      "Общие ресурсы"
    ],
    "notifications": [
      "Стандартное уведомление"
    ]
  }
}

[2026-02-12T11:23:43.218Z] Отправка данных заявки ID: 12
{
  "clientId": 5,
  "clientName": "Уваровская Нива",
  "tema": "Тираж",
  "amount": 0,
  "status": "Открыта",
  "description": "",
  "clientObjectId": 5,
  "updNumber": null,
  "updDate": null,
  "contract": null,
  "workAddress": "",
  "bidType": {
    "id": 1,
    "name": "Выдача оборудования без преднастройки и монтажа",
    "description": "Выдача оборудования без преднастройки и монтажа",
    "statuses": [
      {
        "name": "Открыта",
        "color": "#c75a5a",
        "position": 1,
        "allowedActions": [
          "edit"
        ],
        "responsibleRoleId": "14"
      },
      {
        "name": "Собрать",
        "color": "#3b82f6",
        "position": 2,
        "allowedActions": [
          "edit",
          "close"
        ],
        "responsibleRoleId": "3",
        "responsibleUserId": null
      },
      {
        "name": "Отложить",
        "color": "#eab308",
        "position": 3,
        "allowedActions": [],
        "responsibleUserId": null
      },
      {
        "name": "Закрыта",
        "color": "#7a7777",
        "position": 999,
        "allowedActions": []
      }
    ],
    "transitions": [
      {
        "toPosition": 2,
        "fromPosition": 1
      },
      {
        "toPosition": 3,
        "fromPosition": 1
      },
      {
        "toPosition": 3,
        "fromPosition": 2
      },
      {
        "toPosition": 999,
        "fromPosition": 2
      }
    ],
    "plannedReactionTimeMinutes": 60,
    "plannedDurationMinutes": "1440",
    "createdAt": "2026-02-04T10:11:35.846Z",
    "updatedAt": "2026-02-08T12:49:49.376Z"
  },
  "bidTypeName": "Выдача оборудования без преднастройки и монтажа",
  "bidTypeStatuses": [
    {
      "name": "Открыта",
      "color": "#c75a5a",
      "position": 1,
      "allowedActions": [
        "edit"
      ],
      "responsibleRoleId": "14"
    },
    {
      "name": "Собрать",
      "color": "#3b82f6",
      "position": 2,
      "allowedActions": [
        "edit",
        "close"
      ],
      "responsibleRoleId": "3",
      "responsibleUserId": null
    },
    {
      "name": "Отложить",
      "color": "#eab308",
      "position": 3,
      "allowedActions": [],
      "responsibleUserId": null
    },
    {
      "name": "Закрыта",
      "color": "#7a7777",
      "position": 999,
      "allowedActions": []
    }
  ],
  "bidTypeResponsibleName": "Не указан",
  "currentResponsibleUserId": null,
  "clientResponsibleName": "Не указан",
  "creatorName": "Беляев Сергей",
  "createdAt": "2026-02-12T09:14:51.505Z",
  "updatedAt": "2026-02-12T09:14:51.505Z",
  "statusMetadata": {
    "responsibleSpecialist": null,
    "deadlines": {
      "processingTime": "5 рабочих дней",
      "deadline": "2026-02-17T11:23:43.217Z"
    },
    "necessaryActions": [
      "Редактирование заявки"
    ],
    "additionalResources": [
      "Общие ресурсы"
    ],
    "notifications": [
      "Стандартное уведомление"
    ]
  }
}

[2026-02-12T11:24:13.792Z] Отправка данных заявки ID: 12
{
  "clientId": 5,
  "clientName": "Уваровская Нива",
  "tema": "Тираж",
  "amount": 0,
  "status": "Открыта",
  "description": "",
  "clientObjectId": 5,
  "updNumber": null,
  "updDate": null,
  "contract": null,
  "workAddress": "",
  "bidType": {
    "id": 1,
    "name": "Выдача оборудования без преднастройки и монтажа",
    "description": "Выдача оборудования без преднастройки и монтажа",
    "statuses": [
      {
        "name": "Открыта",
        "color": "#c75a5a",
        "position": 1,
        "allowedActions": [
          "edit"
        ],
        "responsibleRoleId": "14"
      },
      {
        "name": "Собрать",
        "color": "#3b82f6",
        "position": 2,
        "allowedActions": [
          "edit",
          "close"
        ],
        "responsibleRoleId": "3",
        "responsibleUserId": null
      },
      {
        "name": "Отложить",
        "color": "#eab308",
        "position": 3,
        "allowedActions": [],
        "responsibleUserId": null
      },
      {
        "name": "Закрыта",
        "color": "#7a7777",
        "position": 999,
        "allowedActions": []
      }
    ],
    "transitions": [
      {
        "toPosition": 2,
        "fromPosition": 1
      },
      {
        "toPosition": 3,
        "fromPosition": 1
      },
      {
        "toPosition": 3,
        "fromPosition": 2
      },
      {
        "toPosition": 999,
        "fromPosition": 2
      }
    ],
    "plannedReactionTimeMinutes": 60,
    "plannedDurationMinutes": "1440",
    "createdAt": "2026-02-04T10:11:35.846Z",
    "updatedAt": "2026-02-08T12:49:49.376Z"
  },
  "bidTypeName": "Выдача оборудования без преднастройки и монтажа",
  "bidTypeStatuses": [
    {
      "name": "Открыта",
      "color": "#c75a5a",
      "position": 1,
      "allowedActions": [
        "edit"
      ],
      "responsibleRoleId": "14"
    },
    {
      "name": "Собрать",
      "color": "#3b82f6",
      "position": 2,
      "allowedActions": [
        "edit",
        "close"
      ],
      "responsibleRoleId": "3",
      "responsibleUserId": null
    },
    {
      "name": "Отложить",
      "color": "#eab308",
      "position": 3,
      "allowedActions": [],
      "responsibleUserId": null
    },
    {
      "name": "Закрыта",
      "color": "#7a7777",
      "position": 999,
      "allowedActions": []
    }
  ],
  "bidTypeResponsibleName": "Не указан",
  "currentResponsibleUserId": null,
  "clientResponsibleName": "Не указан",
  "creatorName": "Беляев Сергей",
  "createdAt": "2026-02-12T09:14:51.505Z",
  "updatedAt": "2026-02-12T09:14:51.505Z",
  "statusMetadata": {
    "responsibleSpecialist": null,
    "deadlines": {
      "processingTime": "5 рабочих дней",
      "deadline": "2026-02-17T11:24:13.791Z"
    },
    "necessaryActions": [
      "Редактирование заявки"
    ],
    "additionalResources": [
      "Общие ресурсы"
    ],
    "notifications": [
      "Стандартное уведомление"
    ]
  }
}

[2026-02-12T11:25:21.787Z] Отправка данных заявки ID: 12
{
  "clientId": 5,
  "clientName": "Уваровская Нива",
  "tema": "Тираж",
  "amount": 0,
  "status": "Открыта",
  "description": "",
  "clientObjectId": 5,
  "updNumber": null,
  "updDate": null,
  "contract": null,
  "workAddress": "",
  "bidType": {
    "id": 1,
    "name": "Выдача оборудования без преднастройки и монтажа",
    "description": "Выдача оборудования без преднастройки и монтажа",
    "statuses": [
      {
        "name": "Открыта",
        "color": "#c75a5a",
        "position": 1,
        "allowedActions": [
          "edit"
        ],
        "responsibleRoleId": "14"
      },
      {
        "name": "Собрать",
        "color": "#3b82f6",
        "position": 2,
        "allowedActions": [
          "edit",
          "close"
        ],
        "responsibleRoleId": "3",
        "responsibleUserId": null
      },
      {
        "name": "Отложить",
        "color": "#eab308",
        "position": 3,
        "allowedActions": [],
        "responsibleUserId": null
      },
      {
        "name": "Закрыта",
        "color": "#7a7777",
        "position": 999,
        "allowedActions": []
      }
    ],
    "transitions": [
      {
        "toPosition": 2,
        "fromPosition": 1
      },
      {
        "toPosition": 3,
        "fromPosition": 1
      },
      {
        "toPosition": 3,
        "fromPosition": 2
      },
      {
        "toPosition": 999,
        "fromPosition": 2
      }
    ],
    "plannedReactionTimeMinutes": 60,
    "plannedDurationMinutes": "1440",
    "createdAt": "2026-02-04T10:11:35.846Z",
    "updatedAt": "2026-02-08T12:49:49.376Z"
  },
  "bidTypeName": "Выдача оборудования без преднастройки и монтажа",
  "bidTypeStatuses": [
    {
      "name": "Открыта",
      "color": "#c75a5a",
      "position": 1,
      "allowedActions": [
        "edit"
      ],
      "responsibleRoleId": "14"
    },
    {
      "name": "Собрать",
      "color": "#3b82f6",
      "position": 2,
      "allowedActions": [
        "edit",
        "close"
      ],
      "responsibleRoleId": "3",
      "responsibleUserId": null
    },
    {
      "name": "Отложить",
      "color": "#eab308",
      "position": 3,
      "allowedActions": [],
      "responsibleUserId": null
    },
    {
      "name": "Закрыта",
      "color": "#7a7777",
      "position": 999,
      "allowedActions": []
    }
  ],
  "bidTypeResponsibleName": "Не указан",
  "currentResponsibleUserId": null,
  "clientResponsibleName": "Не указан",
  "creatorName": "Беляев Сергей",
  "createdAt": "2026-02-12T09:14:51.505Z",
  "updatedAt": "2026-02-12T09:14:51.505Z",
  "statusMetadata": {
    "responsibleSpecialist": null,
    "deadlines": {
      "processingTime": "5 рабочих дней",
      "deadline": "2026-02-17T11:25:21.785Z"
    },
    "necessaryActions": [
      "Редактирование заявки"
    ],
    "additionalResources": [
      "Общие ресурсы"
    ],
    "notifications": [
      "Стандартное уведомление"
    ]
  }
}

[2026-02-12T11:25:55.739Z] Отправка данных заявки ID: 12
{
  "clientId": 5,
  "clientName": "Уваровская Нива",
  "tema": "Тираж",
  "amount": 0,
  "status": "Открыта",
  "description": "",
  "clientObjectId": 5,
  "updNumber": null,
  "updDate": null,
  "contract": null,
  "workAddress": "",
  "bidType": {
    "id": 1,
    "name": "Выдача оборудования без преднастройки и монтажа",
    "description": "Выдача оборудования без преднастройки и монтажа",
    "statuses": [
      {
        "name": "Открыта",
        "color": "#c75a5a",
        "position": 1,
        "allowedActions": [
          "edit"
        ],
        "responsibleRoleId": "14"
      },
      {
        "name": "Собрать",
        "color": "#3b82f6",
        "position": 2,
        "allowedActions": [
          "edit",
          "close"
        ],
        "responsibleRoleId": "3",
        "responsibleUserId": null
      },
      {
        "name": "Отложить",
        "color": "#eab308",
        "position": 3,
        "allowedActions": [],
        "responsibleUserId": null
      },
      {
        "name": "Закрыта",
        "color": "#7a7777",
        "position": 999,
        "allowedActions": []
      }
    ],
    "transitions": [
      {
        "toPosition": 2,
        "fromPosition": 1
      },
      {
        "toPosition": 3,
        "fromPosition": 1
      },
      {
        "toPosition": 3,
        "fromPosition": 2
      },
      {
        "toPosition": 999,
        "fromPosition": 2
      }
    ],
    "plannedReactionTimeMinutes": 60,
    "plannedDurationMinutes": "1440",
    "createdAt": "2026-02-04T10:11:35.846Z",
    "updatedAt": "2026-02-08T12:49:49.376Z"
  },
  "bidTypeName": "Выдача оборудования без преднастройки и монтажа",
  "bidTypeStatuses": [
    {
      "name": "Открыта",
      "color": "#c75a5a",
      "position": 1,
      "allowedActions": [
        "edit"
      ],
      "responsibleRoleId": "14"
    },
    {
      "name": "Собрать",
      "color": "#3b82f6",
      "position": 2,
      "allowedActions": [
        "edit",
        "close"
      ],
      "responsibleRoleId": "3",
      "responsibleUserId": null
    },
    {
      "name": "Отложить",
      "color": "#eab308",
      "position": 3,
      "allowedActions": [],
      "responsibleUserId": null
    },
    {
      "name": "Закрыта",
      "color": "#7a7777",
      "position": 999,
      "allowedActions": []
    }
  ],
  "bidTypeResponsibleName": "Не указан",
  "currentResponsibleUserId": null,
  "clientResponsibleName": "Не указан",
  "creatorName": "Беляев Сергей",
  "createdAt": "2026-02-12T09:14:51.505Z",
  "updatedAt": "2026-02-12T09:14:51.505Z",
  "statusMetadata": {
    "responsibleSpecialist": null,
    "deadlines": {
      "processingTime": "5 рабочих дней",
      "deadline": "2026-02-17T11:25:55.738Z"
    },
    "necessaryActions": [
      "Редактирование заявки"
    ],
    "additionalResources": [
      "Общие ресурсы"
    ],
    "notifications": [
      "Стандартное уведомление"
    ]
  }
}

[2026-02-12T11:26:37.546Z] Отправка данных заявки ID: 12
{
  "clientId": 5,
  "clientName": "Уваровская Нива",
  "tema": "Тираж",
  "amount": 0,
  "status": "Открыта",
  "description": "",
  "clientObjectId": 5,
  "updNumber": null,
  "updDate": null,
  "contract": null,
  "workAddress": "",
  "bidType": {
    "id": 1,
    "name": "Выдача оборудования без преднастройки и монтажа",
    "description": "Выдача оборудования без преднастройки и монтажа",
    "statuses": [
      {
        "name": "Открыта",
        "color": "#c75a5a",
        "position": 1,
        "allowedActions": [
          "edit"
        ],
        "responsibleRoleId": "14"
      },
      {
        "name": "Собрать",
        "color": "#3b82f6",
        "position": 2,
        "allowedActions": [
          "edit",
          "close"
        ],
        "responsibleRoleId": "3",
        "responsibleUserId": null
      },
      {
        "name": "Отложить",
        "color": "#eab308",
        "position": 3,
        "allowedActions": [],
        "responsibleUserId": null
      },
      {
        "name": "Закрыта",
        "color": "#7a7777",
        "position": 999,
        "allowedActions": []
      }
    ],
    "transitions": [
      {
        "toPosition": 2,
        "fromPosition": 1
      },
      {
        "toPosition": 3,
        "fromPosition": 1
      },
      {
        "toPosition": 3,
        "fromPosition": 2
      },
      {
        "toPosition": 999,
        "fromPosition": 2
      }
    ],
    "plannedReactionTimeMinutes": 60,
    "plannedDurationMinutes": "1440",
    "createdAt": "2026-02-04T10:11:35.846Z",
    "updatedAt": "2026-02-08T12:49:49.376Z"
  },
  "bidTypeName": "Выдача оборудования без преднастройки и монтажа",
  "bidTypeStatuses": [
    {
      "name": "Открыта",
      "color": "#c75a5a",
      "position": 1,
      "allowedActions": [
        "edit"
      ],
      "responsibleRoleId": "14"
    },
    {
      "name": "Собрать",
      "color": "#3b82f6",
      "position": 2,
      "allowedActions": [
        "edit",
        "close"
      ],
      "responsibleRoleId": "3",
      "responsibleUserId": null
    },
    {
      "name": "Отложить",
      "color": "#eab308",
      "position": 3,
      "allowedActions": [],
      "responsibleUserId": null
    },
    {
      "name": "Закрыта",
      "color": "#7a7777",
      "position": 999,
      "allowedActions": []
    }
  ],
  "bidTypeResponsibleName": "Не указан",
  "currentResponsibleUserId": null,
  "clientResponsibleName": "Не указан",
  "creatorName": "Беляев Сергей",
  "createdAt": "2026-02-12T09:14:51.505Z",
  "updatedAt": "2026-02-12T09:14:51.505Z",
  "statusMetadata": {
    "responsibleSpecialist": null,
    "deadlines": {
      "processingTime": "5 рабочих дней",
      "deadline": "2026-02-17T11:26:37.546Z"
    },
    "necessaryActions": [
      "Редактирование заявки"
    ],
    "additionalResources": [
      "Общие ресурсы"
    ],
    "notifications": [
      "Стандартное уведомление"
    ]
  }
}

[2026-02-12T11:26:38.528Z] Отправка данных заявки ID: 12
{
  "clientId": 5,
  "clientName": "Уваровская Нива",
  "tema": "Тираж",
  "amount": 0,
  "status": "Открыта",
  "description": "",
  "clientObjectId": 5,
  "updNumber": null,
  "updDate": null,
  "contract": null,
  "workAddress": "",
  "bidType": {
    "id": 1,
    "name": "Выдача оборудования без преднастройки и монтажа",
    "description": "Выдача оборудования без преднастройки и монтажа",
    "statuses": [
      {
        "name": "Открыта",
        "color": "#c75a5a",
        "position": 1,
        "allowedActions": [
          "edit"
        ],
        "responsibleRoleId": "14"
      },
      {
        "name": "Собрать",
        "color": "#3b82f6",
        "position": 2,
        "allowedActions": [
          "edit",
          "close"
        ],
        "responsibleRoleId": "3",
        "responsibleUserId": null
      },
      {
        "name": "Отложить",
        "color": "#eab308",
        "position": 3,
        "allowedActions": [],
        "responsibleUserId": null
      },
      {
        "name": "Закрыта",
        "color": "#7a7777",
        "position": 999,
        "allowedActions": []
      }
    ],
    "transitions": [
      {
        "toPosition": 2,
        "fromPosition": 1
      },
      {
        "toPosition": 3,
        "fromPosition": 1
      },
      {
        "toPosition": 3,
        "fromPosition": 2
      },
      {
        "toPosition": 999,
        "fromPosition": 2
      }
    ],
    "plannedReactionTimeMinutes": 60,
    "plannedDurationMinutes": "1440",
    "createdAt": "2026-02-04T10:11:35.846Z",
    "updatedAt": "2026-02-08T12:49:49.376Z"
  },
  "bidTypeName": "Выдача оборудования без преднастройки и монтажа",
  "bidTypeStatuses": [
    {
      "name": "Открыта",
      "color": "#c75a5a",
      "position": 1,
      "allowedActions": [
        "edit"
      ],
      "responsibleRoleId": "14"
    },
    {
      "name": "Собрать",
      "color": "#3b82f6",
      "position": 2,
      "allowedActions": [
        "edit",
        "close"
      ],
      "responsibleRoleId": "3",
      "responsibleUserId": null
    },
    {
      "name": "Отложить",
      "color": "#eab308",
      "position": 3,
      "allowedActions": [],
      "responsibleUserId": null
    },
    {
      "name": "Закрыта",
      "color": "#7a7777",
      "position": 999,
      "allowedActions": []
    }
  ],
  "bidTypeResponsibleName": "Не указан",
  "currentResponsibleUserId": null,
  "clientResponsibleName": "Не указан",
  "creatorName": "Беляев Сергей",
  "createdAt": "2026-02-12T09:14:51.505Z",
  "updatedAt": "2026-02-12T09:14:51.505Z",
  "statusMetadata": {
    "responsibleSpecialist": null,
    "deadlines": {
      "processingTime": "5 рабочих дней",
      "deadline": "2026-02-17T11:26:38.528Z"
    },
    "necessaryActions": [
      "Редактирование заявки"
    ],
    "additionalResources": [
      "Общие ресурсы"
    ],
    "notifications": [
      "Стандартное уведомление"
    ]
  }
}

[2026-02-12T11:31:04.285Z] Отправка данных заявки ID: 12
{
  "clientId": 5,
  "clientName": "Уваровская Нива",
  "tema": "Тираж",
  "amount": 0,
  "status": "Открыта",
  "description": "",
  "clientObjectId": 5,
  "updNumber": null,
  "updDate": null,
  "contract": null,
  "workAddress": "",
  "bidType": {
    "id": 1,
    "name": "Выдача оборудования без преднастройки и монтажа",
    "description": "Выдача оборудования без преднастройки и монтажа",
    "statuses": [
      {
        "name": "Открыта",
        "color": "#c75a5a",
        "position": 1,
        "allowedActions": [
          "edit"
        ],
        "responsibleRoleId": "14"
      },
      {
        "name": "Собрать",
        "color": "#3b82f6",
        "position": 2,
        "allowedActions": [
          "edit",
          "close"
        ],
        "responsibleRoleId": "3",
        "responsibleUserId": null
      },
      {
        "name": "Отложить",
        "color": "#eab308",
        "position": 3,
        "allowedActions": [],
        "responsibleUserId": null
      },
      {
        "name": "Закрыта",
        "color": "#7a7777",
        "position": 999,
        "allowedActions": []
      }
    ],
    "transitions": [
      {
        "toPosition": 2,
        "fromPosition": 1
      },
      {
        "toPosition": 3,
        "fromPosition": 1
      },
      {
        "toPosition": 3,
        "fromPosition": 2
      },
      {
        "toPosition": 999,
        "fromPosition": 2
      }
    ],
    "plannedReactionTimeMinutes": 60,
    "plannedDurationMinutes": "1440",
    "createdAt": "2026-02-04T10:11:35.846Z",
    "updatedAt": "2026-02-08T12:49:49.376Z"
  },
  "bidTypeName": "Выдача оборудования без преднастройки и монтажа",
  "bidTypeStatuses": [
    {
      "name": "Открыта",
      "color": "#c75a5a",
      "position": 1,
      "allowedActions": [
        "edit"
      ],
      "responsibleRoleId": "14"
    },
    {
      "name": "Собрать",
      "color": "#3b82f6",
      "position": 2,
      "allowedActions": [
        "edit",
        "close"
      ],
      "responsibleRoleId": "3",
      "responsibleUserId": null
    },
    {
      "name": "Отложить",
      "color": "#eab308",
      "position": 3,
      "allowedActions": [],
      "responsibleUserId": null
    },
    {
      "name": "Закрыта",
      "color": "#7a7777",
      "position": 999,
      "allowedActions": []
    }
  ],
  "bidTypeResponsibleName": "Не указан",
  "currentResponsibleUserId": null,
  "clientResponsibleName": "Не указан",
  "creatorName": "Беляев Сергей",
  "createdAt": "2026-02-12T09:14:51.505Z",
  "updatedAt": "2026-02-12T09:14:51.505Z",
  "statusMetadata": {
    "responsibleSpecialist": null,
    "deadlines": {
      "processingTime": "5 рабочих дней",
      "deadline": "2026-02-17T11:31:04.285Z"
    },
    "necessaryActions": [
      "Редактирование заявки"
    ],
    "additionalResources": [
      "Общие ресурсы"
    ],
    "notifications": [
      "Стандартное уведомление"
    ]
  }
}

[2026-02-12T11:31:05.283Z] Отправка данных заявки ID: 12
{
  "clientId": 5,
  "clientName": "Уваровская Нива",
  "tema": "Тираж",
  "amount": 0,
  "status": "Открыта",
  "description": "",
  "clientObjectId": 5,
  "updNumber": null,
  "updDate": null,
  "contract": null,
  "workAddress": "",
  "bidType": {
    "id": 1,
    "name": "Выдача оборудования без преднастройки и монтажа",
    "description": "Выдача оборудования без преднастройки и монтажа",
    "statuses": [
      {
        "name": "Открыта",
        "color": "#c75a5a",
        "position": 1,
        "allowedActions": [
          "edit"
        ],
        "responsibleRoleId": "14"
      },
      {
        "name": "Собрать",
        "color": "#3b82f6",
        "position": 2,
        "allowedActions": [
          "edit",
          "close"
        ],
        "responsibleRoleId": "3",
        "responsibleUserId": null
      },
      {
        "name": "Отложить",
        "color": "#eab308",
        "position": 3,
        "allowedActions": [],
        "responsibleUserId": null
      },
      {
        "name": "Закрыта",
        "color": "#7a7777",
        "position": 999,
        "allowedActions": []
      }
    ],
    "transitions": [
      {
        "toPosition": 2,
        "fromPosition": 1
      },
      {
        "toPosition": 3,
        "fromPosition": 1
      },
      {
        "toPosition": 3,
        "fromPosition": 2
      },
      {
        "toPosition": 999,
        "fromPosition": 2
      }
    ],
    "plannedReactionTimeMinutes": 60,
    "plannedDurationMinutes": "1440",
    "createdAt": "2026-02-04T10:11:35.846Z",
    "updatedAt": "2026-02-08T12:49:49.376Z"
  },
  "bidTypeName": "Выдача оборудования без преднастройки и монтажа",
  "bidTypeStatuses": [
    {
      "name": "Открыта",
      "color": "#c75a5a",
      "position": 1,
      "allowedActions": [
        "edit"
      ],
      "responsibleRoleId": "14"
    },
    {
      "name": "Собрать",
      "color": "#3b82f6",
      "position": 2,
      "allowedActions": [
        "edit",
        "close"
      ],
      "responsibleRoleId": "3",
      "responsibleUserId": null
    },
    {
      "name": "Отложить",
      "color": "#eab308",
      "position": 3,
      "allowedActions": [],
      "responsibleUserId": null
    },
    {
      "name": "Закрыта",
      "color": "#7a7777",
      "position": 999,
      "allowedActions": []
    }
  ],
  "bidTypeResponsibleName": "Не указан",
  "currentResponsibleUserId": null,
  "clientResponsibleName": "Не указан",
  "creatorName": "Беляев Сергей",
  "createdAt": "2026-02-12T09:14:51.505Z",
  "updatedAt": "2026-02-12T09:14:51.505Z",
  "statusMetadata": {
    "responsibleSpecialist": null,
    "deadlines": {
      "processingTime": "5 рабочих дней",
      "deadline": "2026-02-17T11:31:05.282Z"
    },
    "necessaryActions": [
      "Редактирование заявки"
    ],
    "additionalResources": [
      "Общие ресурсы"
    ],
    "notifications": [
      "Стандартное уведомление"
    ]
  }
}

[2026-02-12T11:34:07.761Z] Отправка данных заявки ID: 12
{
  "clientId": 5,
  "clientName": "Уваровская Нива",
  "tema": "Тираж",
  "amount": 0,
  "status": "Открыта",
  "description": "",
  "clientObjectId": 5,
  "updNumber": null,
  "updDate": null,
  "contract": "Д-12-202602-8246",
  "workAddress": "",
  "bidType": {
    "id": 1,
    "name": "Выдача оборудования без преднастройки и монтажа",
    "description": "Выдача оборудования без преднастройки и монтажа",
    "statuses": [
      {
        "name": "Открыта",
        "color": "#c75a5a",
        "position": 1,
        "allowedActions": [
          "edit"
        ],
        "responsibleRoleId": "14"
      },
      {
        "name": "Собрать",
        "color": "#3b82f6",
        "position": 2,
        "allowedActions": [
          "edit",
          "close"
        ],
        "responsibleRoleId": "3",
        "responsibleUserId": null
      },
      {
        "name": "Отложить",
        "color": "#eab308",
        "position": 3,
        "allowedActions": [],
        "responsibleUserId": null
      },
      {
        "name": "Закрыта",
        "color": "#7a7777",
        "position": 999,
        "allowedActions": []
      }
    ],
    "transitions": [
      {
        "toPosition": 2,
        "fromPosition": 1
      },
      {
        "toPosition": 3,
        "fromPosition": 1
      },
      {
        "toPosition": 3,
        "fromPosition": 2
      },
      {
        "toPosition": 999,
        "fromPosition": 2
      }
    ],
    "plannedReactionTimeMinutes": 60,
    "plannedDurationMinutes": "1440",
    "createdAt": "2026-02-04T10:11:35.846Z",
    "updatedAt": "2026-02-08T12:49:49.376Z"
  },
  "bidTypeName": "Выдача оборудования без преднастройки и монтажа",
  "bidTypeStatuses": [
    {
      "name": "Открыта",
      "color": "#c75a5a",
      "position": 1,
      "allowedActions": [
        "edit"
      ],
      "responsibleRoleId": "14"
    },
    {
      "name": "Собрать",
      "color": "#3b82f6",
      "position": 2,
      "allowedActions": [
        "edit",
        "close"
      ],
      "responsibleRoleId": "3",
      "responsibleUserId": null
    },
    {
      "name": "Отложить",
      "color": "#eab308",
      "position": 3,
      "allowedActions": [],
      "responsibleUserId": null
    },
    {
      "name": "Закрыта",
      "color": "#7a7777",
      "position": 999,
      "allowedActions": []
    }
  ],
  "bidTypeResponsibleName": "Не указан",
  "currentResponsibleUserId": null,
  "clientResponsibleName": "Не указан",
  "creatorName": "Беляев Сергей",
  "createdAt": "2026-02-12T09:14:51.505Z",
  "updatedAt": "2026-02-12T11:31:45.942Z",
  "statusMetadata": {
    "responsibleSpecialist": null,
    "deadlines": {
      "processingTime": "5 рабочих дней",
      "deadline": "2026-02-17T11:34:07.761Z"
    },
    "necessaryActions": [
      "Редактирование заявки"
    ],
    "additionalResources": [
      "Общие ресурсы"
    ],
    "notifications": [
      "Стандартное уведомление"
    ]
  }
}

[2026-02-12T11:34:08.695Z] Отправка данных заявки ID: 12
{
  "clientId": 5,
  "clientName": "Уваровская Нива",
  "tema": "Тираж",
  "amount": 0,
  "status": "Открыта",
  "description": "",
  "clientObjectId": 5,
  "updNumber": null,
  "updDate": null,
  "contract": "Д-12-202602-8246",
  "workAddress": "",
  "bidType": {
    "id": 1,
    "name": "Выдача оборудования без преднастройки и монтажа",
    "description": "Выдача оборудования без преднастройки и монтажа",
    "statuses": [
      {
        "name": "Открыта",
        "color": "#c75a5a",
        "position": 1,
        "allowedActions": [
          "edit"
        ],
        "responsibleRoleId": "14"
      },
      {
        "name": "Собрать",
        "color": "#3b82f6",
        "position": 2,
        "allowedActions": [
          "edit",
          "close"
        ],
        "responsibleRoleId": "3",
        "responsibleUserId": null
      },
      {
        "name": "Отложить",
        "color": "#eab308",
        "position": 3,
        "allowedActions": [],
        "responsibleUserId": null
      },
      {
        "name": "Закрыта",
        "color": "#7a7777",
        "position": 999,
        "allowedActions": []
      }
    ],
    "transitions": [
      {
        "toPosition": 2,
        "fromPosition": 1
      },
      {
        "toPosition": 3,
        "fromPosition": 1
      },
      {
        "toPosition": 3,
        "fromPosition": 2
      },
      {
        "toPosition": 999,
        "fromPosition": 2
      }
    ],
    "plannedReactionTimeMinutes": 60,
    "plannedDurationMinutes": "1440",
    "createdAt": "2026-02-04T10:11:35.846Z",
    "updatedAt": "2026-02-08T12:49:49.376Z"
  },
  "bidTypeName": "Выдача оборудования без преднастройки и монтажа",
  "bidTypeStatuses": [
    {
      "name": "Открыта",
      "color": "#c75a5a",
      "position": 1,
      "allowedActions": [
        "edit"
      ],
      "responsibleRoleId": "14"
    },
    {
      "name": "Собрать",
      "color": "#3b82f6",
      "position": 2,
      "allowedActions": [
        "edit",
        "close"
      ],
      "responsibleRoleId": "3",
      "responsibleUserId": null
    },
    {
      "name": "Отложить",
      "color": "#eab308",
      "position": 3,
      "allowedActions": [],
      "responsibleUserId": null
    },
    {
      "name": "Закрыта",
      "color": "#7a7777",
      "position": 999,
      "allowedActions": []
    }
  ],
  "bidTypeResponsibleName": "Не указан",
  "currentResponsibleUserId": null,
  "clientResponsibleName": "Не указан",
  "creatorName": "Беляев Сергей",
  "createdAt": "2026-02-12T09:14:51.505Z",
  "updatedAt": "2026-02-12T11:31:45.942Z",
  "statusMetadata": {
    "responsibleSpecialist": null,
    "deadlines": {
      "processingTime": "5 рабочих дней",
      "deadline": "2026-02-17T11:34:08.694Z"
    },
    "necessaryActions": [
      "Редактирование заявки"
    ],
    "additionalResources": [
      "Общие ресурсы"
    ],
    "notifications": [
      "Стандартное уведомление"
    ]
  }
}

[2026-02-12T11:34:54.765Z] Отправка данных заявки ID: 12
{
  "clientId": 5,
  "clientName": "Уваровская Нива",
  "tema": "Тираж",
  "amount": 0,
  "status": "Открыта",
  "description": "",
  "clientObjectId": 5,
  "updNumber": null,
  "updDate": null,
  "contract": "Д-12-202602-8246",
  "workAddress": "",
  "bidType": {
    "id": 1,
    "name": "Выдача оборудования без преднастройки и монтажа",
    "description": "Выдача оборудования без преднастройки и монтажа",
    "statuses": [
      {
        "name": "Открыта",
        "color": "#c75a5a",
        "position": 1,
        "allowedActions": [
          "edit"
        ],
        "responsibleRoleId": "14"
      },
      {
        "name": "Собрать",
        "color": "#3b82f6",
        "position": 2,
        "allowedActions": [
          "edit",
          "close"
        ],
        "responsibleRoleId": "3",
        "responsibleUserId": null
      },
      {
        "name": "Отложить",
        "color": "#eab308",
        "position": 3,
        "allowedActions": [],
        "responsibleUserId": null
      },
      {
        "name": "Закрыта",
        "color": "#7a7777",
        "position": 999,
        "allowedActions": []
      }
    ],
    "transitions": [
      {
        "toPosition": 2,
        "fromPosition": 1
      },
      {
        "toPosition": 3,
        "fromPosition": 1
      },
      {
        "toPosition": 3,
        "fromPosition": 2
      },
      {
        "toPosition": 999,
        "fromPosition": 2
      }
    ],
    "plannedReactionTimeMinutes": 60,
    "plannedDurationMinutes": "1440",
    "createdAt": "2026-02-04T10:11:35.846Z",
    "updatedAt": "2026-02-08T12:49:49.376Z"
  },
  "bidTypeName": "Выдача оборудования без преднастройки и монтажа",
  "bidTypeStatuses": [
    {
      "name": "Открыта",
      "color": "#c75a5a",
      "position": 1,
      "allowedActions": [
        "edit"
      ],
      "responsibleRoleId": "14"
    },
    {
      "name": "Собрать",
      "color": "#3b82f6",
      "position": 2,
      "allowedActions": [
        "edit",
        "close"
      ],
      "responsibleRoleId": "3",
      "responsibleUserId": null
    },
    {
      "name": "Отложить",
      "color": "#eab308",
      "position": 3,
      "allowedActions": [],
      "responsibleUserId": null
    },
    {
      "name": "Закрыта",
      "color": "#7a7777",
      "position": 999,
      "allowedActions": []
    }
  ],
  "bidTypeResponsibleName": "Не указан",
  "currentResponsibleUserId": null,
  "clientResponsibleName": "Не указан",
  "creatorName": "Беляев Сергей",
  "createdAt": "2026-02-12T09:14:51.505Z",
  "updatedAt": "2026-02-12T11:31:45.942Z",
  "statusMetadata": {
    "responsibleSpecialist": null,
    "deadlines": {
      "processingTime": "5 рабочих дней",
      "deadline": "2026-02-17T11:34:54.764Z"
    },
    "necessaryActions": [
      "Редактирование заявки"
    ],
    "additionalResources": [
      "Общие ресурсы"
    ],
    "notifications": [
      "Стандартное уведомление"
    ]
  }
}

[2026-02-12T11:36:03.791Z] Отправка данных заявки ID: 12
{
  "clientId": 5,
  "clientName": "Уваровская Нива",
  "tema": "Тираж",
  "amount": 0,
  "status": "Открыта",
  "description": "",
  "clientObjectId": 5,
  "updNumber": null,
  "updDate": null,
  "contract": "Д-12-202602-8246",
  "workAddress": "",
  "bidType": {
    "id": 1,
    "name": "Выдача оборудования без преднастройки и монтажа",
    "description": "Выдача оборудования без преднастройки и монтажа",
    "statuses": [
      {
        "name": "Открыта",
        "color": "#c75a5a",
        "position": 1,
        "allowedActions": [
          "edit"
        ],
        "responsibleRoleId": "14"
      },
      {
        "name": "Собрать",
        "color": "#3b82f6",
        "position": 2,
        "allowedActions": [
          "edit",
          "close"
        ],
        "responsibleRoleId": "3",
        "responsibleUserId": null
      },
      {
        "name": "Отложить",
        "color": "#eab308",
        "position": 3,
        "allowedActions": [],
        "responsibleUserId": null
      },
      {
        "name": "Закрыта",
        "color": "#7a7777",
        "position": 999,
        "allowedActions": []
      }
    ],
    "transitions": [
      {
        "toPosition": 2,
        "fromPosition": 1
      },
      {
        "toPosition": 3,
        "fromPosition": 1
      },
      {
        "toPosition": 3,
        "fromPosition": 2
      },
      {
        "toPosition": 999,
        "fromPosition": 2
      }
    ],
    "plannedReactionTimeMinutes": 60,
    "plannedDurationMinutes": "1440",
    "createdAt": "2026-02-04T10:11:35.846Z",
    "updatedAt": "2026-02-08T12:49:49.376Z"
  },
  "bidTypeName": "Выдача оборудования без преднастройки и монтажа",
  "bidTypeStatuses": [
    {
      "name": "Открыта",
      "color": "#c75a5a",
      "position": 1,
      "allowedActions": [
        "edit"
      ],
      "responsibleRoleId": "14"
    },
    {
      "name": "Собрать",
      "color": "#3b82f6",
      "position": 2,
      "allowedActions": [
        "edit",
        "close"
      ],
      "responsibleRoleId": "3",
      "responsibleUserId": null
    },
    {
      "name": "Отложить",
      "color": "#eab308",
      "position": 3,
      "allowedActions": [],
      "responsibleUserId": null
    },
    {
      "name": "Закрыта",
      "color": "#7a7777",
      "position": 999,
      "allowedActions": []
    }
  ],
  "bidTypeResponsibleName": "Не указан",
  "currentResponsibleUserId": null,
  "clientResponsibleName": "Не указан",
  "creatorName": "Беляев Сергей",
  "createdAt": "2026-02-12T09:14:51.505Z",
  "updatedAt": "2026-02-12T11:31:45.942Z",
  "statusMetadata": {
    "responsibleSpecialist": null,
    "deadlines": {
      "processingTime": "5 рабочих дней",
      "deadline": "2026-02-17T11:36:03.791Z"
    },
    "necessaryActions": [
      "Редактирование заявки"
    ],
    "additionalResources": [
      "Общие ресурсы"
    ],
    "notifications": [
      "Стандартное уведомление"
    ]
  }
}

[2026-02-12T11:37:21.942Z] Отправка данных заявки ID: 12
{
  "clientId": 5,
  "clientName": "Уваровская Нива",
  "tema": "Тираж",
  "amount": 0,
  "status": "Открыта",
  "description": "",
  "clientObjectId": 5,
  "updNumber": null,
  "updDate": null,
  "contract": "Д-12-202602-8246",
  "workAddress": "",
  "bidType": {
    "id": 1,
    "name": "Выдача оборудования без преднастройки и монтажа",
    "description": "Выдача оборудования без преднастройки и монтажа",
    "statuses": [
      {
        "name": "Открыта",
        "color": "#c75a5a",
        "position": 1,
        "allowedActions": [
          "edit"
        ],
        "responsibleRoleId": "14"
      },
      {
        "name": "Собрать",
        "color": "#3b82f6",
        "position": 2,
        "allowedActions": [
          "edit",
          "close"
        ],
        "responsibleRoleId": "3",
        "responsibleUserId": null
      },
      {
        "name": "Отложить",
        "color": "#eab308",
        "position": 3,
        "allowedActions": [],
        "responsibleUserId": null
      },
      {
        "name": "Закрыта",
        "color": "#7a7777",
        "position": 999,
        "allowedActions": []
      }
    ],
    "transitions": [
      {
        "toPosition": 2,
        "fromPosition": 1
      },
      {
        "toPosition": 3,
        "fromPosition": 1
      },
      {
        "toPosition": 3,
        "fromPosition": 2
      },
      {
        "toPosition": 999,
        "fromPosition": 2
      }
    ],
    "plannedReactionTimeMinutes": 60,
    "plannedDurationMinutes": "1440",
    "createdAt": "2026-02-04T10:11:35.846Z",
    "updatedAt": "2026-02-08T12:49:49.376Z"
  },
  "bidTypeName": "Выдача оборудования без преднастройки и монтажа",
  "bidTypeStatuses": [
    {
      "name": "Открыта",
      "color": "#c75a5a",
      "position": 1,
      "allowedActions": [
        "edit"
      ],
      "responsibleRoleId": "14"
    },
    {
      "name": "Собрать",
      "color": "#3b82f6",
      "position": 2,
      "allowedActions": [
        "edit",
        "close"
      ],
      "responsibleRoleId": "3",
      "responsibleUserId": null
    },
    {
      "name": "Отложить",
      "color": "#eab308",
      "position": 3,
      "allowedActions": [],
      "responsibleUserId": null
    },
    {
      "name": "Закрыта",
      "color": "#7a7777",
      "position": 999,
      "allowedActions": []
    }
  ],
  "bidTypeResponsibleName": "Не указан",
  "currentResponsibleUserId": null,
  "clientResponsibleName": "Не указан",
  "creatorName": "Беляев Сергей",
  "createdAt": "2026-02-12T09:14:51.505Z",
  "updatedAt": "2026-02-12T11:31:45.942Z",
  "statusMetadata": {
    "responsibleSpecialist": null,
    "deadlines": {
      "processingTime": "5 рабочих дней",
      "deadline": "2026-02-17T11:37:21.941Z"
    },
    "necessaryActions": [
      "Редактирование заявки"
    ],
    "additionalResources": [
      "Общие ресурсы"
    ],
    "notifications": [
      "Стандартное уведомление"
    ]
  }
}

[2026-02-12T11:39:55.158Z] Отправка данных заявки ID: 12
{
  "clientId": 5,
  "clientName": "Уваровская Нива",
  "tema": "Тираж",
  "amount": 0,
  "status": "Открыта",
  "description": "",
  "clientObjectId": 5,
  "updNumber": null,
  "updDate": null,
  "contract": "Д-12-202602-8246",
  "workAddress": "",
  "bidType": {
    "id": 1,
    "name": "Выдача оборудования без преднастройки и монтажа",
    "description": "Выдача оборудования без преднастройки и монтажа",
    "statuses": [
      {
        "name": "Открыта",
        "color": "#c75a5a",
        "position": 1,
        "allowedActions": [
          "edit"
        ],
        "responsibleRoleId": "14"
      },
      {
        "name": "Собрать",
        "color": "#3b82f6",
        "position": 2,
        "allowedActions": [
          "edit",
          "close"
        ],
        "responsibleRoleId": "3",
        "responsibleUserId": null
      },
      {
        "name": "Отложить",
        "color": "#eab308",
        "position": 3,
        "allowedActions": [],
        "responsibleUserId": null
      },
      {
        "name": "Закрыта",
        "color": "#7a7777",
        "position": 999,
        "allowedActions": []
      }
    ],
    "transitions": [
      {
        "toPosition": 2,
        "fromPosition": 1
      },
      {
        "toPosition": 3,
        "fromPosition": 1
      },
      {
        "toPosition": 3,
        "fromPosition": 2
      },
      {
        "toPosition": 999,
        "fromPosition": 2
      }
    ],
    "plannedReactionTimeMinutes": 60,
    "plannedDurationMinutes": "1440",
    "createdAt": "2026-02-04T10:11:35.846Z",
    "updatedAt": "2026-02-08T12:49:49.376Z"
  },
  "bidTypeName": "Выдача оборудования без преднастройки и монтажа",
  "bidTypeStatuses": [
    {
      "name": "Открыта",
      "color": "#c75a5a",
      "position": 1,
      "allowedActions": [
        "edit"
      ],
      "responsibleRoleId": "14"
    },
    {
      "name": "Собрать",
      "color": "#3b82f6",
      "position": 2,
      "allowedActions": [
        "edit",
        "close"
      ],
      "responsibleRoleId": "3",
      "responsibleUserId": null
    },
    {
      "name": "Отложить",
      "color": "#eab308",
      "position": 3,
      "allowedActions": [],
      "responsibleUserId": null
    },
    {
      "name": "Закрыта",
      "color": "#7a7777",
      "position": 999,
      "allowedActions": []
    }
  ],
  "bidTypeResponsibleName": "Не указан",
  "currentResponsibleUserId": null,
  "clientResponsibleName": "Не указан",
  "creatorName": "Беляев Сергей",
  "createdAt": "2026-02-12T09:14:51.505Z",
  "updatedAt": "2026-02-12T11:31:45.942Z",
  "statusMetadata": {
    "responsibleSpecialist": null,
    "deadlines": {
      "processingTime": "5 рабочих дней",
      "deadline": "2026-02-17T11:39:55.158Z"
    },
    "necessaryActions": [
      "Редактирование заявки"
    ],
    "additionalResources": [
      "Общие ресурсы"
    ],
    "notifications": [
      "Стандартное уведомление"
    ]
  }
}

[2026-02-12T11:40:44.500Z] Отправка данных заявки ID: 12
{
  "clientId": 5,
  "clientName": "Уваровская Нива",
  "tema": "Тираж",
  "amount": 0,
  "status": "Открыта",
  "description": "",
  "clientObjectId": 5,
  "updNumber": null,
  "updDate": null,
  "contract": "Д-12-202602-8246",
  "workAddress": "",
  "bidType": {
    "id": 1,
    "name": "Выдача оборудования без преднастройки и монтажа",
    "description": "Выдача оборудования без преднастройки и монтажа",
    "statuses": [
      {
        "name": "Открыта",
        "color": "#c75a5a",
        "position": 1,
        "allowedActions": [
          "edit"
        ],
        "responsibleRoleId": "14"
      },
      {
        "name": "Собрать",
        "color": "#3b82f6",
        "position": 2,
        "allowedActions": [
          "edit",
          "close"
        ],
        "responsibleRoleId": "3",
        "responsibleUserId": null
      },
      {
        "name": "Отложить",
        "color": "#eab308",
        "position": 3,
        "allowedActions": [],
        "responsibleUserId": null
      },
      {
        "name": "Закрыта",
        "color": "#7a7777",
        "position": 999,
        "allowedActions": []
      }
    ],
    "transitions": [
      {
        "toPosition": 2,
        "fromPosition": 1
      },
      {
        "toPosition": 3,
        "fromPosition": 1
      },
      {
        "toPosition": 3,
        "fromPosition": 2
      },
      {
        "toPosition": 999,
        "fromPosition": 2
      }
    ],
    "plannedReactionTimeMinutes": 60,
    "plannedDurationMinutes": "1440",
    "createdAt": "2026-02-04T10:11:35.846Z",
    "updatedAt": "2026-02-08T12:49:49.376Z"
  },
  "bidTypeName": "Выдача оборудования без преднастройки и монтажа",
  "bidTypeStatuses": [
    {
      "name": "Открыта",
      "color": "#c75a5a",
      "position": 1,
      "allowedActions": [
        "edit"
      ],
      "responsibleRoleId": "14"
    },
    {
      "name": "Собрать",
      "color": "#3b82f6",
      "position": 2,
      "allowedActions": [
        "edit",
        "close"
      ],
      "responsibleRoleId": "3",
      "responsibleUserId": null
    },
    {
      "name": "Отложить",
      "color": "#eab308",
      "position": 3,
      "allowedActions": [],
      "responsibleUserId": null
    },
    {
      "name": "Закрыта",
      "color": "#7a7777",
      "position": 999,
      "allowedActions": []
    }
  ],
  "bidTypeResponsibleName": "Не указан",
  "currentResponsibleUserId": null,
  "clientResponsibleName": "Не указан",
  "creatorName": "Беляев Сергей",
  "createdAt": "2026-02-12T09:14:51.505Z",
  "updatedAt": "2026-02-12T11:31:45.942Z",
  "statusMetadata": {
    "responsibleSpecialist": null,
    "deadlines": {
      "processingTime": "5 рабочих дней",
      "deadline": "2026-02-17T11:40:44.500Z"
    },
    "necessaryActions": [
      "Редактирование заявки"
    ],
    "additionalResources": [
      "Общие ресурсы"
    ],
    "notifications": [
      "Стандартное уведомление"
    ]
  }
}

[2026-02-12T11:40:45.498Z] Отправка данных заявки ID: 12
{
  "clientId": 5,
  "clientName": "Уваровская Нива",
  "tema": "Тираж",
  "amount": 0,
  "status": "Открыта",
  "description": "",
  "clientObjectId": 5,
  "updNumber": null,
  "updDate": null,
  "contract": "Д-12-202602-8246",
  "workAddress": "",
  "bidType": {
    "id": 1,
    "name": "Выдача оборудования без преднастройки и монтажа",
    "description": "Выдача оборудования без преднастройки и монтажа",
    "statuses": [
      {
        "name": "Открыта",
        "color": "#c75a5a",
        "position": 1,
        "allowedActions": [
          "edit"
        ],
        "responsibleRoleId": "14"
      },
      {
        "name": "Собрать",
        "color": "#3b82f6",
        "position": 2,
        "allowedActions": [
          "edit",
          "close"
        ],
        "responsibleRoleId": "3",
        "responsibleUserId": null
      },
      {
        "name": "Отложить",
        "color": "#eab308",
        "position": 3,
        "allowedActions": [],
        "responsibleUserId": null
      },
      {
        "name": "Закрыта",
        "color": "#7a7777",
        "position": 999,
        "allowedActions": []
      }
    ],
    "transitions": [
      {
        "toPosition": 2,
        "fromPosition": 1
      },
      {
        "toPosition": 3,
        "fromPosition": 1
      },
      {
        "toPosition": 3,
        "fromPosition": 2
      },
      {
        "toPosition": 999,
        "fromPosition": 2
      }
    ],
    "plannedReactionTimeMinutes": 60,
    "plannedDurationMinutes": "1440",
    "createdAt": "2026-02-04T10:11:35.846Z",
    "updatedAt": "2026-02-08T12:49:49.376Z"
  },
  "bidTypeName": "Выдача оборудования без преднастройки и монтажа",
  "bidTypeStatuses": [
    {
      "name": "Открыта",
      "color": "#c75a5a",
      "position": 1,
      "allowedActions": [
        "edit"
      ],
      "responsibleRoleId": "14"
    },
    {
      "name": "Собрать",
      "color": "#3b82f6",
      "position": 2,
      "allowedActions": [
        "edit",
        "close"
      ],
      "responsibleRoleId": "3",
      "responsibleUserId": null
    },
    {
      "name": "Отложить",
      "color": "#eab308",
      "position": 3,
      "allowedActions": [],
      "responsibleUserId": null
    },
    {
      "name": "Закрыта",
      "color": "#7a7777",
      "position": 999,
      "allowedActions": []
    }
  ],
  "bidTypeResponsibleName": "Не указан",
  "currentResponsibleUserId": null,
  "clientResponsibleName": "Не указан",
  "creatorName": "Беляев Сергей",
  "createdAt": "2026-02-12T09:14:51.505Z",
  "updatedAt": "2026-02-12T11:31:45.942Z",
  "statusMetadata": {
    "responsibleSpecialist": null,
    "deadlines": {
      "processingTime": "5 рабочих дней",
      "deadline": "2026-02-17T11:40:45.497Z"
    },
    "necessaryActions": [
      "Редактирование заявки"
    ],
    "additionalResources": [
      "Общие ресурсы"
    ],
    "notifications": [
      "Стандартное уведомление"
    ]
  }
}

[2026-02-12T11:42:56.788Z] Отправка данных заявки ID: 12
{
  "clientId": 5,
  "clientName": "Уваровская Нива",
  "tema": "Тираж",
  "amount": 0,
  "status": "Открыта",
  "description": "",
  "clientObjectId": 5,
  "updNumber": null,
  "updDate": null,
  "contract": "Д-12-202602-8246",
  "workAddress": "",
  "bidType": {
    "id": 1,
    "name": "Выдача оборудования без преднастройки и монтажа",
    "description": "Выдача оборудования без преднастройки и монтажа",
    "statuses": [
      {
        "name": "Открыта",
        "color": "#c75a5a",
        "position": 1,
        "allowedActions": [
          "edit"
        ],
        "responsibleRoleId": "14"
      },
      {
        "name": "Собрать",
        "color": "#3b82f6",
        "position": 2,
        "allowedActions": [
          "edit",
          "close"
        ],
        "responsibleRoleId": "3",
        "responsibleUserId": null
      },
      {
        "name": "Отложить",
        "color": "#eab308",
        "position": 3,
        "allowedActions": [],
        "responsibleUserId": null
      },
      {
        "name": "Закрыта",
        "color": "#7a7777",
        "position": 999,
        "allowedActions": []
      }
    ],
    "transitions": [
      {
        "toPosition": 2,
        "fromPosition": 1
      },
      {
        "toPosition": 3,
        "fromPosition": 1
      },
      {
        "toPosition": 3,
        "fromPosition": 2
      },
      {
        "toPosition": 999,
        "fromPosition": 2
      }
    ],
    "plannedReactionTimeMinutes": 60,
    "plannedDurationMinutes": "1440",
    "createdAt": "2026-02-04T10:11:35.846Z",
    "updatedAt": "2026-02-08T12:49:49.376Z"
  },
  "bidTypeName": "Выдача оборудования без преднастройки и монтажа",
  "bidTypeStatuses": [
    {
      "name": "Открыта",
      "color": "#c75a5a",
      "position": 1,
      "allowedActions": [
        "edit"
      ],
      "responsibleRoleId": "14"
    },
    {
      "name": "Собрать",
      "color": "#3b82f6",
      "position": 2,
      "allowedActions": [
        "edit",
        "close"
      ],
      "responsibleRoleId": "3",
      "responsibleUserId": null
    },
    {
      "name": "Отложить",
      "color": "#eab308",
      "position": 3,
      "allowedActions": [],
      "responsibleUserId": null
    },
    {
      "name": "Закрыта",
      "color": "#7a7777",
      "position": 999,
      "allowedActions": []
    }
  ],
  "bidTypeResponsibleName": "Не указан",
  "currentResponsibleUserId": null,
  "clientResponsibleName": "Не указан",
  "creatorName": "Беляев Сергей",
  "createdAt": "2026-02-12T09:14:51.505Z",
  "updatedAt": "2026-02-12T11:31:45.942Z",
  "statusMetadata": {
    "responsibleSpecialist": null,
    "deadlines": {
      "processingTime": "5 рабочих дней",
      "deadline": "2026-02-17T11:42:56.787Z"
    },
    "necessaryActions": [
      "Редактирование заявки"
    ],
    "additionalResources": [
      "Общие ресурсы"
    ],
    "notifications": [
      "Стандартное уведомление"
    ]
  }
}

[2026-02-12T11:44:52.789Z] Отправка данных заявки ID: 12
{
  "clientId": 5,
  "clientName": "Уваровская Нива",
  "tema": "Тираж",
  "amount": 0,
  "status": "Открыта",
  "description": "",
  "clientObjectId": 5,
  "updNumber": null,
  "updDate": null,
  "contract": "Д-12-202602-8246",
  "workAddress": "",
  "bidType": {
    "id": 1,
    "name": "Выдача оборудования без преднастройки и монтажа",
    "description": "Выдача оборудования без преднастройки и монтажа",
    "statuses": [
      {
        "name": "Открыта",
        "color": "#c75a5a",
        "position": 1,
        "allowedActions": [
          "edit"
        ],
        "responsibleRoleId": "14"
      },
      {
        "name": "Собрать",
        "color": "#3b82f6",
        "position": 2,
        "allowedActions": [
          "edit",
          "close"
        ],
        "responsibleRoleId": "3",
        "responsibleUserId": null
      },
      {
        "name": "Отложить",
        "color": "#eab308",
        "position": 3,
        "allowedActions": [],
        "responsibleUserId": null
      },
      {
        "name": "Закрыта",
        "color": "#7a7777",
        "position": 999,
        "allowedActions": []
      }
    ],
    "transitions": [
      {
        "toPosition": 2,
        "fromPosition": 1
      },
      {
        "toPosition": 3,
        "fromPosition": 1
      },
      {
        "toPosition": 3,
        "fromPosition": 2
      },
      {
        "toPosition": 999,
        "fromPosition": 2
      }
    ],
    "plannedReactionTimeMinutes": 60,
    "plannedDurationMinutes": "1440",
    "createdAt": "2026-02-04T10:11:35.846Z",
    "updatedAt": "2026-02-08T12:49:49.376Z"
  },
  "bidTypeName": "Выдача оборудования без преднастройки и монтажа",
  "bidTypeStatuses": [
    {
      "name": "Открыта",
      "color": "#c75a5a",
      "position": 1,
      "allowedActions": [
        "edit"
      ],
      "responsibleRoleId": "14"
    },
    {
      "name": "Собрать",
      "color": "#3b82f6",
      "position": 2,
      "allowedActions": [
        "edit",
        "close"
      ],
      "responsibleRoleId": "3",
      "responsibleUserId": null
    },
    {
      "name": "Отложить",
      "color": "#eab308",
      "position": 3,
      "allowedActions": [],
      "responsibleUserId": null
    },
    {
      "name": "Закрыта",
      "color": "#7a7777",
      "position": 999,
      "allowedActions": []
    }
  ],
  "bidTypeResponsibleName": "Не указан",
  "currentResponsibleUserId": null,
  "clientResponsibleName": "Не указан",
  "creatorName": "Беляев Сергей",
  "createdAt": "2026-02-12T09:14:51.505Z",
  "updatedAt": "2026-02-12T11:31:45.942Z",
  "statusMetadata": {
    "responsibleSpecialist": null,
    "deadlines": {
      "processingTime": "5 рабочих дней",
      "deadline": "2026-02-17T11:44:52.789Z"
    },
    "necessaryActions": [
      "Редактирование заявки"
    ],
    "additionalResources": [
      "Общие ресурсы"
    ],
    "notifications": [
      "Стандартное уведомление"
    ]
  }
}

[2026-02-12T11:45:43.752Z] Отправка данных заявки ID: 12
{
  "clientId": 5,
  "clientName": "Уваровская Нива",
  "tema": "Тираж",
  "amount": 0,
  "status": "Открыта",
  "description": "",
  "clientObjectId": 5,
  "updNumber": null,
  "updDate": null,
  "contract": "Д-12-202602-8246",
  "workAddress": "",
  "bidType": {
    "id": 1,
    "name": "Выдача оборудования без преднастройки и монтажа",
    "description": "Выдача оборудования без преднастройки и монтажа",
    "statuses": [
      {
        "name": "Открыта",
        "color": "#c75a5a",
        "position": 1,
        "allowedActions": [
          "edit"
        ],
        "responsibleRoleId": "14"
      },
      {
        "name": "Собрать",
        "color": "#3b82f6",
        "position": 2,
        "allowedActions": [
          "edit",
          "close"
        ],
        "responsibleRoleId": "3",
        "responsibleUserId": null
      },
      {
        "name": "Отложить",
        "color": "#eab308",
        "position": 3,
        "allowedActions": [],
        "responsibleUserId": null
      },
      {
        "name": "Закрыта",
        "color": "#7a7777",
        "position": 999,
        "allowedActions": []
      }
    ],
    "transitions": [
      {
        "toPosition": 2,
        "fromPosition": 1
      },
      {
        "toPosition": 3,
        "fromPosition": 1
      },
      {
        "toPosition": 3,
        "fromPosition": 2
      },
      {
        "toPosition": 999,
        "fromPosition": 2
      }
    ],
    "plannedReactionTimeMinutes": 60,
    "plannedDurationMinutes": "1440",
    "createdAt": "2026-02-04T10:11:35.846Z",
    "updatedAt": "2026-02-08T12:49:49.376Z"
  },
  "bidTypeName": "Выдача оборудования без преднастройки и монтажа",
  "bidTypeStatuses": [
    {
      "name": "Открыта",
      "color": "#c75a5a",
      "position": 1,
      "allowedActions": [
        "edit"
      ],
      "responsibleRoleId": "14"
    },
    {
      "name": "Собрать",
      "color": "#3b82f6",
      "position": 2,
      "allowedActions": [
        "edit",
        "close"
      ],
      "responsibleRoleId": "3",
      "responsibleUserId": null
    },
    {
      "name": "Отложить",
      "color": "#eab308",
      "position": 3,
      "allowedActions": [],
      "responsibleUserId": null
    },
    {
      "name": "Закрыта",
      "color": "#7a7777",
      "position": 999,
      "allowedActions": []
    }
  ],
  "bidTypeResponsibleName": "Не указан",
  "currentResponsibleUserId": null,
  "clientResponsibleName": "Не указан",
  "creatorName": "Беляев Сергей",
  "createdAt": "2026-02-12T09:14:51.505Z",
  "updatedAt": "2026-02-12T11:31:45.942Z",
  "statusMetadata": {
    "responsibleSpecialist": null,
    "deadlines": {
      "processingTime": "5 рабочих дней",
      "deadline": "2026-02-17T11:45:43.751Z"
    },
    "necessaryActions": [
      "Редактирование заявки"
    ],
    "additionalResources": [
      "Общие ресурсы"
    ],
    "notifications": [
      "Стандартное уведомление"
    ]
  }
}

[2026-02-12T11:46:26.018Z] Отправка данных заявки ID: 12
{
  "clientId": 5,
  "clientName": "Уваровская Нива",
  "tema": "Тираж",
  "amount": 0,
  "status": "Открыта",
  "description": "",
  "clientObjectId": 5,
  "updNumber": null,
  "updDate": null,
  "contract": "Д-12-202602-8246",
  "workAddress": "",
  "bidType": {
    "id": 1,
    "name": "Выдача оборудования без преднастройки и монтажа",
    "description": "Выдача оборудования без преднастройки и монтажа",
    "statuses": [
      {
        "name": "Открыта",
        "color": "#c75a5a",
        "position": 1,
        "allowedActions": [
          "edit"
        ],
        "responsibleRoleId": "14"
      },
      {
        "name": "Собрать",
        "color": "#3b82f6",
        "position": 2,
        "allowedActions": [
          "edit",
          "close"
        ],
        "responsibleRoleId": "3",
        "responsibleUserId": null
      },
      {
        "name": "Отложить",
        "color": "#eab308",
        "position": 3,
        "allowedActions": [],
        "responsibleUserId": null
      },
      {
        "name": "Закрыта",
        "color": "#7a7777",
        "position": 999,
        "allowedActions": []
      }
    ],
    "transitions": [
      {
        "toPosition": 2,
        "fromPosition": 1
      },
      {
        "toPosition": 3,
        "fromPosition": 1
      },
      {
        "toPosition": 3,
        "fromPosition": 2
      },
      {
        "toPosition": 999,
        "fromPosition": 2
      }
    ],
    "plannedReactionTimeMinutes": 60,
    "plannedDurationMinutes": "1440",
    "createdAt": "2026-02-04T10:11:35.846Z",
    "updatedAt": "2026-02-08T12:49:49.376Z"
  },
  "bidTypeName": "Выдача оборудования без преднастройки и монтажа",
  "bidTypeStatuses": [
    {
      "name": "Открыта",
      "color": "#c75a5a",
      "position": 1,
      "allowedActions": [
        "edit"
      ],
      "responsibleRoleId": "14"
    },
    {
      "name": "Собрать",
      "color": "#3b82f6",
      "position": 2,
      "allowedActions": [
        "edit",
        "close"
      ],
      "responsibleRoleId": "3",
      "responsibleUserId": null
    },
    {
      "name": "Отложить",
      "color": "#eab308",
      "position": 3,
      "allowedActions": [],
      "responsibleUserId": null
    },
    {
      "name": "Закрыта",
      "color": "#7a7777",
      "position": 999,
      "allowedActions": []
    }
  ],
  "bidTypeResponsibleName": "Не указан",
  "currentResponsibleUserId": null,
  "clientResponsibleName": "Не указан",
  "creatorName": "Беляев Сергей",
  "createdAt": "2026-02-12T09:14:51.505Z",
  "updatedAt": "2026-02-12T11:31:45.942Z",
  "statusMetadata": {
    "responsibleSpecialist": null,
    "deadlines": {
      "processingTime": "5 рабочих дней",
      "deadline": "2026-02-17T11:46:26.018Z"
    },
    "necessaryActions": [
      "Редактирование заявки"
    ],
    "additionalResources": [
      "Общие ресурсы"
    ],
    "notifications": [
      "Стандартное уведомление"
    ]
  }
}

[2026-02-12T11:46:26.990Z] Отправка данных заявки ID: 12
{
  "clientId": 5,
  "clientName": "Уваровская Нива",
  "tema": "Тираж",
  "amount": 0,
  "status": "Открыта",
  "description": "",
  "clientObjectId": 5,
  "updNumber": null,
  "updDate": null,
  "contract": "Д-12-202602-8246",
  "workAddress": "",
  "bidType": {
    "id": 1,
    "name": "Выдача оборудования без преднастройки и монтажа",
    "description": "Выдача оборудования без преднастройки и монтажа",
    "statuses": [
      {
        "name": "Открыта",
        "color": "#c75a5a",
        "position": 1,
        "allowedActions": [
          "edit"
        ],
        "responsibleRoleId": "14"
      },
      {
        "name": "Собрать",
        "color": "#3b82f6",
        "position": 2,
        "allowedActions": [
          "edit",
          "close"
        ],
        "responsibleRoleId": "3",
        "responsibleUserId": null
      },
      {
        "name": "Отложить",
        "color": "#eab308",
        "position": 3,
        "allowedActions": [],
        "responsibleUserId": null
      },
      {
        "name": "Закрыта",
        "color": "#7a7777",
        "position": 999,
        "allowedActions": []
      }
    ],
    "transitions": [
      {
        "toPosition": 2,
        "fromPosition": 1
      },
      {
        "toPosition": 3,
        "fromPosition": 1
      },
      {
        "toPosition": 3,
        "fromPosition": 2
      },
      {
        "toPosition": 999,
        "fromPosition": 2
      }
    ],
    "plannedReactionTimeMinutes": 60,
    "plannedDurationMinutes": "1440",
    "createdAt": "2026-02-04T10:11:35.846Z",
    "updatedAt": "2026-02-08T12:49:49.376Z"
  },
  "bidTypeName": "Выдача оборудования без преднастройки и монтажа",
  "bidTypeStatuses": [
    {
      "name": "Открыта",
      "color": "#c75a5a",
      "position": 1,
      "allowedActions": [
        "edit"
      ],
      "responsibleRoleId": "14"
    },
    {
      "name": "Собрать",
      "color": "#3b82f6",
      "position": 2,
      "allowedActions": [
        "edit",
        "close"
      ],
      "responsibleRoleId": "3",
      "responsibleUserId": null
    },
    {
      "name": "Отложить",
      "color": "#eab308",
      "position": 3,
      "allowedActions": [],
      "responsibleUserId": null
    },
    {
      "name": "Закрыта",
      "color": "#7a7777",
      "position": 999,
      "allowedActions": []
    }
  ],
  "bidTypeResponsibleName": "Не указан",
  "currentResponsibleUserId": null,
  "clientResponsibleName": "Не указан",
  "creatorName": "Беляев Сергей",
  "createdAt": "2026-02-12T09:14:51.505Z",
  "updatedAt": "2026-02-12T11:31:45.942Z",
  "statusMetadata": {
    "responsibleSpecialist": null,
    "deadlines": {
      "processingTime": "5 рабочих дней",
      "deadline": "2026-02-17T11:46:26.990Z"
    },
    "necessaryActions": [
      "Редактирование заявки"
    ],
    "additionalResources": [
      "Общие ресурсы"
    ],
    "notifications": [
      "Стандартное уведомление"
    ]
  }
}

[2026-02-12T11:46:43.139Z] Отправка данных заявки ID: 12
{
  "clientId": 5,
  "clientName": "Уваровская Нива",
  "tema": "Тираж",
  "amount": 0,
  "status": "Открыта",
  "description": "",
  "clientObjectId": 5,
  "updNumber": null,
  "updDate": null,
  "contract": "Д-12-202602-8246",
  "workAddress": "",
  "bidType": {
    "id": 1,
    "name": "Выдача оборудования без преднастройки и монтажа",
    "description": "Выдача оборудования без преднастройки и монтажа",
    "statuses": [
      {
        "name": "Открыта",
        "color": "#c75a5a",
        "position": 1,
        "allowedActions": [
          "edit"
        ],
        "responsibleRoleId": "14"
      },
      {
        "name": "Собрать",
        "color": "#3b82f6",
        "position": 2,
        "allowedActions": [
          "edit",
          "close"
        ],
        "responsibleRoleId": "3",
        "responsibleUserId": null
      },
      {
        "name": "Отложить",
        "color": "#eab308",
        "position": 3,
        "allowedActions": [],
        "responsibleUserId": null
      },
      {
        "name": "Закрыта",
        "color": "#7a7777",
        "position": 999,
        "allowedActions": []
      }
    ],
    "transitions": [
      {
        "toPosition": 2,
        "fromPosition": 1
      },
      {
        "toPosition": 3,
        "fromPosition": 1
      },
      {
        "toPosition": 3,
        "fromPosition": 2
      },
      {
        "toPosition": 999,
        "fromPosition": 2
      }
    ],
    "plannedReactionTimeMinutes": 60,
    "plannedDurationMinutes": "1440",
    "createdAt": "2026-02-04T10:11:35.846Z",
    "updatedAt": "2026-02-08T12:49:49.376Z"
  },
  "bidTypeName": "Выдача оборудования без преднастройки и монтажа",
  "bidTypeStatuses": [
    {
      "name": "Открыта",
      "color": "#c75a5a",
      "position": 1,
      "allowedActions": [
        "edit"
      ],
      "responsibleRoleId": "14"
    },
    {
      "name": "Собрать",
      "color": "#3b82f6",
      "position": 2,
      "allowedActions": [
        "edit",
        "close"
      ],
      "responsibleRoleId": "3",
      "responsibleUserId": null
    },
    {
      "name": "Отложить",
      "color": "#eab308",
      "position": 3,
      "allowedActions": [],
      "responsibleUserId": null
    },
    {
      "name": "Закрыта",
      "color": "#7a7777",
      "position": 999,
      "allowedActions": []
    }
  ],
  "bidTypeResponsibleName": "Не указан",
  "currentResponsibleUserId": null,
  "clientResponsibleName": "Не указан",
  "creatorName": "Беляев Сергей",
  "createdAt": "2026-02-12T09:14:51.505Z",
  "updatedAt": "2026-02-12T11:31:45.942Z",
  "statusMetadata": {
    "responsibleSpecialist": null,
    "deadlines": {
      "processingTime": "5 рабочих дней",
      "deadline": "2026-02-17T11:46:43.139Z"
    },
    "necessaryActions": [
      "Редактирование заявки"
    ],
    "additionalResources": [
      "Общие ресурсы"
    ],
    "notifications": [
      "Стандартное уведомление"
    ]
  }
}

[2026-02-12T11:46:44.108Z] Отправка данных заявки ID: 12
{
  "clientId": 5,
  "clientName": "Уваровская Нива",
  "tema": "Тираж",
  "amount": 0,
  "status": "Открыта",
  "description": "",
  "clientObjectId": 5,
  "updNumber": null,
  "updDate": null,
  "contract": "Д-12-202602-8246",
  "workAddress": "",
  "bidType": {
    "id": 1,
    "name": "Выдача оборудования без преднастройки и монтажа",
    "description": "Выдача оборудования без преднастройки и монтажа",
    "statuses": [
      {
        "name": "Открыта",
        "color": "#c75a5a",
        "position": 1,
        "allowedActions": [
          "edit"
        ],
        "responsibleRoleId": "14"
      },
      {
        "name": "Собрать",
        "color": "#3b82f6",
        "position": 2,
        "allowedActions": [
          "edit",
          "close"
        ],
        "responsibleRoleId": "3",
        "responsibleUserId": null
      },
      {
        "name": "Отложить",
        "color": "#eab308",
        "position": 3,
        "allowedActions": [],
        "responsibleUserId": null
      },
      {
        "name": "Закрыта",
        "color": "#7a7777",
        "position": 999,
        "allowedActions": []
      }
    ],
    "transitions": [
      {
        "toPosition": 2,
        "fromPosition": 1
      },
      {
        "toPosition": 3,
        "fromPosition": 1
      },
      {
        "toPosition": 3,
        "fromPosition": 2
      },
      {
        "toPosition": 999,
        "fromPosition": 2
      }
    ],
    "plannedReactionTimeMinutes": 60,
    "plannedDurationMinutes": "1440",
    "createdAt": "2026-02-04T10:11:35.846Z",
    "updatedAt": "2026-02-08T12:49:49.376Z"
  },
  "bidTypeName": "Выдача оборудования без преднастройки и монтажа",
  "bidTypeStatuses": [
    {
      "name": "Открыта",
      "color": "#c75a5a",
      "position": 1,
      "allowedActions": [
        "edit"
      ],
      "responsibleRoleId": "14"
    },
    {
      "name": "Собрать",
      "color": "#3b82f6",
      "position": 2,
      "allowedActions": [
        "edit",
        "close"
      ],
      "responsibleRoleId": "3",
      "responsibleUserId": null
    },
    {
      "name": "Отложить",
      "color": "#eab308",
      "position": 3,
      "allowedActions": [],
      "responsibleUserId": null
    },
    {
      "name": "Закрыта",
      "color": "#7a7777",
      "position": 999,
      "allowedActions": []
    }
  ],
  "bidTypeResponsibleName": "Не указан",
  "currentResponsibleUserId": null,
  "clientResponsibleName": "Не указан",
  "creatorName": "Беляев Сергей",
  "createdAt": "2026-02-12T09:14:51.505Z",
  "updatedAt": "2026-02-12T11:31:45.942Z",
  "statusMetadata": {
    "responsibleSpecialist": null,
    "deadlines": {
      "processingTime": "5 рабочих дней",
      "deadline": "2026-02-17T11:46:44.107Z"
    },
    "necessaryActions": [
      "Редактирование заявки"
    ],
    "additionalResources": [
      "Общие ресурсы"
    ],
    "notifications": [
      "Стандартное уведомление"
    ]
  }
}

[2026-02-12T11:48:35.049Z] Отправка данных заявки ID: 12
{
  "clientId": 5,
  "clientName": "Уваровская Нива",
  "tema": "Тираж",
  "amount": 0,
  "status": "Открыта",
  "description": "",
  "clientObjectId": 5,
  "updNumber": null,
  "updDate": null,
  "contract": "Д-12-202602-8246",
  "workAddress": "",
  "bidType": {
    "id": 1,
    "name": "Выдача оборудования без преднастройки и монтажа",
    "description": "Выдача оборудования без преднастройки и монтажа",
    "statuses": [
      {
        "name": "Открыта",
        "color": "#c75a5a",
        "position": 1,
        "allowedActions": [
          "edit"
        ],
        "responsibleRoleId": "14"
      },
      {
        "name": "Собрать",
        "color": "#3b82f6",
        "position": 2,
        "allowedActions": [
          "edit",
          "close"
        ],
        "responsibleRoleId": "3",
        "responsibleUserId": null
      },
      {
        "name": "Отложить",
        "color": "#eab308",
        "position": 3,
        "allowedActions": [],
        "responsibleUserId": null
      },
      {
        "name": "Закрыта",
        "color": "#7a7777",
        "position": 999,
        "allowedActions": []
      }
    ],
    "transitions": [
      {
        "toPosition": 2,
        "fromPosition": 1
      },
      {
        "toPosition": 3,
        "fromPosition": 1
      },
      {
        "toPosition": 3,
        "fromPosition": 2
      },
      {
        "toPosition": 999,
        "fromPosition": 2
      }
    ],
    "plannedReactionTimeMinutes": 60,
    "plannedDurationMinutes": "1440",
    "createdAt": "2026-02-04T10:11:35.846Z",
    "updatedAt": "2026-02-08T12:49:49.376Z"
  },
  "bidTypeName": "Выдача оборудования без преднастройки и монтажа",
  "bidTypeStatuses": [
    {
      "name": "Открыта",
      "color": "#c75a5a",
      "position": 1,
      "allowedActions": [
        "edit"
      ],
      "responsibleRoleId": "14"
    },
    {
      "name": "Собрать",
      "color": "#3b82f6",
      "position": 2,
      "allowedActions": [
        "edit",
        "close"
      ],
      "responsibleRoleId": "3",
      "responsibleUserId": null
    },
    {
      "name": "Отложить",
      "color": "#eab308",
      "position": 3,
      "allowedActions": [],
      "responsibleUserId": null
    },
    {
      "name": "Закрыта",
      "color": "#7a7777",
      "position": 999,
      "allowedActions": []
    }
  ],
  "bidTypeResponsibleName": "Не указан",
  "currentResponsibleUserId": null,
  "clientResponsibleName": "Не указан",
  "creatorName": "Беляев Сергей",
  "createdAt": "2026-02-12T09:14:51.505Z",
  "updatedAt": "2026-02-12T11:31:45.942Z",
  "statusMetadata": {
    "responsibleSpecialist": null,
    "deadlines": {
      "processingTime": "5 рабочих дней",
      "deadline": "2026-02-17T11:48:35.048Z"
    },
    "necessaryActions": [
      "Редактирование заявки"
    ],
    "additionalResources": [
      "Общие ресурсы"
    ],
    "notifications": [
      "Стандартное уведомление"
    ]
  }
}

[2026-02-12T11:48:35.959Z] Отправка данных заявки ID: 12
{
  "clientId": 5,
  "clientName": "Уваровская Нива",
  "tema": "Тираж",
  "amount": 0,
  "status": "Открыта",
  "description": "",
  "clientObjectId": 5,
  "updNumber": null,
  "updDate": null,
  "contract": "Д-12-202602-8246",
  "workAddress": "",
  "bidType": {
    "id": 1,
    "name": "Выдача оборудования без преднастройки и монтажа",
    "description": "Выдача оборудования без преднастройки и монтажа",
    "statuses": [
      {
        "name": "Открыта",
        "color": "#c75a5a",
        "position": 1,
        "allowedActions": [
          "edit"
        ],
        "responsibleRoleId": "14"
      },
      {
        "name": "Собрать",
        "color": "#3b82f6",
        "position": 2,
        "allowedActions": [
          "edit",
          "close"
        ],
        "responsibleRoleId": "3",
        "responsibleUserId": null
      },
      {
        "name": "Отложить",
        "color": "#eab308",
        "position": 3,
        "allowedActions": [],
        "responsibleUserId": null
      },
      {
        "name": "Закрыта",
        "color": "#7a7777",
        "position": 999,
        "allowedActions": []
      }
    ],
    "transitions": [
      {
        "toPosition": 2,
        "fromPosition": 1
      },
      {
        "toPosition": 3,
        "fromPosition": 1
      },
      {
        "toPosition": 3,
        "fromPosition": 2
      },
      {
        "toPosition": 999,
        "fromPosition": 2
      }
    ],
    "plannedReactionTimeMinutes": 60,
    "plannedDurationMinutes": "1440",
    "createdAt": "2026-02-04T10:11:35.846Z",
    "updatedAt": "2026-02-08T12:49:49.376Z"
  },
  "bidTypeName": "Выдача оборудования без преднастройки и монтажа",
  "bidTypeStatuses": [
    {
      "name": "Открыта",
      "color": "#c75a5a",
      "position": 1,
      "allowedActions": [
        "edit"
      ],
      "responsibleRoleId": "14"
    },
    {
      "name": "Собрать",
      "color": "#3b82f6",
      "position": 2,
      "allowedActions": [
        "edit",
        "close"
      ],
      "responsibleRoleId": "3",
      "responsibleUserId": null
    },
    {
      "name": "Отложить",
      "color": "#eab308",
      "position": 3,
      "allowedActions": [],
      "responsibleUserId": null
    },
    {
      "name": "Закрыта",
      "color": "#7a7777",
      "position": 999,
      "allowedActions": []
    }
  ],
  "bidTypeResponsibleName": "Не указан",
  "currentResponsibleUserId": null,
  "clientResponsibleName": "Не указан",
  "creatorName": "Беляев Сергей",
  "createdAt": "2026-02-12T09:14:51.505Z",
  "updatedAt": "2026-02-12T11:31:45.942Z",
  "statusMetadata": {
    "responsibleSpecialist": null,
    "deadlines": {
      "processingTime": "5 рабочих дней",
      "deadline": "2026-02-17T11:48:35.958Z"
    },
    "necessaryActions": [
      "Редактирование заявки"
    ],
    "additionalResources": [
      "Общие ресурсы"
    ],
    "notifications": [
      "Стандартное уведомление"
    ]
  }
}

[2026-02-12T11:54:29.446Z] Отправка данных заявки ID: 12
{
  "clientId": 5,
  "clientName": "Уваровская Нива",
  "tema": "Тираж",
  "amount": 0,
  "status": "Открыта",
  "description": "",
  "clientObjectId": 5,
  "updNumber": null,
  "updDate": null,
  "contract": "Д-12-202602-8246",
  "workAddress": "",
  "bidType": {
    "id": 1,
    "name": "Выдача оборудования без преднастройки и монтажа",
    "description": "Выдача оборудования без преднастройки и монтажа",
    "statuses": [
      {
        "name": "Открыта",
        "color": "#c75a5a",
        "position": 1,
        "allowedActions": [
          "edit"
        ],
        "responsibleRoleId": "14"
      },
      {
        "name": "Собрать",
        "color": "#3b82f6",
        "position": 2,
        "allowedActions": [
          "edit",
          "close"
        ],
        "responsibleRoleId": "3",
        "responsibleUserId": null
      },
      {
        "name": "Отложить",
        "color": "#eab308",
        "position": 3,
        "allowedActions": [],
        "responsibleUserId": null
      },
      {
        "name": "Закрыта",
        "color": "#7a7777",
        "position": 999,
        "allowedActions": []
      }
    ],
    "transitions": [
      {
        "toPosition": 2,
        "fromPosition": 1
      },
      {
        "toPosition": 3,
        "fromPosition": 1
      },
      {
        "toPosition": 3,
        "fromPosition": 2
      },
      {
        "toPosition": 999,
        "fromPosition": 2
      }
    ],
    "plannedReactionTimeMinutes": 60,
    "plannedDurationMinutes": "1440",
    "createdAt": "2026-02-04T10:11:35.846Z",
    "updatedAt": "2026-02-08T12:49:49.376Z"
  },
  "bidTypeName": "Выдача оборудования без преднастройки и монтажа",
  "bidTypeStatuses": [
    {
      "name": "Открыта",
      "color": "#c75a5a",
      "position": 1,
      "allowedActions": [
        "edit"
      ],
      "responsibleRoleId": "14"
    },
    {
      "name": "Собрать",
      "color": "#3b82f6",
      "position": 2,
      "allowedActions": [
        "edit",
        "close"
      ],
      "responsibleRoleId": "3",
      "responsibleUserId": null
    },
    {
      "name": "Отложить",
      "color": "#eab308",
      "position": 3,
      "allowedActions": [],
      "responsibleUserId": null
    },
    {
      "name": "Закрыта",
      "color": "#7a7777",
      "position": 999,
      "allowedActions": []
    }
  ],
  "bidTypeResponsibleName": "Не указан",
  "currentResponsibleUserId": null,
  "clientResponsibleName": "Не указан",
  "creatorName": "Беляев Сергей",
  "createdAt": "2026-02-12T09:14:51.505Z",
  "updatedAt": "2026-02-12T11:31:45.942Z",
  "statusMetadata": {
    "responsibleSpecialist": null,
    "deadlines": {
      "processingTime": "5 рабочих дней",
      "deadline": "2026-02-17T11:54:29.445Z"
    },
    "necessaryActions": [
      "Редактирование заявки"
    ],
    "additionalResources": [
      "Общие ресурсы"
    ],
    "notifications": [
      "Стандартное уведомление"
    ]
  }
}

[2026-02-12T11:54:30.483Z] Отправка данных заявки ID: 12
{
  "clientId": 5,
  "clientName": "Уваровская Нива",
  "tema": "Тираж",
  "amount": 0,
  "status": "Открыта",
  "description": "",
  "clientObjectId": 5,
  "updNumber": null,
  "updDate": null,
  "contract": "Д-12-202602-8246",
  "workAddress": "",
  "bidType": {
    "id": 1,
    "name": "Выдача оборудования без преднастройки и монтажа",
    "description": "Выдача оборудования без преднастройки и монтажа",
    "statuses": [
      {
        "name": "Открыта",
        "color": "#c75a5a",
        "position": 1,
        "allowedActions": [
          "edit"
        ],
        "responsibleRoleId": "14"
      },
      {
        "name": "Собрать",
        "color": "#3b82f6",
        "position": 2,
        "allowedActions": [
          "edit",
          "close"
        ],
        "responsibleRoleId": "3",
        "responsibleUserId": null
      },
      {
        "name": "Отложить",
        "color": "#eab308",
        "position": 3,
        "allowedActions": [],
        "responsibleUserId": null
      },
      {
        "name": "Закрыта",
        "color": "#7a7777",
        "position": 999,
        "allowedActions": []
      }
    ],
    "transitions": [
      {
        "toPosition": 2,
        "fromPosition": 1
      },
      {
        "toPosition": 3,
        "fromPosition": 1
      },
      {
        "toPosition": 3,
        "fromPosition": 2
      },
      {
        "toPosition": 999,
        "fromPosition": 2
      }
    ],
    "plannedReactionTimeMinutes": 60,
    "plannedDurationMinutes": "1440",
    "createdAt": "2026-02-04T10:11:35.846Z",
    "updatedAt": "2026-02-08T12:49:49.376Z"
  },
  "bidTypeName": "Выдача оборудования без преднастройки и монтажа",
  "bidTypeStatuses": [
    {
      "name": "Открыта",
      "color": "#c75a5a",
      "position": 1,
      "allowedActions": [
        "edit"
      ],
      "responsibleRoleId": "14"
    },
    {
      "name": "Собрать",
      "color": "#3b82f6",
      "position": 2,
      "allowedActions": [
        "edit",
        "close"
      ],
      "responsibleRoleId": "3",
      "responsibleUserId": null
    },
    {
      "name": "Отложить",
      "color": "#eab308",
      "position": 3,
      "allowedActions": [],
      "responsibleUserId": null
    },
    {
      "name": "Закрыта",
      "color": "#7a7777",
      "position": 999,
      "allowedActions": []
    }
  ],
  "bidTypeResponsibleName": "Не указан",
  "currentResponsibleUserId": null,
  "clientResponsibleName": "Не указан",
  "creatorName": "Беляев Сергей",
  "createdAt": "2026-02-12T09:14:51.505Z",
  "updatedAt": "2026-02-12T11:31:45.942Z",
  "statusMetadata": {
    "responsibleSpecialist": null,
    "deadlines": {
      "processingTime": "5 рабочих дней",
      "deadline": "2026-02-17T11:54:30.483Z"
    },
    "necessaryActions": [
      "Редактирование заявки"
    ],
    "additionalResources": [
      "Общие ресурсы"
    ],
    "notifications": [
      "Стандартное уведомление"
    ]
  }
}

[2026-02-12T11:57:27.959Z] Отправка данных заявки ID: 12
{
  "clientId": 5,
  "clientName": "Уваровская Нива",
  "tema": "Тираж",
  "amount": 0,
  "status": "Открыта",
  "description": "",
  "clientObjectId": 5,
  "updNumber": null,
  "updDate": null,
  "contract": "Д-12-202602-8246",
  "workAddress": "",
  "bidType": {
    "id": 1,
    "name": "Выдача оборудования без преднастройки и монтажа",
    "description": "Выдача оборудования без преднастройки и монтажа",
    "statuses": [
      {
        "name": "Открыта",
        "color": "#c75a5a",
        "position": 1,
        "allowedActions": [
          "edit"
        ],
        "responsibleRoleId": "14"
      },
      {
        "name": "Собрать",
        "color": "#3b82f6",
        "position": 2,
        "allowedActions": [
          "edit",
          "close"
        ],
        "responsibleRoleId": "3",
        "responsibleUserId": null
      },
      {
        "name": "Отложить",
        "color": "#eab308",
        "position": 3,
        "allowedActions": [],
        "responsibleUserId": null
      },
      {
        "name": "Закрыта",
        "color": "#7a7777",
        "position": 999,
        "allowedActions": []
      }
    ],
    "transitions": [
      {
        "toPosition": 2,
        "fromPosition": 1
      },
      {
        "toPosition": 3,
        "fromPosition": 1
      },
      {
        "toPosition": 3,
        "fromPosition": 2
      },
      {
        "toPosition": 999,
        "fromPosition": 2
      }
    ],
    "plannedReactionTimeMinutes": 60,
    "plannedDurationMinutes": "1440",
    "createdAt": "2026-02-04T10:11:35.846Z",
    "updatedAt": "2026-02-08T12:49:49.376Z"
  },
  "bidTypeName": "Выдача оборудования без преднастройки и монтажа",
  "bidTypeStatuses": [
    {
      "name": "Открыта",
      "color": "#c75a5a",
      "position": 1,
      "allowedActions": [
        "edit"
      ],
      "responsibleRoleId": "14"
    },
    {
      "name": "Собрать",
      "color": "#3b82f6",
      "position": 2,
      "allowedActions": [
        "edit",
        "close"
      ],
      "responsibleRoleId": "3",
      "responsibleUserId": null
    },
    {
      "name": "Отложить",
      "color": "#eab308",
      "position": 3,
      "allowedActions": [],
      "responsibleUserId": null
    },
    {
      "name": "Закрыта",
      "color": "#7a7777",
      "position": 999,
      "allowedActions": []
    }
  ],
  "bidTypeResponsibleName": "Не указан",
  "currentResponsibleUserId": null,
  "clientResponsibleName": "Не указан",
  "creatorName": "Беляев Сергей",
  "createdAt": "2026-02-12T09:14:51.505Z",
  "updatedAt": "2026-02-12T11:31:45.942Z",
  "statusMetadata": {
    "responsibleSpecialist": null,
    "deadlines": {
      "processingTime": "5 рабочих дней",
      "deadline": "2026-02-17T11:57:27.958Z"
    },
    "necessaryActions": [
      "Редактирование заявки"
    ],
    "additionalResources": [
      "Общие ресурсы"
    ],
    "notifications": [
      "Стандартное уведомление"
    ]
  }
}

[2026-02-12T11:57:28.990Z] Отправка данных заявки ID: 12
{
  "clientId": 5,
  "clientName": "Уваровская Нива",
  "tema": "Тираж",
  "amount": 0,
  "status": "Открыта",
  "description": "",
  "clientObjectId": 5,
  "updNumber": null,
  "updDate": null,
  "contract": "Д-12-202602-8246",
  "workAddress": "",
  "bidType": {
    "id": 1,
    "name": "Выдача оборудования без преднастройки и монтажа",
    "description": "Выдача оборудования без преднастройки и монтажа",
    "statuses": [
      {
        "name": "Открыта",
        "color": "#c75a5a",
        "position": 1,
        "allowedActions": [
          "edit"
        ],
        "responsibleRoleId": "14"
      },
      {
        "name": "Собрать",
        "color": "#3b82f6",
        "position": 2,
        "allowedActions": [
          "edit",
          "close"
        ],
        "responsibleRoleId": "3",
        "responsibleUserId": null
      },
      {
        "name": "Отложить",
        "color": "#eab308",
        "position": 3,
        "allowedActions": [],
        "responsibleUserId": null
      },
      {
        "name": "Закрыта",
        "color": "#7a7777",
        "position": 999,
        "allowedActions": []
      }
    ],
    "transitions": [
      {
        "toPosition": 2,
        "fromPosition": 1
      },
      {
        "toPosition": 3,
        "fromPosition": 1
      },
      {
        "toPosition": 3,
        "fromPosition": 2
      },
      {
        "toPosition": 999,
        "fromPosition": 2
      }
    ],
    "plannedReactionTimeMinutes": 60,
    "plannedDurationMinutes": "1440",
    "createdAt": "2026-02-04T10:11:35.846Z",
    "updatedAt": "2026-02-08T12:49:49.376Z"
  },
  "bidTypeName": "Выдача оборудования без преднастройки и монтажа",
  "bidTypeStatuses": [
    {
      "name": "Открыта",
      "color": "#c75a5a",
      "position": 1,
      "allowedActions": [
        "edit"
      ],
      "responsibleRoleId": "14"
    },
    {
      "name": "Собрать",
      "color": "#3b82f6",
      "position": 2,
      "allowedActions": [
        "edit",
        "close"
      ],
      "responsibleRoleId": "3",
      "responsibleUserId": null
    },
    {
      "name": "Отложить",
      "color": "#eab308",
      "position": 3,
      "allowedActions": [],
      "responsibleUserId": null
    },
    {
      "name": "Закрыта",
      "color": "#7a7777",
      "position": 999,
      "allowedActions": []
    }
  ],
  "bidTypeResponsibleName": "Не указан",
  "currentResponsibleUserId": null,
  "clientResponsibleName": "Не указан",
  "creatorName": "Беляев Сергей",
  "createdAt": "2026-02-12T09:14:51.505Z",
  "updatedAt": "2026-02-12T11:31:45.942Z",
  "statusMetadata": {
    "responsibleSpecialist": null,
    "deadlines": {
      "processingTime": "5 рабочих дней",
      "deadline": "2026-02-17T11:57:28.990Z"
    },
    "necessaryActions": [
      "Редактирование заявки"
    ],
    "additionalResources": [
      "Общие ресурсы"
    ],
    "notifications": [
      "Стандартное уведомление"
    ]
  }
}

[2026-02-12T11:58:52.417Z] Отправка данных заявки ID: 12
{
  "clientId": 5,
  "clientName": "Уваровская Нива",
  "tema": "Тираж",
  "amount": 0,
  "status": "Открыта",
  "description": "",
  "clientObjectId": 5,
  "updNumber": null,
  "updDate": null,
  "contract": "Д-12-202602-8246",
  "workAddress": "",
  "bidType": {
    "id": 1,
    "name": "Выдача оборудования без преднастройки и монтажа",
    "description": "Выдача оборудования без преднастройки и монтажа",
    "statuses": [
      {
        "name": "Открыта",
        "color": "#c75a5a",
        "position": 1,
        "allowedActions": [
          "edit"
        ],
        "responsibleRoleId": "14"
      },
      {
        "name": "Собрать",
        "color": "#3b82f6",
        "position": 2,
        "allowedActions": [
          "edit",
          "close"
        ],
        "responsibleRoleId": "3",
        "responsibleUserId": null
      },
      {
        "name": "Отложить",
        "color": "#eab308",
        "position": 3,
        "allowedActions": [],
        "responsibleUserId": null
      },
      {
        "name": "Закрыта",
        "color": "#7a7777",
        "position": 999,
        "allowedActions": []
      }
    ],
    "transitions": [
      {
        "toPosition": 2,
        "fromPosition": 1
      },
      {
        "toPosition": 3,
        "fromPosition": 1
      },
      {
        "toPosition": 3,
        "fromPosition": 2
      },
      {
        "toPosition": 999,
        "fromPosition": 2
      }
    ],
    "plannedReactionTimeMinutes": 60,
    "plannedDurationMinutes": "1440",
    "createdAt": "2026-02-04T10:11:35.846Z",
    "updatedAt": "2026-02-08T12:49:49.376Z"
  },
  "bidTypeName": "Выдача оборудования без преднастройки и монтажа",
  "bidTypeStatuses": [
    {
      "name": "Открыта",
      "color": "#c75a5a",
      "position": 1,
      "allowedActions": [
        "edit"
      ],
      "responsibleRoleId": "14"
    },
    {
      "name": "Собрать",
      "color": "#3b82f6",
      "position": 2,
      "allowedActions": [
        "edit",
        "close"
      ],
      "responsibleRoleId": "3",
      "responsibleUserId": null
    },
    {
      "name": "Отложить",
      "color": "#eab308",
      "position": 3,
      "allowedActions": [],
      "responsibleUserId": null
    },
    {
      "name": "Закрыта",
      "color": "#7a7777",
      "position": 999,
      "allowedActions": []
    }
  ],
  "bidTypeResponsibleName": "Не указан",
  "currentResponsibleUserId": null,
  "clientResponsibleName": "Не указан",
  "creatorName": "Беляев Сергей",
  "createdAt": "2026-02-12T09:14:51.505Z",
  "updatedAt": "2026-02-12T11:31:45.942Z",
  "statusMetadata": {
    "responsibleSpecialist": null,
    "deadlines": {
      "processingTime": "5 рабочих дней",
      "deadline": "2026-02-17T11:58:52.416Z"
    },
    "necessaryActions": [
      "Редактирование заявки"
    ],
    "additionalResources": [
      "Общие ресурсы"
    ],
    "notifications": [
      "Стандартное уведомление"
    ]
  }
}

[2026-02-12T11:58:53.137Z] Отправка данных заявки ID: 12
{
  "clientId": 5,
  "clientName": "Уваровская Нива",
  "tema": "Тираж",
  "amount": 0,
  "status": "Открыта",
  "description": "",
  "clientObjectId": 5,
  "updNumber": null,
  "updDate": null,
  "contract": "Д-12-202602-8246",
  "workAddress": "",
  "bidType": {
    "id": 1,
    "name": "Выдача оборудования без преднастройки и монтажа",
    "description": "Выдача оборудования без преднастройки и монтажа",
    "statuses": [
      {
        "name": "Открыта",
        "color": "#c75a5a",
        "position": 1,
        "allowedActions": [
          "edit"
        ],
        "responsibleRoleId": "14"
      },
      {
        "name": "Собрать",
        "color": "#3b82f6",
        "position": 2,
        "allowedActions": [
          "edit",
          "close"
        ],
        "responsibleRoleId": "3",
        "responsibleUserId": null
      },
      {
        "name": "Отложить",
        "color": "#eab308",
        "position": 3,
        "allowedActions": [],
        "responsibleUserId": null
      },
      {
        "name": "Закрыта",
        "color": "#7a7777",
        "position": 999,
        "allowedActions": []
      }
    ],
    "transitions": [
      {
        "toPosition": 2,
        "fromPosition": 1
      },
      {
        "toPosition": 3,
        "fromPosition": 1
      },
      {
        "toPosition": 3,
        "fromPosition": 2
      },
      {
        "toPosition": 999,
        "fromPosition": 2
      }
    ],
    "plannedReactionTimeMinutes": 60,
    "plannedDurationMinutes": "1440",
    "createdAt": "2026-02-04T10:11:35.846Z",
    "updatedAt": "2026-02-08T12:49:49.376Z"
  },
  "bidTypeName": "Выдача оборудования без преднастройки и монтажа",
  "bidTypeStatuses": [
    {
      "name": "Открыта",
      "color": "#c75a5a",
      "position": 1,
      "allowedActions": [
        "edit"
      ],
      "responsibleRoleId": "14"
    },
    {
      "name": "Собрать",
      "color": "#3b82f6",
      "position": 2,
      "allowedActions": [
        "edit",
        "close"
      ],
      "responsibleRoleId": "3",
      "responsibleUserId": null
    },
    {
      "name": "Отложить",
      "color": "#eab308",
      "position": 3,
      "allowedActions": [],
      "responsibleUserId": null
    },
    {
      "name": "Закрыта",
      "color": "#7a7777",
      "position": 999,
      "allowedActions": []
    }
  ],
  "bidTypeResponsibleName": "Не указан",
  "currentResponsibleUserId": null,
  "clientResponsibleName": "Не указан",
  "creatorName": "Беляев Сергей",
  "createdAt": "2026-02-12T09:14:51.505Z",
  "updatedAt": "2026-02-12T11:31:45.942Z",
  "statusMetadata": {
    "responsibleSpecialist": null,
    "deadlines": {
      "processingTime": "5 рабочих дней",
      "deadline": "2026-02-17T11:58:53.136Z"
    },
    "necessaryActions": [
      "Редактирование заявки"
    ],
    "additionalResources": [
      "Общие ресурсы"
    ],
    "notifications": [
      "Стандартное уведомление"
    ]
  }
}

[2026-02-12T12:16:24.038Z] Отправка данных заявки ID: 12
{
  "clientId": 5,
  "clientName": "Уваровская Нива",
  "tema": "Тираж",
  "amount": 0,
  "status": "Открыта",
  "description": "",
  "clientObjectId": 5,
  "updNumber": null,
  "updDate": null,
  "contract": "Д-12-202602-4198",
  "workAddress": "",
  "bidType": {
    "id": 1,
    "name": "Выдача оборудования без преднастройки и монтажа",
    "description": "Выдача оборудования без преднастройки и монтажа",
    "statuses": [
      {
        "name": "Открыта",
        "color": "#c75a5a",
        "position": 1,
        "allowedActions": [
          "edit"
        ],
        "responsibleRoleId": "14"
      },
      {
        "name": "Собрать",
        "color": "#3b82f6",
        "position": 2,
        "allowedActions": [
          "edit",
          "close"
        ],
        "responsibleRoleId": "3",
        "responsibleUserId": null
      },
      {
        "name": "Отложить",
        "color": "#eab308",
        "position": 3,
        "allowedActions": [],
        "responsibleUserId": null
      },
      {
        "name": "Закрыта",
        "color": "#7a7777",
        "position": 999,
        "allowedActions": []
      }
    ],
    "transitions": [
      {
        "toPosition": 2,
        "fromPosition": 1
      },
      {
        "toPosition": 3,
        "fromPosition": 1
      },
      {
        "toPosition": 3,
        "fromPosition": 2
      },
      {
        "toPosition": 999,
        "fromPosition": 2
      }
    ],
    "plannedReactionTimeMinutes": 60,
    "plannedDurationMinutes": "1440",
    "createdAt": "2026-02-04T10:11:35.846Z",
    "updatedAt": "2026-02-08T12:49:49.376Z"
  },
  "bidTypeName": "Выдача оборудования без преднастройки и монтажа",
  "bidTypeStatuses": [
    {
      "name": "Открыта",
      "color": "#c75a5a",
      "position": 1,
      "allowedActions": [
        "edit"
      ],
      "responsibleRoleId": "14"
    },
    {
      "name": "Собрать",
      "color": "#3b82f6",
      "position": 2,
      "allowedActions": [
        "edit",
        "close"
      ],
      "responsibleRoleId": "3",
      "responsibleUserId": null
    },
    {
      "name": "Отложить",
      "color": "#eab308",
      "position": 3,
      "allowedActions": [],
      "responsibleUserId": null
    },
    {
      "name": "Закрыта",
      "color": "#7a7777",
      "position": 999,
      "allowedActions": []
    }
  ],
  "bidTypeResponsibleName": "Не указан",
  "currentResponsibleUserId": null,
  "clientResponsibleName": "Не указан",
  "creatorName": "Беляев Сергей",
  "createdAt": "2026-02-12T09:14:51.505Z",
  "updatedAt": "2026-02-12T11:59:04.928Z",
  "statusMetadata": {
    "responsibleSpecialist": null,
    "deadlines": {
      "processingTime": "5 рабочих дней",
      "deadline": "2026-02-17T12:16:24.037Z"
    },
    "necessaryActions": [
      "Редактирование заявки"
    ],
    "additionalResources": [
      "Общие ресурсы"
    ],
    "notifications": [
      "Стандартное уведомление"
    ]
  }
}

[2026-02-12T12:16:24.079Z] Отправка данных заявки ID: 12
{
  "clientId": 5,
  "clientName": "Уваровская Нива",
  "tema": "Тираж",
  "amount": 0,
  "status": "Открыта",
  "description": "",
  "clientObjectId": 5,
  "updNumber": null,
  "updDate": null,
  "contract": "Д-12-202602-4198",
  "workAddress": "",
  "bidType": {
    "id": 1,
    "name": "Выдача оборудования без преднастройки и монтажа",
    "description": "Выдача оборудования без преднастройки и монтажа",
    "statuses": [
      {
        "name": "Открыта",
        "color": "#c75a5a",
        "position": 1,
        "allowedActions": [
          "edit"
        ],
        "responsibleRoleId": "14"
      },
      {
        "name": "Собрать",
        "color": "#3b82f6",
        "position": 2,
        "allowedActions": [
          "edit",
          "close"
        ],
        "responsibleRoleId": "3",
        "responsibleUserId": null
      },
      {
        "name": "Отложить",
        "color": "#eab308",
        "position": 3,
        "allowedActions": [],
        "responsibleUserId": null
      },
      {
        "name": "Закрыта",
        "color": "#7a7777",
        "position": 999,
        "allowedActions": []
      }
    ],
    "transitions": [
      {
        "toPosition": 2,
        "fromPosition": 1
      },
      {
        "toPosition": 3,
        "fromPosition": 1
      },
      {
        "toPosition": 3,
        "fromPosition": 2
      },
      {
        "toPosition": 999,
        "fromPosition": 2
      }
    ],
    "plannedReactionTimeMinutes": 60,
    "plannedDurationMinutes": "1440",
    "createdAt": "2026-02-04T10:11:35.846Z",
    "updatedAt": "2026-02-08T12:49:49.376Z"
  },
  "bidTypeName": "Выдача оборудования без преднастройки и монтажа",
  "bidTypeStatuses": [
    {
      "name": "Открыта",
      "color": "#c75a5a",
      "position": 1,
      "allowedActions": [
        "edit"
      ],
      "responsibleRoleId": "14"
    },
    {
      "name": "Собрать",
      "color": "#3b82f6",
      "position": 2,
      "allowedActions": [
        "edit",
        "close"
      ],
      "responsibleRoleId": "3",
      "responsibleUserId": null
    },
    {
      "name": "Отложить",
      "color": "#eab308",
      "position": 3,
      "allowedActions": [],
      "responsibleUserId": null
    },
    {
      "name": "Закрыта",
      "color": "#7a7777",
      "position": 999,
      "allowedActions": []
    }
  ],
  "bidTypeResponsibleName": "Не указан",
  "currentResponsibleUserId": null,
  "clientResponsibleName": "Не указан",
  "creatorName": "Беляев Сергей",
  "createdAt": "2026-02-12T09:14:51.505Z",
  "updatedAt": "2026-02-12T11:59:04.928Z",
  "statusMetadata": {
    "responsibleSpecialist": null,
    "deadlines": {
      "processingTime": "5 рабочих дней",
      "deadline": "2026-02-17T12:16:24.078Z"
    },
    "necessaryActions": [
      "Редактирование заявки"
    ],
    "additionalResources": [
      "Общие ресурсы"
    ],
    "notifications": [
      "Стандартное уведомление"
    ]
  }
}

[2026-02-12T12:19:23.295Z] Создание новой заявки
{
  "clientId": 5,
  "title": "замена блока",
  "amount": 0,
  "status": "Открыта",
  "description": "5нререн",
  "clientObjectId": 10,
  "bidTypeId": 1,
  "workAddress": "уварово",
  "contactFullName": "алексей",
  "contactPhone": "89000000000",
  "parentId": null,
  "createdBy": 1,
  "plannedResolutionDate": "2026-02-17T12:16",
  "plannedReactionTimeMinutes": 60,
  "assignedAt": null,
  "plannedDurationMinutes": 1440
}

[2026-02-12T12:19:39.296Z] Создание новой заявки
{
  "clientId": 5,
  "title": "замена блока",
  "amount": 0,
  "status": "Открыта",
  "description": "иии",
  "clientObjectId": 10,
  "bidTypeId": 1,
  "workAddress": "уварово",
  "contactFullName": "алексей",
  "contactPhone": "89000000000",
  "parentId": null,
  "createdBy": 1,
  "plannedResolutionDate": "2026-02-17T12:16",
  "plannedReactionTimeMinutes": 60,
  "assignedAt": null,
  "plannedDurationMinutes": 1440
}

[2026-02-12T12:20:05.559Z] Создание batch заявок
{
  "clientId": 5,
  "title": "замена блока",
  "amount": 0,
  "status": "Открыта",
  "description": "иии",
  "clientObjectIds": [
    "8",
    "7",
    "10"
  ],
  "bidTypeId": 1,
  "count": 3
}

[2026-02-12T12:20:05.649Z] Создано batch заявок
{
  "count": 3,
  "bids": [
    13,
    14,
    15
  ]
}

[2026-02-12T12:20:52.030Z] Отправка данных заявки ID: 15
{
  "clientId": 5,
  "clientName": "Уваровская Нива",
  "tema": "замена блока",
  "amount": 0,
  "status": "Открыта",
  "description": "иии",
  "clientObjectId": 10,
  "updNumber": null,
  "updDate": null,
  "contract": null,
  "workAddress": "уварово",
  "bidType": {
    "id": 1,
    "name": "Выдача оборудования без преднастройки и монтажа",
    "description": "Выдача оборудования без преднастройки и монтажа",
    "statuses": [
      {
        "name": "Открыта",
        "color": "#c75a5a",
        "position": 1,
        "allowedActions": [
          "edit"
        ],
        "responsibleRoleId": "14"
      },
      {
        "name": "Собрать",
        "color": "#3b82f6",
        "position": 2,
        "allowedActions": [
          "edit",
          "close"
        ],
        "responsibleRoleId": "3",
        "responsibleUserId": null
      },
      {
        "name": "Отложить",
        "color": "#eab308",
        "position": 3,
        "allowedActions": [],
        "responsibleUserId": null
      },
      {
        "name": "Закрыта",
        "color": "#7a7777",
        "position": 999,
        "allowedActions": []
      }
    ],
    "transitions": [
      {
        "toPosition": 2,
        "fromPosition": 1
      },
      {
        "toPosition": 3,
        "fromPosition": 1
      },
      {
        "toPosition": 3,
        "fromPosition": 2
      },
      {
        "toPosition": 999,
        "fromPosition": 2
      }
    ],
    "plannedReactionTimeMinutes": 60,
    "plannedDurationMinutes": "1440",
    "createdAt": "2026-02-04T10:11:35.846Z",
    "updatedAt": "2026-02-08T12:49:49.376Z"
  },
  "bidTypeName": "Выдача оборудования без преднастройки и монтажа",
  "bidTypeStatuses": [
    {
      "name": "Открыта",
      "color": "#c75a5a",
      "position": 1,
      "allowedActions": [
        "edit"
      ],
      "responsibleRoleId": "14"
    },
    {
      "name": "Собрать",
      "color": "#3b82f6",
      "position": 2,
      "allowedActions": [
        "edit",
        "close"
      ],
      "responsibleRoleId": "3",
      "responsibleUserId": null
    },
    {
      "name": "Отложить",
      "color": "#eab308",
      "position": 3,
      "allowedActions": [],
      "responsibleUserId": null
    },
    {
      "name": "Закрыта",
      "color": "#7a7777",
      "position": 999,
      "allowedActions": []
    }
  ],
  "bidTypeResponsibleName": "Не указан",
  "currentResponsibleUserId": null,
  "clientResponsibleName": "Не указан",
  "creatorName": "Беляев Сергей",
  "createdAt": "2026-02-12T12:20:05.640Z",
  "updatedAt": "2026-02-12T12:20:05.640Z",
  "statusMetadata": {
    "responsibleSpecialist": null,
    "deadlines": {
      "processingTime": "5 рабочих дней",
      "deadline": "2026-02-17T12:20:52.029Z"
    },
    "necessaryActions": [
      "Редактирование заявки"
    ],
    "additionalResources": [
      "Общие ресурсы"
    ],
    "notifications": [
      "Стандартное уведомление"
    ]
  }
}

[2026-02-12T12:20:52.078Z] Отправка данных заявки ID: 15
{
  "clientId": 5,
  "clientName": "Уваровская Нива",
  "tema": "замена блока",
  "amount": 0,
  "status": "Открыта",
  "description": "иии",
  "clientObjectId": 10,
  "updNumber": null,
  "updDate": null,
  "contract": null,
  "workAddress": "уварово",
  "bidType": {
    "id": 1,
    "name": "Выдача оборудования без преднастройки и монтажа",
    "description": "Выдача оборудования без преднастройки и монтажа",
    "statuses": [
      {
        "name": "Открыта",
        "color": "#c75a5a",
        "position": 1,
        "allowedActions": [
          "edit"
        ],
        "responsibleRoleId": "14"
      },
      {
        "name": "Собрать",
        "color": "#3b82f6",
        "position": 2,
        "allowedActions": [
          "edit",
          "close"
        ],
        "responsibleRoleId": "3",
        "responsibleUserId": null
      },
      {
        "name": "Отложить",
        "color": "#eab308",
        "position": 3,
        "allowedActions": [],
        "responsibleUserId": null
      },
      {
        "name": "Закрыта",
        "color": "#7a7777",
        "position": 999,
        "allowedActions": []
      }
    ],
    "transitions": [
      {
        "toPosition": 2,
        "fromPosition": 1
      },
      {
        "toPosition": 3,
        "fromPosition": 1
      },
      {
        "toPosition": 3,
        "fromPosition": 2
      },
      {
        "toPosition": 999,
        "fromPosition": 2
      }
    ],
    "plannedReactionTimeMinutes": 60,
    "plannedDurationMinutes": "1440",
    "createdAt": "2026-02-04T10:11:35.846Z",
    "updatedAt": "2026-02-08T12:49:49.376Z"
  },
  "bidTypeName": "Выдача оборудования без преднастройки и монтажа",
  "bidTypeStatuses": [
    {
      "name": "Открыта",
      "color": "#c75a5a",
      "position": 1,
      "allowedActions": [
        "edit"
      ],
      "responsibleRoleId": "14"
    },
    {
      "name": "Собрать",
      "color": "#3b82f6",
      "position": 2,
      "allowedActions": [
        "edit",
        "close"
      ],
      "responsibleRoleId": "3",
      "responsibleUserId": null
    },
    {
      "name": "Отложить",
      "color": "#eab308",
      "position": 3,
      "allowedActions": [],
      "responsibleUserId": null
    },
    {
      "name": "Закрыта",
      "color": "#7a7777",
      "position": 999,
      "allowedActions": []
    }
  ],
  "bidTypeResponsibleName": "Не указан",
  "currentResponsibleUserId": null,
  "clientResponsibleName": "Не указан",
  "creatorName": "Беляев Сергей",
  "createdAt": "2026-02-12T12:20:05.640Z",
  "updatedAt": "2026-02-12T12:20:05.640Z",
  "statusMetadata": {
    "responsibleSpecialist": null,
    "deadlines": {
      "processingTime": "5 рабочих дней",
      "deadline": "2026-02-17T12:20:52.078Z"
    },
    "necessaryActions": [
      "Редактирование заявки"
    ],
    "additionalResources": [
      "Общие ресурсы"
    ],
    "notifications": [
      "Стандартное уведомление"
    ]
  }
}

[2026-02-12T12:21:04.119Z] Загрузка файла к заявки ID: 15
{
  "id": 42,
  "name": "1770898863471-722186780-IMG_20260123_130954.jpg",
  "originalName": "IMG_20260123_130954.jpg",
  "path": "/uploads/bids/15/1770898863471-722186780-IMG_20260123_130954.jpg",
  "size": 81304,
  "uploadedBy": 1,
  "uploaderName": "Беляев Сергей",
  "createdAt": "2026-02-12T12:21:04.115Z"
}

[2026-02-12T12:21:53.092Z] Отправка данных заявки ID: 15
{
  "clientId": 5,
  "clientName": "Уваровская Нива",
  "tema": "замена блока",
  "amount": 0,
  "status": "Открыта",
  "description": "иии",
  "clientObjectId": 10,
  "updNumber": null,
  "updDate": null,
  "contract": null,
  "workAddress": "уварово",
  "bidType": {
    "id": 1,
    "name": "Выдача оборудования без преднастройки и монтажа",
    "description": "Выдача оборудования без преднастройки и монтажа",
    "statuses": [
      {
        "name": "Открыта",
        "color": "#c75a5a",
        "position": 1,
        "allowedActions": [
          "edit"
        ],
        "responsibleRoleId": "14"
      },
      {
        "name": "Собрать",
        "color": "#3b82f6",
        "position": 2,
        "allowedActions": [
          "edit",
          "close"
        ],
        "responsibleRoleId": "3",
        "responsibleUserId": null
      },
      {
        "name": "Отложить",
        "color": "#eab308",
        "position": 3,
        "allowedActions": [],
        "responsibleUserId": null
      },
      {
        "name": "Закрыта",
        "color": "#7a7777",
        "position": 999,
        "allowedActions": []
      }
    ],
    "transitions": [
      {
        "toPosition": 2,
        "fromPosition": 1
      },
      {
        "toPosition": 3,
        "fromPosition": 1
      },
      {
        "toPosition": 3,
        "fromPosition": 2
      },
      {
        "toPosition": 999,
        "fromPosition": 2
      }
    ],
    "plannedReactionTimeMinutes": 60,
    "plannedDurationMinutes": "1440",
    "createdAt": "2026-02-04T10:11:35.846Z",
    "updatedAt": "2026-02-08T12:49:49.376Z"
  },
  "bidTypeName": "Выдача оборудования без преднастройки и монтажа",
  "bidTypeStatuses": [
    {
      "name": "Открыта",
      "color": "#c75a5a",
      "position": 1,
      "allowedActions": [
        "edit"
      ],
      "responsibleRoleId": "14"
    },
    {
      "name": "Собрать",
      "color": "#3b82f6",
      "position": 2,
      "allowedActions": [
        "edit",
        "close"
      ],
      "responsibleRoleId": "3",
      "responsibleUserId": null
    },
    {
      "name": "Отложить",
      "color": "#eab308",
      "position": 3,
      "allowedActions": [],
      "responsibleUserId": null
    },
    {
      "name": "Закрыта",
      "color": "#7a7777",
      "position": 999,
      "allowedActions": []
    }
  ],
  "bidTypeResponsibleName": "Не указан",
  "currentResponsibleUserId": null,
  "clientResponsibleName": "Не указан",
  "creatorName": "Беляев Сергей",
  "createdAt": "2026-02-12T12:20:05.640Z",
  "updatedAt": "2026-02-12T12:20:05.640Z",
  "statusMetadata": {
    "responsibleSpecialist": null,
    "deadlines": {
      "processingTime": "5 рабочих дней",
      "deadline": "2026-02-17T12:21:53.092Z"
    },
    "necessaryActions": [
      "Редактирование заявки"
    ],
    "additionalResources": [
      "Общие ресурсы"
    ],
    "notifications": [
      "Стандартное уведомление"
    ]
  }
}

[2026-02-12T12:21:53.141Z] Отправка данных заявки ID: 15
{
  "clientId": 5,
  "clientName": "Уваровская Нива",
  "tema": "замена блока",
  "amount": 0,
  "status": "Открыта",
  "description": "иии",
  "clientObjectId": 10,
  "updNumber": null,
  "updDate": null,
  "contract": null,
  "workAddress": "уварово",
  "bidType": {
    "id": 1,
    "name": "Выдача оборудования без преднастройки и монтажа",
    "description": "Выдача оборудования без преднастройки и монтажа",
    "statuses": [
      {
        "name": "Открыта",
        "color": "#c75a5a",
        "position": 1,
        "allowedActions": [
          "edit"
        ],
        "responsibleRoleId": "14"
      },
      {
        "name": "Собрать",
        "color": "#3b82f6",
        "position": 2,
        "allowedActions": [
          "edit",
          "close"
        ],
        "responsibleRoleId": "3",
        "responsibleUserId": null
      },
      {
        "name": "Отложить",
        "color": "#eab308",
        "position": 3,
        "allowedActions": [],
        "responsibleUserId": null
      },
      {
        "name": "Закрыта",
        "color": "#7a7777",
        "position": 999,
        "allowedActions": []
      }
    ],
    "transitions": [
      {
        "toPosition": 2,
        "fromPosition": 1
      },
      {
        "toPosition": 3,
        "fromPosition": 1
      },
      {
        "toPosition": 3,
        "fromPosition": 2
      },
      {
        "toPosition": 999,
        "fromPosition": 2
      }
    ],
    "plannedReactionTimeMinutes": 60,
    "plannedDurationMinutes": "1440",
    "createdAt": "2026-02-04T10:11:35.846Z",
    "updatedAt": "2026-02-08T12:49:49.376Z"
  },
  "bidTypeName": "Выдача оборудования без преднастройки и монтажа",
  "bidTypeStatuses": [
    {
      "name": "Открыта",
      "color": "#c75a5a",
      "position": 1,
      "allowedActions": [
        "edit"
      ],
      "responsibleRoleId": "14"
    },
    {
      "name": "Собрать",
      "color": "#3b82f6",
      "position": 2,
      "allowedActions": [
        "edit",
        "close"
      ],
      "responsibleRoleId": "3",
      "responsibleUserId": null
    },
    {
      "name": "Отложить",
      "color": "#eab308",
      "position": 3,
      "allowedActions": [],
      "responsibleUserId": null
    },
    {
      "name": "Закрыта",
      "color": "#7a7777",
      "position": 999,
      "allowedActions": []
    }
  ],
  "bidTypeResponsibleName": "Не указан",
  "currentResponsibleUserId": null,
  "clientResponsibleName": "Не указан",
  "creatorName": "Беляев Сергей",
  "createdAt": "2026-02-12T12:20:05.640Z",
  "updatedAt": "2026-02-12T12:20:05.640Z",
  "statusMetadata": {
    "responsibleSpecialist": null,
    "deadlines": {
      "processingTime": "5 рабочих дней",
      "deadline": "2026-02-17T12:21:53.140Z"
    },
    "necessaryActions": [
      "Редактирование заявки"
    ],
    "additionalResources": [
      "Общие ресурсы"
    ],
    "notifications": [
      "Стандартное уведомление"
    ]
  }
}

[2026-02-12T12:22:10.972Z] Отправка данных заявки ID: 12
{
  "clientId": 5,
  "clientName": "Уваровская Нива",
  "tema": "Тираж",
  "amount": 0,
  "status": "Открыта",
  "description": "",
  "clientObjectId": 5,
  "updNumber": null,
  "updDate": null,
  "contract": "Д-12-202602-4198",
  "workAddress": "",
  "bidType": {
    "id": 1,
    "name": "Выдача оборудования без преднастройки и монтажа",
    "description": "Выдача оборудования без преднастройки и монтажа",
    "statuses": [
      {
        "name": "Открыта",
        "color": "#c75a5a",
        "position": 1,
        "allowedActions": [
          "edit"
        ],
        "responsibleRoleId": "14"
      },
      {
        "name": "Собрать",
        "color": "#3b82f6",
        "position": 2,
        "allowedActions": [
          "edit",
          "close"
        ],
        "responsibleRoleId": "3",
        "responsibleUserId": null
      },
      {
        "name": "Отложить",
        "color": "#eab308",
        "position": 3,
        "allowedActions": [],
        "responsibleUserId": null
      },
      {
        "name": "Закрыта",
        "color": "#7a7777",
        "position": 999,
        "allowedActions": []
      }
    ],
    "transitions": [
      {
        "toPosition": 2,
        "fromPosition": 1
      },
      {
        "toPosition": 3,
        "fromPosition": 1
      },
      {
        "toPosition": 3,
        "fromPosition": 2
      },
      {
        "toPosition": 999,
        "fromPosition": 2
      }
    ],
    "plannedReactionTimeMinutes": 60,
    "plannedDurationMinutes": "1440",
    "createdAt": "2026-02-04T10:11:35.846Z",
    "updatedAt": "2026-02-08T12:49:49.376Z"
  },
  "bidTypeName": "Выдача оборудования без преднастройки и монтажа",
  "bidTypeStatuses": [
    {
      "name": "Открыта",
      "color": "#c75a5a",
      "position": 1,
      "allowedActions": [
        "edit"
      ],
      "responsibleRoleId": "14"
    },
    {
      "name": "Собрать",
      "color": "#3b82f6",
      "position": 2,
      "allowedActions": [
        "edit",
        "close"
      ],
      "responsibleRoleId": "3",
      "responsibleUserId": null
    },
    {
      "name": "Отложить",
      "color": "#eab308",
      "position": 3,
      "allowedActions": [],
      "responsibleUserId": null
    },
    {
      "name": "Закрыта",
      "color": "#7a7777",
      "position": 999,
      "allowedActions": []
    }
  ],
  "bidTypeResponsibleName": "Не указан",
  "currentResponsibleUserId": null,
  "clientResponsibleName": "Не указан",
  "creatorName": "Беляев Сергей",
  "createdAt": "2026-02-12T09:14:51.505Z",
  "updatedAt": "2026-02-12T11:59:04.928Z",
  "statusMetadata": {
    "responsibleSpecialist": null,
    "deadlines": {
      "processingTime": "5 рабочих дней",
      "deadline": "2026-02-17T12:22:10.971Z"
    },
    "necessaryActions": [
      "Редактирование заявки"
    ],
    "additionalResources": [
      "Общие ресурсы"
    ],
    "notifications": [
      "Стандартное уведомление"
    ]
  }
}

[2026-02-12T12:22:11.015Z] Отправка данных заявки ID: 12
{
  "clientId": 5,
  "clientName": "Уваровская Нива",
  "tema": "Тираж",
  "amount": 0,
  "status": "Открыта",
  "description": "",
  "clientObjectId": 5,
  "updNumber": null,
  "updDate": null,
  "contract": "Д-12-202602-4198",
  "workAddress": "",
  "bidType": {
    "id": 1,
    "name": "Выдача оборудования без преднастройки и монтажа",
    "description": "Выдача оборудования без преднастройки и монтажа",
    "statuses": [
      {
        "name": "Открыта",
        "color": "#c75a5a",
        "position": 1,
        "allowedActions": [
          "edit"
        ],
        "responsibleRoleId": "14"
      },
      {
        "name": "Собрать",
        "color": "#3b82f6",
        "position": 2,
        "allowedActions": [
          "edit",
          "close"
        ],
        "responsibleRoleId": "3",
        "responsibleUserId": null
      },
      {
        "name": "Отложить",
        "color": "#eab308",
        "position": 3,
        "allowedActions": [],
        "responsibleUserId": null
      },
      {
        "name": "Закрыта",
        "color": "#7a7777",
        "position": 999,
        "allowedActions": []
      }
    ],
    "transitions": [
      {
        "toPosition": 2,
        "fromPosition": 1
      },
      {
        "toPosition": 3,
        "fromPosition": 1
      },
      {
        "toPosition": 3,
        "fromPosition": 2
      },
      {
        "toPosition": 999,
        "fromPosition": 2
      }
    ],
    "plannedReactionTimeMinutes": 60,
    "plannedDurationMinutes": "1440",
    "createdAt": "2026-02-04T10:11:35.846Z",
    "updatedAt": "2026-02-08T12:49:49.376Z"
  },
  "bidTypeName": "Выдача оборудования без преднастройки и монтажа",
  "bidTypeStatuses": [
    {
      "name": "Открыта",
      "color": "#c75a5a",
      "position": 1,
      "allowedActions": [
        "edit"
      ],
      "responsibleRoleId": "14"
    },
    {
      "name": "Собрать",
      "color": "#3b82f6",
      "position": 2,
      "allowedActions": [
        "edit",
        "close"
      ],
      "responsibleRoleId": "3",
      "responsibleUserId": null
    },
    {
      "name": "Отложить",
      "color": "#eab308",
      "position": 3,
      "allowedActions": [],
      "responsibleUserId": null
    },
    {
      "name": "Закрыта",
      "color": "#7a7777",
      "position": 999,
      "allowedActions": []
    }
  ],
  "bidTypeResponsibleName": "Не указан",
  "currentResponsibleUserId": null,
  "clientResponsibleName": "Не указан",
  "creatorName": "Беляев Сергей",
  "createdAt": "2026-02-12T09:14:51.505Z",
  "updatedAt": "2026-02-12T11:59:04.928Z",
  "statusMetadata": {
    "responsibleSpecialist": null,
    "deadlines": {
      "processingTime": "5 рабочих дней",
      "deadline": "2026-02-17T12:22:11.015Z"
    },
    "necessaryActions": [
      "Редактирование заявки"
    ],
    "additionalResources": [
      "Общие ресурсы"
    ],
    "notifications": [
      "Стандартное уведомление"
    ]
  }
}

[2026-02-12T12:23:16.948Z] Отправка данных заявки ID: 6
{
  "clientId": 3,
  "clientName": "Уваровская Нива",
  "tema": "Дочерняя заявка - Уточнение деталей",
  "amount": 25000,
  "status": "Открыта",
  "description": "Дочерняя заявка для уточнения технических деталей",
  "clientObjectId": null,
  "updNumber": null,
  "updDate": null,
  "contract": null,
  "workAddress": null,
  "bidType": {
    "id": 1,
    "name": "Выдача оборудования без преднастройки и монтажа",
    "description": "Выдача оборудования без преднастройки и монтажа",
    "statuses": [
      {
        "name": "Открыта",
        "color": "#c75a5a",
        "position": 1,
        "allowedActions": [
          "edit"
        ],
        "responsibleRoleId": "14"
      },
      {
        "name": "Собрать",
        "color": "#3b82f6",
        "position": 2,
        "allowedActions": [
          "edit",
          "close"
        ],
        "responsibleRoleId": "3",
        "responsibleUserId": null
      },
      {
        "name": "Отложить",
        "color": "#eab308",
        "position": 3,
        "allowedActions": [],
        "responsibleUserId": null
      },
      {
        "name": "Закрыта",
        "color": "#7a7777",
        "position": 999,
        "allowedActions": []
      }
    ],
    "transitions": [
      {
        "toPosition": 2,
        "fromPosition": 1
      },
      {
        "toPosition": 3,
        "fromPosition": 1
      },
      {
        "toPosition": 3,
        "fromPosition": 2
      },
      {
        "toPosition": 999,
        "fromPosition": 2
      }
    ],
    "plannedReactionTimeMinutes": 60,
    "plannedDurationMinutes": "1440",
    "createdAt": "2026-02-04T10:11:35.846Z",
    "updatedAt": "2026-02-08T12:49:49.376Z"
  },
  "bidTypeName": "Выдача оборудования без преднастройки и монтажа",
  "bidTypeStatuses": [
    {
      "name": "Открыта",
      "color": "#c75a5a",
      "position": 1,
      "allowedActions": [
        "edit"
      ],
      "responsibleRoleId": "14"
    },
    {
      "name": "Собрать",
      "color": "#3b82f6",
      "position": 2,
      "allowedActions": [
        "edit",
        "close"
      ],
      "responsibleRoleId": "3",
      "responsibleUserId": null
    },
    {
      "name": "Отложить",
      "color": "#eab308",
      "position": 3,
      "allowedActions": [],
      "responsibleUserId": null
    },
    {
      "name": "Закрыта",
      "color": "#7a7777",
      "position": 999,
      "allowedActions": []
    }
  ],
  "bidTypeResponsibleName": "Не указан",
  "currentResponsibleUserId": null,
  "clientResponsibleName": "Не указан",
  "creatorName": "Беляев Сергей",
  "createdAt": "2026-02-04T10:11:37.033Z",
  "updatedAt": "2026-02-04T10:11:37.033Z",
  "statusMetadata": {
    "responsibleSpecialist": null,
    "deadlines": {
      "processingTime": "5 рабочих дней",
      "deadline": "2026-02-17T12:23:16.947Z"
    },
    "necessaryActions": [
      "Редактирование заявки"
    ],
    "additionalResources": [
      "Общие ресурсы"
    ],
    "notifications": [
      "Стандартное уведомление"
    ]
  }
}

[2026-02-12T12:23:16.987Z] Отправка данных заявки ID: 6
{
  "clientId": 3,
  "clientName": "Уваровская Нива",
  "tema": "Дочерняя заявка - Уточнение деталей",
  "amount": 25000,
  "status": "Открыта",
  "description": "Дочерняя заявка для уточнения технических деталей",
  "clientObjectId": null,
  "updNumber": null,
  "updDate": null,
  "contract": null,
  "workAddress": null,
  "bidType": {
    "id": 1,
    "name": "Выдача оборудования без преднастройки и монтажа",
    "description": "Выдача оборудования без преднастройки и монтажа",
    "statuses": [
      {
        "name": "Открыта",
        "color": "#c75a5a",
        "position": 1,
        "allowedActions": [
          "edit"
        ],
        "responsibleRoleId": "14"
      },
      {
        "name": "Собрать",
        "color": "#3b82f6",
        "position": 2,
        "allowedActions": [
          "edit",
          "close"
        ],
        "responsibleRoleId": "3",
        "responsibleUserId": null
      },
      {
        "name": "Отложить",
        "color": "#eab308",
        "position": 3,
        "allowedActions": [],
        "responsibleUserId": null
      },
      {
        "name": "Закрыта",
        "color": "#7a7777",
        "position": 999,
        "allowedActions": []
      }
    ],
    "transitions": [
      {
        "toPosition": 2,
        "fromPosition": 1
      },
      {
        "toPosition": 3,
        "fromPosition": 1
      },
      {
        "toPosition": 3,
        "fromPosition": 2
      },
      {
        "toPosition": 999,
        "fromPosition": 2
      }
    ],
    "plannedReactionTimeMinutes": 60,
    "plannedDurationMinutes": "1440",
    "createdAt": "2026-02-04T10:11:35.846Z",
    "updatedAt": "2026-02-08T12:49:49.376Z"
  },
  "bidTypeName": "Выдача оборудования без преднастройки и монтажа",
  "bidTypeStatuses": [
    {
      "name": "Открыта",
      "color": "#c75a5a",
      "position": 1,
      "allowedActions": [
        "edit"
      ],
      "responsibleRoleId": "14"
    },
    {
      "name": "Собрать",
      "color": "#3b82f6",
      "position": 2,
      "allowedActions": [
        "edit",
        "close"
      ],
      "responsibleRoleId": "3",
      "responsibleUserId": null
    },
    {
      "name": "Отложить",
      "color": "#eab308",
      "position": 3,
      "allowedActions": [],
      "responsibleUserId": null
    },
    {
      "name": "Закрыта",
      "color": "#7a7777",
      "position": 999,
      "allowedActions": []
    }
  ],
  "bidTypeResponsibleName": "Не указан",
  "currentResponsibleUserId": null,
  "clientResponsibleName": "Не указан",
  "creatorName": "Беляев Сергей",
  "createdAt": "2026-02-04T10:11:37.033Z",
  "updatedAt": "2026-02-04T10:11:37.033Z",
  "statusMetadata": {
    "responsibleSpecialist": null,
    "deadlines": {
      "processingTime": "5 рабочих дней",
      "deadline": "2026-02-17T12:23:16.987Z"
    },
    "necessaryActions": [
      "Редактирование заявки"
    ],
    "additionalResources": [
      "Общие ресурсы"
    ],
    "notifications": [
      "Стандартное уведомление"
    ]
  }
}

[2026-02-12T12:25:28.469Z] Отправка данных заявки ID: 15
{
  "clientId": 5,
  "clientName": "Уваровская Нива",
  "tema": "замена блока",
  "amount": 0,
  "status": "Открыта",
  "description": "иии",
  "clientObjectId": 10,
  "updNumber": null,
  "updDate": null,
  "contract": null,
  "workAddress": "уварово",
  "bidType": {
    "id": 1,
    "name": "Выдача оборудования без преднастройки и монтажа",
    "description": "Выдача оборудования без преднастройки и монтажа",
    "statuses": [
      {
        "name": "Открыта",
        "color": "#c75a5a",
        "position": 1,
        "allowedActions": [
          "edit"
        ],
        "responsibleRoleId": "14"
      },
      {
        "name": "Собрать",
        "color": "#3b82f6",
        "position": 2,
        "allowedActions": [
          "edit",
          "close"
        ],
        "responsibleRoleId": "3",
        "responsibleUserId": null
      },
      {
        "name": "Отложить",
        "color": "#eab308",
        "position": 3,
        "allowedActions": [],
        "responsibleUserId": null
      },
      {
        "name": "Закрыта",
        "color": "#7a7777",
        "position": 999,
        "allowedActions": []
      }
    ],
    "transitions": [
      {
        "toPosition": 2,
        "fromPosition": 1
      },
      {
        "toPosition": 3,
        "fromPosition": 1
      },
      {
        "toPosition": 3,
        "fromPosition": 2
      },
      {
        "toPosition": 999,
        "fromPosition": 2
      }
    ],
    "plannedReactionTimeMinutes": 60,
    "plannedDurationMinutes": "1440",
    "createdAt": "2026-02-04T10:11:35.846Z",
    "updatedAt": "2026-02-08T12:49:49.376Z"
  },
  "bidTypeName": "Выдача оборудования без преднастройки и монтажа",
  "bidTypeStatuses": [
    {
      "name": "Открыта",
      "color": "#c75a5a",
      "position": 1,
      "allowedActions": [
        "edit"
      ],
      "responsibleRoleId": "14"
    },
    {
      "name": "Собрать",
      "color": "#3b82f6",
      "position": 2,
      "allowedActions": [
        "edit",
        "close"
      ],
      "responsibleRoleId": "3",
      "responsibleUserId": null
    },
    {
      "name": "Отложить",
      "color": "#eab308",
      "position": 3,
      "allowedActions": [],
      "responsibleUserId": null
    },
    {
      "name": "Закрыта",
      "color": "#7a7777",
      "position": 999,
      "allowedActions": []
    }
  ],
  "bidTypeResponsibleName": "Не указан",
  "currentResponsibleUserId": null,
  "clientResponsibleName": "Не указан",
  "creatorName": "Беляев Сергей",
  "createdAt": "2026-02-12T12:20:05.640Z",
  "updatedAt": "2026-02-12T12:20:05.640Z",
  "statusMetadata": {
    "responsibleSpecialist": null,
    "deadlines": {
      "processingTime": "5 рабочих дней",
      "deadline": "2026-02-17T12:25:28.468Z"
    },
    "necessaryActions": [
      "Редактирование заявки"
    ],
    "additionalResources": [
      "Общие ресурсы"
    ],
    "notifications": [
      "Стандартное уведомление"
    ]
  }
}

[2026-02-12T12:25:28.516Z] Отправка данных заявки ID: 15
{
  "clientId": 5,
  "clientName": "Уваровская Нива",
  "tema": "замена блока",
  "amount": 0,
  "status": "Открыта",
  "description": "иии",
  "clientObjectId": 10,
  "updNumber": null,
  "updDate": null,
  "contract": null,
  "workAddress": "уварово",
  "bidType": {
    "id": 1,
    "name": "Выдача оборудования без преднастройки и монтажа",
    "description": "Выдача оборудования без преднастройки и монтажа",
    "statuses": [
      {
        "name": "Открыта",
        "color": "#c75a5a",
        "position": 1,
        "allowedActions": [
          "edit"
        ],
        "responsibleRoleId": "14"
      },
      {
        "name": "Собрать",
        "color": "#3b82f6",
        "position": 2,
        "allowedActions": [
          "edit",
          "close"
        ],
        "responsibleRoleId": "3",
        "responsibleUserId": null
      },
      {
        "name": "Отложить",
        "color": "#eab308",
        "position": 3,
        "allowedActions": [],
        "responsibleUserId": null
      },
      {
        "name": "Закрыта",
        "color": "#7a7777",
        "position": 999,
        "allowedActions": []
      }
    ],
    "transitions": [
      {
        "toPosition": 2,
        "fromPosition": 1
      },
      {
        "toPosition": 3,
        "fromPosition": 1
      },
      {
        "toPosition": 3,
        "fromPosition": 2
      },
      {
        "toPosition": 999,
        "fromPosition": 2
      }
    ],
    "plannedReactionTimeMinutes": 60,
    "plannedDurationMinutes": "1440",
    "createdAt": "2026-02-04T10:11:35.846Z",
    "updatedAt": "2026-02-08T12:49:49.376Z"
  },
  "bidTypeName": "Выдача оборудования без преднастройки и монтажа",
  "bidTypeStatuses": [
    {
      "name": "Открыта",
      "color": "#c75a5a",
      "position": 1,
      "allowedActions": [
        "edit"
      ],
      "responsibleRoleId": "14"
    },
    {
      "name": "Собрать",
      "color": "#3b82f6",
      "position": 2,
      "allowedActions": [
        "edit",
        "close"
      ],
      "responsibleRoleId": "3",
      "responsibleUserId": null
    },
    {
      "name": "Отложить",
      "color": "#eab308",
      "position": 3,
      "allowedActions": [],
      "responsibleUserId": null
    },
    {
      "name": "Закрыта",
      "color": "#7a7777",
      "position": 999,
      "allowedActions": []
    }
  ],
  "bidTypeResponsibleName": "Не указан",
  "currentResponsibleUserId": null,
  "clientResponsibleName": "Не указан",
  "creatorName": "Беляев Сергей",
  "createdAt": "2026-02-12T12:20:05.640Z",
  "updatedAt": "2026-02-12T12:20:05.640Z",
  "statusMetadata": {
    "responsibleSpecialist": null,
    "deadlines": {
      "processingTime": "5 рабочих дней",
      "deadline": "2026-02-17T12:25:28.515Z"
    },
    "necessaryActions": [
      "Редактирование заявки"
    ],
    "additionalResources": [
      "Общие ресурсы"
    ],
    "notifications": [
      "Стандартное уведомление"
    ]
  }
}

[2026-02-12T12:31:23.318Z] Отправка данных заявки ID: 4
{
  "clientId": 3,
  "clientName": "Уваровская Нива",
  "tema": "Website Redesign",
  "amount": 50000,
  "status": "Открыта",
  "description": "Complete website redesign project",
  "clientObjectId": 3,
  "updNumber": null,
  "updDate": null,
  "contract": null,
  "workAddress": null,
  "bidType": {
    "id": 1,
    "name": "Выдача оборудования без преднастройки и монтажа",
    "description": "Выдача оборудования без преднастройки и монтажа",
    "statuses": [
      {
        "name": "Открыта",
        "color": "#c75a5a",
        "position": 1,
        "allowedActions": [
          "edit"
        ],
        "responsibleRoleId": "14"
      },
      {
        "name": "Собрать",
        "color": "#3b82f6",
        "position": 2,
        "allowedActions": [
          "edit",
          "close"
        ],
        "responsibleRoleId": "3",
        "responsibleUserId": null
      },
      {
        "name": "Отложить",
        "color": "#eab308",
        "position": 3,
        "allowedActions": [],
        "responsibleUserId": null
      },
      {
        "name": "Закрыта",
        "color": "#7a7777",
        "position": 999,
        "allowedActions": []
      }
    ],
    "transitions": [
      {
        "toPosition": 2,
        "fromPosition": 1
      },
      {
        "toPosition": 3,
        "fromPosition": 1
      },
      {
        "toPosition": 3,
        "fromPosition": 2
      },
      {
        "toPosition": 999,
        "fromPosition": 2
      }
    ],
    "plannedReactionTimeMinutes": 60,
    "plannedDurationMinutes": "1440",
    "createdAt": "2026-02-04T10:11:35.846Z",
    "updatedAt": "2026-02-08T12:49:49.376Z"
  },
  "bidTypeName": "Выдача оборудования без преднастройки и монтажа",
  "bidTypeStatuses": [
    {
      "name": "Открыта",
      "color": "#c75a5a",
      "position": 1,
      "allowedActions": [
        "edit"
      ],
      "responsibleRoleId": "14"
    },
    {
      "name": "Собрать",
      "color": "#3b82f6",
      "position": 2,
      "allowedActions": [
        "edit",
        "close"
      ],
      "responsibleRoleId": "3",
      "responsibleUserId": null
    },
    {
      "name": "Отложить",
      "color": "#eab308",
      "position": 3,
      "allowedActions": [],
      "responsibleUserId": null
    },
    {
      "name": "Закрыта",
      "color": "#7a7777",
      "position": 999,
      "allowedActions": []
    }
  ],
  "bidTypeResponsibleName": "Не указан",
  "currentResponsibleUserId": null,
  "clientResponsibleName": "Не указан",
  "creatorName": "Горбунова Анастасия",
  "createdAt": "2026-02-04T10:11:37.014Z",
  "updatedAt": "2026-02-04T10:11:37.045Z",
  "statusMetadata": {
    "responsibleSpecialist": null,
    "deadlines": {
      "processingTime": "5 рабочих дней",
      "deadline": "2026-02-17T12:31:23.318Z"
    },
    "necessaryActions": [
      "Редактирование заявки"
    ],
    "additionalResources": [
      "Общие ресурсы"
    ],
    "notifications": [
      "Стандартное уведомление"
    ]
  }
}

[2026-02-12T12:31:23.390Z] Отправка данных заявки ID: 4
{
  "clientId": 3,
  "clientName": "Уваровская Нива",
  "tema": "Website Redesign",
  "amount": 50000,
  "status": "Открыта",
  "description": "Complete website redesign project",
  "clientObjectId": 3,
  "updNumber": null,
  "updDate": null,
  "contract": null,
  "workAddress": null,
  "bidType": {
    "id": 1,
    "name": "Выдача оборудования без преднастройки и монтажа",
    "description": "Выдача оборудования без преднастройки и монтажа",
    "statuses": [
      {
        "name": "Открыта",
        "color": "#c75a5a",
        "position": 1,
        "allowedActions": [
          "edit"
        ],
        "responsibleRoleId": "14"
      },
      {
        "name": "Собрать",
        "color": "#3b82f6",
        "position": 2,
        "allowedActions": [
          "edit",
          "close"
        ],
        "responsibleRoleId": "3",
        "responsibleUserId": null
      },
      {
        "name": "Отложить",
        "color": "#eab308",
        "position": 3,
        "allowedActions": [],
        "responsibleUserId": null
      },
      {
        "name": "Закрыта",
        "color": "#7a7777",
        "position": 999,
        "allowedActions": []
      }
    ],
    "transitions": [
      {
        "toPosition": 2,
        "fromPosition": 1
      },
      {
        "toPosition": 3,
        "fromPosition": 1
      },
      {
        "toPosition": 3,
        "fromPosition": 2
      },
      {
        "toPosition": 999,
        "fromPosition": 2
      }
    ],
    "plannedReactionTimeMinutes": 60,
    "plannedDurationMinutes": "1440",
    "createdAt": "2026-02-04T10:11:35.846Z",
    "updatedAt": "2026-02-08T12:49:49.376Z"
  },
  "bidTypeName": "Выдача оборудования без преднастройки и монтажа",
  "bidTypeStatuses": [
    {
      "name": "Открыта",
      "color": "#c75a5a",
      "position": 1,
      "allowedActions": [
        "edit"
      ],
      "responsibleRoleId": "14"
    },
    {
      "name": "Собрать",
      "color": "#3b82f6",
      "position": 2,
      "allowedActions": [
        "edit",
        "close"
      ],
      "responsibleRoleId": "3",
      "responsibleUserId": null
    },
    {
      "name": "Отложить",
      "color": "#eab308",
      "position": 3,
      "allowedActions": [],
      "responsibleUserId": null
    },
    {
      "name": "Закрыта",
      "color": "#7a7777",
      "position": 999,
      "allowedActions": []
    }
  ],
  "bidTypeResponsibleName": "Не указан",
  "currentResponsibleUserId": null,
  "clientResponsibleName": "Не указан",
  "creatorName": "Горбунова Анастасия",
  "createdAt": "2026-02-04T10:11:37.014Z",
  "updatedAt": "2026-02-04T10:11:37.045Z",
  "statusMetadata": {
    "responsibleSpecialist": null,
    "deadlines": {
      "processingTime": "5 рабочих дней",
      "deadline": "2026-02-17T12:31:23.389Z"
    },
    "necessaryActions": [
      "Редактирование заявки"
    ],
    "additionalResources": [
      "Общие ресурсы"
    ],
    "notifications": [
      "Стандартное уведомление"
    ]
  }
}

[2026-02-12T12:31:46.801Z] Отправка данных заявки ID: 15
{
  "clientId": 5,
  "clientName": "Уваровская Нива",
  "tema": "замена блока",
  "amount": 0,
  "status": "Открыта",
  "description": "иии",
  "clientObjectId": 10,
  "updNumber": null,
  "updDate": null,
  "contract": null,
  "workAddress": "уварово",
  "bidType": {
    "id": 1,
    "name": "Выдача оборудования без преднастройки и монтажа",
    "description": "Выдача оборудования без преднастройки и монтажа",
    "statuses": [
      {
        "name": "Открыта",
        "color": "#c75a5a",
        "position": 1,
        "allowedActions": [
          "edit"
        ],
        "responsibleRoleId": "14"
      },
      {
        "name": "Собрать",
        "color": "#3b82f6",
        "position": 2,
        "allowedActions": [
          "edit",
          "close"
        ],
        "responsibleRoleId": "3",
        "responsibleUserId": null
      },
      {
        "name": "Отложить",
        "color": "#eab308",
        "position": 3,
        "allowedActions": [],
        "responsibleUserId": null
      },
      {
        "name": "Закрыта",
        "color": "#7a7777",
        "position": 999,
        "allowedActions": []
      }
    ],
    "transitions": [
      {
        "toPosition": 2,
        "fromPosition": 1
      },
      {
        "toPosition": 3,
        "fromPosition": 1
      },
      {
        "toPosition": 3,
        "fromPosition": 2
      },
      {
        "toPosition": 999,
        "fromPosition": 2
      }
    ],
    "plannedReactionTimeMinutes": 60,
    "plannedDurationMinutes": "1440",
    "createdAt": "2026-02-04T10:11:35.846Z",
    "updatedAt": "2026-02-08T12:49:49.376Z"
  },
  "bidTypeName": "Выдача оборудования без преднастройки и монтажа",
  "bidTypeStatuses": [
    {
      "name": "Открыта",
      "color": "#c75a5a",
      "position": 1,
      "allowedActions": [
        "edit"
      ],
      "responsibleRoleId": "14"
    },
    {
      "name": "Собрать",
      "color": "#3b82f6",
      "position": 2,
      "allowedActions": [
        "edit",
        "close"
      ],
      "responsibleRoleId": "3",
      "responsibleUserId": null
    },
    {
      "name": "Отложить",
      "color": "#eab308",
      "position": 3,
      "allowedActions": [],
      "responsibleUserId": null
    },
    {
      "name": "Закрыта",
      "color": "#7a7777",
      "position": 999,
      "allowedActions": []
    }
  ],
  "bidTypeResponsibleName": "Не указан",
  "currentResponsibleUserId": null,
  "clientResponsibleName": "Не указан",
  "creatorName": "Беляев Сергей",
  "createdAt": "2026-02-12T12:20:05.640Z",
  "updatedAt": "2026-02-12T12:20:05.640Z",
  "statusMetadata": {
    "responsibleSpecialist": null,
    "deadlines": {
      "processingTime": "5 рабочих дней",
      "deadline": "2026-02-17T12:31:46.801Z"
    },
    "necessaryActions": [
      "Редактирование заявки"
    ],
    "additionalResources": [
      "Общие ресурсы"
    ],
    "notifications": [
      "Стандартное уведомление"
    ]
  }
}

[2026-02-12T12:31:46.842Z] Отправка данных заявки ID: 15
{
  "clientId": 5,
  "clientName": "Уваровская Нива",
  "tema": "замена блока",
  "amount": 0,
  "status": "Открыта",
  "description": "иии",
  "clientObjectId": 10,
  "updNumber": null,
  "updDate": null,
  "contract": null,
  "workAddress": "уварово",
  "bidType": {
    "id": 1,
    "name": "Выдача оборудования без преднастройки и монтажа",
    "description": "Выдача оборудования без преднастройки и монтажа",
    "statuses": [
      {
        "name": "Открыта",
        "color": "#c75a5a",
        "position": 1,
        "allowedActions": [
          "edit"
        ],
        "responsibleRoleId": "14"
      },
      {
        "name": "Собрать",
        "color": "#3b82f6",
        "position": 2,
        "allowedActions": [
          "edit",
          "close"
        ],
        "responsibleRoleId": "3",
        "responsibleUserId": null
      },
      {
        "name": "Отложить",
        "color": "#eab308",
        "position": 3,
        "allowedActions": [],
        "responsibleUserId": null
      },
      {
        "name": "Закрыта",
        "color": "#7a7777",
        "position": 999,
        "allowedActions": []
      }
    ],
    "transitions": [
      {
        "toPosition": 2,
        "fromPosition": 1
      },
      {
        "toPosition": 3,
        "fromPosition": 1
      },
      {
        "toPosition": 3,
        "fromPosition": 2
      },
      {
        "toPosition": 999,
        "fromPosition": 2
      }
    ],
    "plannedReactionTimeMinutes": 60,
    "plannedDurationMinutes": "1440",
    "createdAt": "2026-02-04T10:11:35.846Z",
    "updatedAt": "2026-02-08T12:49:49.376Z"
  },
  "bidTypeName": "Выдача оборудования без преднастройки и монтажа",
  "bidTypeStatuses": [
    {
      "name": "Открыта",
      "color": "#c75a5a",
      "position": 1,
      "allowedActions": [
        "edit"
      ],
      "responsibleRoleId": "14"
    },
    {
      "name": "Собрать",
      "color": "#3b82f6",
      "position": 2,
      "allowedActions": [
        "edit",
        "close"
      ],
      "responsibleRoleId": "3",
      "responsibleUserId": null
    },
    {
      "name": "Отложить",
      "color": "#eab308",
      "position": 3,
      "allowedActions": [],
      "responsibleUserId": null
    },
    {
      "name": "Закрыта",
      "color": "#7a7777",
      "position": 999,
      "allowedActions": []
    }
  ],
  "bidTypeResponsibleName": "Не указан",
  "currentResponsibleUserId": null,
  "clientResponsibleName": "Не указан",
  "creatorName": "Беляев Сергей",
  "createdAt": "2026-02-12T12:20:05.640Z",
  "updatedAt": "2026-02-12T12:20:05.640Z",
  "statusMetadata": {
    "responsibleSpecialist": null,
    "deadlines": {
      "processingTime": "5 рабочих дней",
      "deadline": "2026-02-17T12:31:46.842Z"
    },
    "necessaryActions": [
      "Редактирование заявки"
    ],
    "additionalResources": [
      "Общие ресурсы"
    ],
    "notifications": [
      "Стандартное уведомление"
    ]
  }
}

[2026-02-12T12:31:57.456Z] Отправка данных заявки ID: 11
{
  "clientId": 5,
  "clientName": "Уваровская Нива",
  "tema": "Тираж",
  "amount": 0,
  "status": "Открыта",
  "description": "",
  "clientObjectId": 6,
  "updNumber": null,
  "updDate": null,
  "contract": null,
  "workAddress": "",
  "bidType": {
    "id": 1,
    "name": "Выдача оборудования без преднастройки и монтажа",
    "description": "Выдача оборудования без преднастройки и монтажа",
    "statuses": [
      {
        "name": "Открыта",
        "color": "#c75a5a",
        "position": 1,
        "allowedActions": [
          "edit"
        ],
        "responsibleRoleId": "14"
      },
      {
        "name": "Собрать",
        "color": "#3b82f6",
        "position": 2,
        "allowedActions": [
          "edit",
          "close"
        ],
        "responsibleRoleId": "3",
        "responsibleUserId": null
      },
      {
        "name": "Отложить",
        "color": "#eab308",
        "position": 3,
        "allowedActions": [],
        "responsibleUserId": null
      },
      {
        "name": "Закрыта",
        "color": "#7a7777",
        "position": 999,
        "allowedActions": []
      }
    ],
    "transitions": [
      {
        "toPosition": 2,
        "fromPosition": 1
      },
      {
        "toPosition": 3,
        "fromPosition": 1
      },
      {
        "toPosition": 3,
        "fromPosition": 2
      },
      {
        "toPosition": 999,
        "fromPosition": 2
      }
    ],
    "plannedReactionTimeMinutes": 60,
    "plannedDurationMinutes": "1440",
    "createdAt": "2026-02-04T10:11:35.846Z",
    "updatedAt": "2026-02-08T12:49:49.376Z"
  },
  "bidTypeName": "Выдача оборудования без преднастройки и монтажа",
  "bidTypeStatuses": [
    {
      "name": "Открыта",
      "color": "#c75a5a",
      "position": 1,
      "allowedActions": [
        "edit"
      ],
      "responsibleRoleId": "14"
    },
    {
      "name": "Собрать",
      "color": "#3b82f6",
      "position": 2,
      "allowedActions": [
        "edit",
        "close"
      ],
      "responsibleRoleId": "3",
      "responsibleUserId": null
    },
    {
      "name": "Отложить",
      "color": "#eab308",
      "position": 3,
      "allowedActions": [],
      "responsibleUserId": null
    },
    {
      "name": "Закрыта",
      "color": "#7a7777",
      "position": 999,
      "allowedActions": []
    }
  ],
  "bidTypeResponsibleName": "Не указан",
  "currentResponsibleUserId": null,
  "clientResponsibleName": "Не указан",
  "creatorName": "Беляев Сергей",
  "createdAt": "2026-02-12T09:14:51.505Z",
  "updatedAt": "2026-02-12T09:14:51.505Z",
  "statusMetadata": {
    "responsibleSpecialist": null,
    "deadlines": {
      "processingTime": "5 рабочих дней",
      "deadline": "2026-02-17T12:31:57.455Z"
    },
    "necessaryActions": [
      "Редактирование заявки"
    ],
    "additionalResources": [
      "Общие ресурсы"
    ],
    "notifications": [
      "Стандартное уведомление"
    ]
  }
}

[2026-02-12T12:31:57.490Z] Отправка данных заявки ID: 11
{
  "clientId": 5,
  "clientName": "Уваровская Нива",
  "tema": "Тираж",
  "amount": 0,
  "status": "Открыта",
  "description": "",
  "clientObjectId": 6,
  "updNumber": null,
  "updDate": null,
  "contract": null,
  "workAddress": "",
  "bidType": {
    "id": 1,
    "name": "Выдача оборудования без преднастройки и монтажа",
    "description": "Выдача оборудования без преднастройки и монтажа",
    "statuses": [
      {
        "name": "Открыта",
        "color": "#c75a5a",
        "position": 1,
        "allowedActions": [
          "edit"
        ],
        "responsibleRoleId": "14"
      },
      {
        "name": "Собрать",
        "color": "#3b82f6",
        "position": 2,
        "allowedActions": [
          "edit",
          "close"
        ],
        "responsibleRoleId": "3",
        "responsibleUserId": null
      },
      {
        "name": "Отложить",
        "color": "#eab308",
        "position": 3,
        "allowedActions": [],
        "responsibleUserId": null
      },
      {
        "name": "Закрыта",
        "color": "#7a7777",
        "position": 999,
        "allowedActions": []
      }
    ],
    "transitions": [
      {
        "toPosition": 2,
        "fromPosition": 1
      },
      {
        "toPosition": 3,
        "fromPosition": 1
      },
      {
        "toPosition": 3,
        "fromPosition": 2
      },
      {
        "toPosition": 999,
        "fromPosition": 2
      }
    ],
    "plannedReactionTimeMinutes": 60,
    "plannedDurationMinutes": "1440",
    "createdAt": "2026-02-04T10:11:35.846Z",
    "updatedAt": "2026-02-08T12:49:49.376Z"
  },
  "bidTypeName": "Выдача оборудования без преднастройки и монтажа",
  "bidTypeStatuses": [
    {
      "name": "Открыта",
      "color": "#c75a5a",
      "position": 1,
      "allowedActions": [
        "edit"
      ],
      "responsibleRoleId": "14"
    },
    {
      "name": "Собрать",
      "color": "#3b82f6",
      "position": 2,
      "allowedActions": [
        "edit",
        "close"
      ],
      "responsibleRoleId": "3",
      "responsibleUserId": null
    },
    {
      "name": "Отложить",
      "color": "#eab308",
      "position": 3,
      "allowedActions": [],
      "responsibleUserId": null
    },
    {
      "name": "Закрыта",
      "color": "#7a7777",
      "position": 999,
      "allowedActions": []
    }
  ],
  "bidTypeResponsibleName": "Не указан",
  "currentResponsibleUserId": null,
  "clientResponsibleName": "Не указан",
  "creatorName": "Беляев Сергей",
  "createdAt": "2026-02-12T09:14:51.505Z",
  "updatedAt": "2026-02-12T09:14:51.505Z",
  "statusMetadata": {
    "responsibleSpecialist": null,
    "deadlines": {
      "processingTime": "5 рабочих дней",
      "deadline": "2026-02-17T12:31:57.489Z"
    },
    "necessaryActions": [
      "Редактирование заявки"
    ],
    "additionalResources": [
      "Общие ресурсы"
    ],
    "notifications": [
      "Стандартное уведомление"
    ]
  }
}

[2026-02-12T12:32:07.516Z] Отправка данных заявки ID: 7
{
  "clientId": 3,
  "clientName": "Уваровская Нива",
  "tema": "12asqw",
  "amount": 0,
  "status": "Открыта",
  "description": "sdasd",
  "clientObjectId": 4,
  "updNumber": null,
  "updDate": null,
  "contract": null,
  "workAddress": "sss",
  "bidType": {
    "id": 1,
    "name": "Выдача оборудования без преднастройки и монтажа",
    "description": "Выдача оборудования без преднастройки и монтажа",
    "statuses": [
      {
        "name": "Открыта",
        "color": "#c75a5a",
        "position": 1,
        "allowedActions": [
          "edit"
        ],
        "responsibleRoleId": "14"
      },
      {
        "name": "Собрать",
        "color": "#3b82f6",
        "position": 2,
        "allowedActions": [
          "edit",
          "close"
        ],
        "responsibleRoleId": "3",
        "responsibleUserId": null
      },
      {
        "name": "Отложить",
        "color": "#eab308",
        "position": 3,
        "allowedActions": [],
        "responsibleUserId": null
      },
      {
        "name": "Закрыта",
        "color": "#7a7777",
        "position": 999,
        "allowedActions": []
      }
    ],
    "transitions": [
      {
        "toPosition": 2,
        "fromPosition": 1
      },
      {
        "toPosition": 3,
        "fromPosition": 1
      },
      {
        "toPosition": 3,
        "fromPosition": 2
      },
      {
        "toPosition": 999,
        "fromPosition": 2
      }
    ],
    "plannedReactionTimeMinutes": 60,
    "plannedDurationMinutes": "1440",
    "createdAt": "2026-02-04T10:11:35.846Z",
    "updatedAt": "2026-02-08T12:49:49.376Z"
  },
  "bidTypeName": "Выдача оборудования без преднастройки и монтажа",
  "bidTypeStatuses": [
    {
      "name": "Открыта",
      "color": "#c75a5a",
      "position": 1,
      "allowedActions": [
        "edit"
      ],
      "responsibleRoleId": "14"
    },
    {
      "name": "Собрать",
      "color": "#3b82f6",
      "position": 2,
      "allowedActions": [
        "edit",
        "close"
      ],
      "responsibleRoleId": "3",
      "responsibleUserId": null
    },
    {
      "name": "Отложить",
      "color": "#eab308",
      "position": 3,
      "allowedActions": [],
      "responsibleUserId": null
    },
    {
      "name": "Закрыта",
      "color": "#7a7777",
      "position": 999,
      "allowedActions": []
    }
  ],
  "bidTypeResponsibleName": "Не указан",
  "currentResponsibleUserId": null,
  "clientResponsibleName": "Не указан",
  "creatorName": "Беляев Сергей",
  "createdAt": "2026-02-05T11:40:30.926Z",
  "updatedAt": "2026-02-05T11:40:30.926Z",
  "statusMetadata": {
    "responsibleSpecialist": null,
    "deadlines": {
      "processingTime": "5 рабочих дней",
      "deadline": "2026-02-17T12:32:07.515Z"
    },
    "necessaryActions": [
      "Редактирование заявки"
    ],
    "additionalResources": [
      "Общие ресурсы"
    ],
    "notifications": [
      "Стандартное уведомление"
    ]
  }
}

[2026-02-12T12:32:07.553Z] Отправка данных заявки ID: 7
{
  "clientId": 3,
  "clientName": "Уваровская Нива",
  "tema": "12asqw",
  "amount": 0,
  "status": "Открыта",
  "description": "sdasd",
  "clientObjectId": 4,
  "updNumber": null,
  "updDate": null,
  "contract": null,
  "workAddress": "sss",
  "bidType": {
    "id": 1,
    "name": "Выдача оборудования без преднастройки и монтажа",
    "description": "Выдача оборудования без преднастройки и монтажа",
    "statuses": [
      {
        "name": "Открыта",
        "color": "#c75a5a",
        "position": 1,
        "allowedActions": [
          "edit"
        ],
        "responsibleRoleId": "14"
      },
      {
        "name": "Собрать",
        "color": "#3b82f6",
        "position": 2,
        "allowedActions": [
          "edit",
          "close"
        ],
        "responsibleRoleId": "3",
        "responsibleUserId": null
      },
      {
        "name": "Отложить",
        "color": "#eab308",
        "position": 3,
        "allowedActions": [],
        "responsibleUserId": null
      },
      {
        "name": "Закрыта",
        "color": "#7a7777",
        "position": 999,
        "allowedActions": []
      }
    ],
    "transitions": [
      {
        "toPosition": 2,
        "fromPosition": 1
      },
      {
        "toPosition": 3,
        "fromPosition": 1
      },
      {
        "toPosition": 3,
        "fromPosition": 2
      },
      {
        "toPosition": 999,
        "fromPosition": 2
      }
    ],
    "plannedReactionTimeMinutes": 60,
    "plannedDurationMinutes": "1440",
    "createdAt": "2026-02-04T10:11:35.846Z",
    "updatedAt": "2026-02-08T12:49:49.376Z"
  },
  "bidTypeName": "Выдача оборудования без преднастройки и монтажа",
  "bidTypeStatuses": [
    {
      "name": "Открыта",
      "color": "#c75a5a",
      "position": 1,
      "allowedActions": [
        "edit"
      ],
      "responsibleRoleId": "14"
    },
    {
      "name": "Собрать",
      "color": "#3b82f6",
      "position": 2,
      "allowedActions": [
        "edit",
        "close"
      ],
      "responsibleRoleId": "3",
      "responsibleUserId": null
    },
    {
      "name": "Отложить",
      "color": "#eab308",
      "position": 3,
      "allowedActions": [],
      "responsibleUserId": null
    },
    {
      "name": "Закрыта",
      "color": "#7a7777",
      "position": 999,
      "allowedActions": []
    }
  ],
  "bidTypeResponsibleName": "Не указан",
  "currentResponsibleUserId": null,
  "clientResponsibleName": "Не указан",
  "creatorName": "Беляев Сергей",
  "createdAt": "2026-02-05T11:40:30.926Z",
  "updatedAt": "2026-02-05T11:40:30.926Z",
  "statusMetadata": {
    "responsibleSpecialist": null,
    "deadlines": {
      "processingTime": "5 рабочих дней",
      "deadline": "2026-02-17T12:32:07.552Z"
    },
    "necessaryActions": [
      "Редактирование заявки"
    ],
    "additionalResources": [
      "Общие ресурсы"
    ],
    "notifications": [
      "Стандартное уведомление"
    ]
  }
}

[2026-02-12T12:34:23.497Z] Отправка данных заявки ID: 15
{
  "clientId": 5,
  "clientName": "Уваровская Нива",
  "tema": "замена блока",
  "amount": 0,
  "status": "Открыта",
  "description": "иии",
  "clientObjectId": 10,
  "updNumber": null,
  "updDate": null,
  "contract": null,
  "workAddress": "уварово",
  "bidType": {
    "id": 1,
    "name": "Выдача оборудования без преднастройки и монтажа",
    "description": "Выдача оборудования без преднастройки и монтажа",
    "statuses": [
      {
        "name": "Открыта",
        "color": "#c75a5a",
        "position": 1,
        "allowedActions": [
          "edit"
        ],
        "responsibleRoleId": "14"
      },
      {
        "name": "Собрать",
        "color": "#3b82f6",
        "position": 2,
        "allowedActions": [
          "edit",
          "close"
        ],
        "responsibleRoleId": "3",
        "responsibleUserId": null
      },
      {
        "name": "Отложить",
        "color": "#eab308",
        "position": 3,
        "allowedActions": [],
        "responsibleUserId": null
      },
      {
        "name": "Закрыта",
        "color": "#7a7777",
        "position": 999,
        "allowedActions": []
      }
    ],
    "transitions": [
      {
        "toPosition": 2,
        "fromPosition": 1
      },
      {
        "toPosition": 3,
        "fromPosition": 1
      },
      {
        "toPosition": 3,
        "fromPosition": 2
      },
      {
        "toPosition": 999,
        "fromPosition": 2
      }
    ],
    "plannedReactionTimeMinutes": 60,
    "plannedDurationMinutes": "1440",
    "createdAt": "2026-02-04T10:11:35.846Z",
    "updatedAt": "2026-02-08T12:49:49.376Z"
  },
  "bidTypeName": "Выдача оборудования без преднастройки и монтажа",
  "bidTypeStatuses": [
    {
      "name": "Открыта",
      "color": "#c75a5a",
      "position": 1,
      "allowedActions": [
        "edit"
      ],
      "responsibleRoleId": "14"
    },
    {
      "name": "Собрать",
      "color": "#3b82f6",
      "position": 2,
      "allowedActions": [
        "edit",
        "close"
      ],
      "responsibleRoleId": "3",
      "responsibleUserId": null
    },
    {
      "name": "Отложить",
      "color": "#eab308",
      "position": 3,
      "allowedActions": [],
      "responsibleUserId": null
    },
    {
      "name": "Закрыта",
      "color": "#7a7777",
      "position": 999,
      "allowedActions": []
    }
  ],
  "bidTypeResponsibleName": "Не указан",
  "currentResponsibleUserId": null,
  "clientResponsibleName": "Не указан",
  "creatorName": "Беляев Сергей",
  "createdAt": "2026-02-12T12:20:05.640Z",
  "updatedAt": "2026-02-12T12:20:05.640Z",
  "statusMetadata": {
    "responsibleSpecialist": null,
    "deadlines": {
      "processingTime": "5 рабочих дней",
      "deadline": "2026-02-17T12:34:23.496Z"
    },
    "necessaryActions": [
      "Редактирование заявки"
    ],
    "additionalResources": [
      "Общие ресурсы"
    ],
    "notifications": [
      "Стандартное уведомление"
    ]
  }
}

[2026-02-12T12:34:23.540Z] Отправка данных заявки ID: 15
{
  "clientId": 5,
  "clientName": "Уваровская Нива",
  "tema": "замена блока",
  "amount": 0,
  "status": "Открыта",
  "description": "иии",
  "clientObjectId": 10,
  "updNumber": null,
  "updDate": null,
  "contract": null,
  "workAddress": "уварово",
  "bidType": {
    "id": 1,
    "name": "Выдача оборудования без преднастройки и монтажа",
    "description": "Выдача оборудования без преднастройки и монтажа",
    "statuses": [
      {
        "name": "Открыта",
        "color": "#c75a5a",
        "position": 1,
        "allowedActions": [
          "edit"
        ],
        "responsibleRoleId": "14"
      },
      {
        "name": "Собрать",
        "color": "#3b82f6",
        "position": 2,
        "allowedActions": [
          "edit",
          "close"
        ],
        "responsibleRoleId": "3",
        "responsibleUserId": null
      },
      {
        "name": "Отложить",
        "color": "#eab308",
        "position": 3,
        "allowedActions": [],
        "responsibleUserId": null
      },
      {
        "name": "Закрыта",
        "color": "#7a7777",
        "position": 999,
        "allowedActions": []
      }
    ],
    "transitions": [
      {
        "toPosition": 2,
        "fromPosition": 1
      },
      {
        "toPosition": 3,
        "fromPosition": 1
      },
      {
        "toPosition": 3,
        "fromPosition": 2
      },
      {
        "toPosition": 999,
        "fromPosition": 2
      }
    ],
    "plannedReactionTimeMinutes": 60,
    "plannedDurationMinutes": "1440",
    "createdAt": "2026-02-04T10:11:35.846Z",
    "updatedAt": "2026-02-08T12:49:49.376Z"
  },
  "bidTypeName": "Выдача оборудования без преднастройки и монтажа",
  "bidTypeStatuses": [
    {
      "name": "Открыта",
      "color": "#c75a5a",
      "position": 1,
      "allowedActions": [
        "edit"
      ],
      "responsibleRoleId": "14"
    },
    {
      "name": "Собрать",
      "color": "#3b82f6",
      "position": 2,
      "allowedActions": [
        "edit",
        "close"
      ],
      "responsibleRoleId": "3",
      "responsibleUserId": null
    },
    {
      "name": "Отложить",
      "color": "#eab308",
      "position": 3,
      "allowedActions": [],
      "responsibleUserId": null
    },
    {
      "name": "Закрыта",
      "color": "#7a7777",
      "position": 999,
      "allowedActions": []
    }
  ],
  "bidTypeResponsibleName": "Не указан",
  "currentResponsibleUserId": null,
  "clientResponsibleName": "Не указан",
  "creatorName": "Беляев Сергей",
  "createdAt": "2026-02-12T12:20:05.640Z",
  "updatedAt": "2026-02-12T12:20:05.640Z",
  "statusMetadata": {
    "responsibleSpecialist": null,
    "deadlines": {
      "processingTime": "5 рабочих дней",
      "deadline": "2026-02-17T12:34:23.539Z"
    },
    "necessaryActions": [
      "Редактирование заявки"
    ],
    "additionalResources": [
      "Общие ресурсы"
    ],
    "notifications": [
      "Стандартное уведомление"
    ]
  }
}

[2026-02-12T12:38:16.542Z] Создание новой заявки
{
  "clientId": 5,
  "title": "фывфы",
  "amount": 0,
  "status": "Открыта",
  "description": "",
  "clientObjectId": null,
  "bidTypeId": 1,
  "workAddress": "фывфыв",
  "contactFullName": "фыв",
  "contactPhone": "фвы",
  "parentId": null,
  "createdBy": 1,
  "plannedResolutionDate": "2026-02-17T12:38",
  "plannedReactionTimeMinutes": 60,
  "assignedAt": null,
  "plannedDurationMinutes": 1440
}

[2026-02-12T12:47:49.507Z] Создание новой заявки
{
  "clientId": 5,
  "title": "гн",
  "amount": 0,
  "status": "Открыта",
  "description": "",
  "clientObjectId": 8,
  "bidTypeId": 1,
  "workAddress": "",
  "contactFullName": "",
  "contactPhone": "",
  "parentId": null,
  "createdBy": 1,
  "plannedResolutionDate": "2026-02-17T12:47",
  "plannedReactionTimeMinutes": 60,
  "assignedAt": null,
  "plannedDurationMinutes": 1440
}

[2026-02-12T12:53:05.800Z] Создание новой заявки
{
  "clientId": 5,
  "title": "фф",
  "amount": 0,
  "status": "Открыта",
  "description": "",
  "clientObjectId": 8,
  "bidTypeId": 1,
  "workAddress": "",
  "contactFullName": "",
  "contactPhone": "",
  "parentId": null,
  "createdBy": 1,
  "plannedResolutionDate": "2026-02-17T12:52",
  "plannedReactionTimeMinutes": 60,
  "assignedAt": null,
  "plannedDurationMinutes": 1440
}

[2026-02-12T12:58:05.767Z] Создание новой заявки
{
  "clientId": 5,
  "title": "чччч",
  "amount": 0,
  "status": "Открыта",
  "description": "",
  "clientObjectId": 8,
  "bidTypeId": 1,
  "workAddress": "",
  "contactFullName": "",
  "contactPhone": "",
  "parentId": null,
  "createdBy": 1,
  "plannedResolutionDate": "2026-02-17T12:57",
  "plannedReactionTimeMinutes": 60,
  "assignedAt": null,
  "plannedDurationMinutes": 1440
}

[2026-02-12T12:58:06.105Z] Отправка данных заявки ID: 16
{
  "clientId": 5,
  "clientName": "Уваровская Нива",
  "tema": "чччч",
  "amount": 0,
  "status": "Открыта",
  "description": "",
  "clientObjectId": 8,
  "updNumber": null,
  "updDate": null,
  "contract": null,
  "workAddress": "",
  "bidType": {
    "id": 1,
    "name": "Выдача оборудования без преднастройки и монтажа",
    "description": "Выдача оборудования без преднастройки и монтажа",
    "statuses": [
      {
        "name": "Открыта",
        "color": "#c75a5a",
        "position": 1,
        "allowedActions": [
          "edit"
        ],
        "responsibleRoleId": "14"
      },
      {
        "name": "Собрать",
        "color": "#3b82f6",
        "position": 2,
        "allowedActions": [
          "edit",
          "close"
        ],
        "responsibleRoleId": "3",
        "responsibleUserId": null
      },
      {
        "name": "Отложить",
        "color": "#eab308",
        "position": 3,
        "allowedActions": [],
        "responsibleUserId": null
      },
      {
        "name": "Закрыта",
        "color": "#7a7777",
        "position": 999,
        "allowedActions": []
      }
    ],
    "transitions": [
      {
        "toPosition": 2,
        "fromPosition": 1
      },
      {
        "toPosition": 3,
        "fromPosition": 1
      },
      {
        "toPosition": 3,
        "fromPosition": 2
      },
      {
        "toPosition": 999,
        "fromPosition": 2
      }
    ],
    "plannedReactionTimeMinutes": 60,
    "plannedDurationMinutes": "1440",
    "createdAt": "2026-02-04T10:11:35.846Z",
    "updatedAt": "2026-02-08T12:49:49.376Z"
  },
  "bidTypeName": "Выдача оборудования без преднастройки и монтажа",
  "bidTypeStatuses": [
    {
      "name": "Открыта",
      "color": "#c75a5a",
      "position": 1,
      "allowedActions": [
        "edit"
      ],
      "responsibleRoleId": "14"
    },
    {
      "name": "Собрать",
      "color": "#3b82f6",
      "position": 2,
      "allowedActions": [
        "edit",
        "close"
      ],
      "responsibleRoleId": "3",
      "responsibleUserId": null
    },
    {
      "name": "Отложить",
      "color": "#eab308",
      "position": 3,
      "allowedActions": [],
      "responsibleUserId": null
    },
    {
      "name": "Закрыта",
      "color": "#7a7777",
      "position": 999,
      "allowedActions": []
    }
  ],
  "bidTypeResponsibleName": "Не указан",
  "currentResponsibleUserId": null,
  "clientResponsibleName": "Не указан",
  "creatorName": "Беляев Сергей",
  "createdAt": "2026-02-12T12:58:05.772Z",
  "updatedAt": "2026-02-12T12:58:05.772Z",
  "statusMetadata": {
    "responsibleSpecialist": null,
    "deadlines": {
      "processingTime": "5 рабочих дней",
      "deadline": "2026-02-17T12:58:06.104Z"
    },
    "necessaryActions": [
      "Редактирование заявки"
    ],
    "additionalResources": [
      "Общие ресурсы"
    ],
    "notifications": [
      "Стандартное уведомление"
    ]
  }
}

[2026-02-12T12:58:07.083Z] Отправка данных заявки ID: 16
{
  "clientId": 5,
  "clientName": "Уваровская Нива",
  "tema": "чччч",
  "amount": 0,
  "status": "Открыта",
  "description": "",
  "clientObjectId": 8,
  "updNumber": null,
  "updDate": null,
  "contract": null,
  "workAddress": "",
  "bidType": {
    "id": 1,
    "name": "Выдача оборудования без преднастройки и монтажа",
    "description": "Выдача оборудования без преднастройки и монтажа",
    "statuses": [
      {
        "name": "Открыта",
        "color": "#c75a5a",
        "position": 1,
        "allowedActions": [
          "edit"
        ],
        "responsibleRoleId": "14"
      },
      {
        "name": "Собрать",
        "color": "#3b82f6",
        "position": 2,
        "allowedActions": [
          "edit",
          "close"
        ],
        "responsibleRoleId": "3",
        "responsibleUserId": null
      },
      {
        "name": "Отложить",
        "color": "#eab308",
        "position": 3,
        "allowedActions": [],
        "responsibleUserId": null
      },
      {
        "name": "Закрыта",
        "color": "#7a7777",
        "position": 999,
        "allowedActions": []
      }
    ],
    "transitions": [
      {
        "toPosition": 2,
        "fromPosition": 1
      },
      {
        "toPosition": 3,
        "fromPosition": 1
      },
      {
        "toPosition": 3,
        "fromPosition": 2
      },
      {
        "toPosition": 999,
        "fromPosition": 2
      }
    ],
    "plannedReactionTimeMinutes": 60,
    "plannedDurationMinutes": "1440",
    "createdAt": "2026-02-04T10:11:35.846Z",
    "updatedAt": "2026-02-08T12:49:49.376Z"
  },
  "bidTypeName": "Выдача оборудования без преднастройки и монтажа",
  "bidTypeStatuses": [
    {
      "name": "Открыта",
      "color": "#c75a5a",
      "position": 1,
      "allowedActions": [
        "edit"
      ],
      "responsibleRoleId": "14"
    },
    {
      "name": "Собрать",
      "color": "#3b82f6",
      "position": 2,
      "allowedActions": [
        "edit",
        "close"
      ],
      "responsibleRoleId": "3",
      "responsibleUserId": null
    },
    {
      "name": "Отложить",
      "color": "#eab308",
      "position": 3,
      "allowedActions": [],
      "responsibleUserId": null
    },
    {
      "name": "Закрыта",
      "color": "#7a7777",
      "position": 999,
      "allowedActions": []
    }
  ],
  "bidTypeResponsibleName": "Не указан",
  "currentResponsibleUserId": null,
  "clientResponsibleName": "Не указан",
  "creatorName": "Беляев Сергей",
  "createdAt": "2026-02-12T12:58:05.772Z",
  "updatedAt": "2026-02-12T12:58:05.772Z",
  "statusMetadata": {
    "responsibleSpecialist": null,
    "deadlines": {
      "processingTime": "5 рабочих дней",
      "deadline": "2026-02-17T12:58:07.082Z"
    },
    "necessaryActions": [
      "Редактирование заявки"
    ],
    "additionalResources": [
      "Общие ресурсы"
    ],
    "notifications": [
      "Стандартное уведомление"
    ]
  }
}

[2026-02-12T12:58:23.728Z] Создание batch заявок
{
  "clientId": 5,
  "title": "Тест тираж",
  "amount": 0,
  "status": "Открыта",
  "description": "",
  "clientObjectIds": [
    "10",
    "8",
    "7",
    "6"
  ],
  "bidTypeId": 1,
  "count": 4
}

[2026-02-12T12:58:23.746Z] Создано batch заявок
{
  "count": 4,
  "bids": [
    17,
    18,
    19,
    20
  ]
}

[2026-02-12T13:06:20.422Z] Отправка данных заявки ID: 20
{
  "clientId": 5,
  "clientName": "Уваровская Нива",
  "tema": "Тест тираж",
  "amount": 0,
  "status": "Открыта",
  "description": "",
  "clientObjectId": 6,
  "updNumber": null,
  "updDate": null,
  "contract": null,
  "workAddress": "фффф",
  "bidType": {
    "id": 1,
    "name": "Выдача оборудования без преднастройки и монтажа",
    "description": "Выдача оборудования без преднастройки и монтажа",
    "statuses": [
      {
        "name": "Открыта",
        "color": "#c75a5a",
        "position": 1,
        "allowedActions": [
          "edit"
        ],
        "responsibleRoleId": "14"
      },
      {
        "name": "Собрать",
        "color": "#3b82f6",
        "position": 2,
        "allowedActions": [
          "edit",
          "close"
        ],
        "responsibleRoleId": "3",
        "responsibleUserId": null
      },
      {
        "name": "Отложить",
        "color": "#eab308",
        "position": 3,
        "allowedActions": [],
        "responsibleUserId": null
      },
      {
        "name": "Закрыта",
        "color": "#7a7777",
        "position": 999,
        "allowedActions": []
      }
    ],
    "transitions": [
      {
        "toPosition": 2,
        "fromPosition": 1
      },
      {
        "toPosition": 3,
        "fromPosition": 1
      },
      {
        "toPosition": 3,
        "fromPosition": 2
      },
      {
        "toPosition": 999,
        "fromPosition": 2
      }
    ],
    "plannedReactionTimeMinutes": 60,
    "plannedDurationMinutes": "1440",
    "createdAt": "2026-02-04T10:11:35.846Z",
    "updatedAt": "2026-02-08T12:49:49.376Z"
  },
  "bidTypeName": "Выдача оборудования без преднастройки и монтажа",
  "bidTypeStatuses": [
    {
      "name": "Открыта",
      "color": "#c75a5a",
      "position": 1,
      "allowedActions": [
        "edit"
      ],
      "responsibleRoleId": "14"
    },
    {
      "name": "Собрать",
      "color": "#3b82f6",
      "position": 2,
      "allowedActions": [
        "edit",
        "close"
      ],
      "responsibleRoleId": "3",
      "responsibleUserId": null
    },
    {
      "name": "Отложить",
      "color": "#eab308",
      "position": 3,
      "allowedActions": [],
      "responsibleUserId": null
    },
    {
      "name": "Закрыта",
      "color": "#7a7777",
      "position": 999,
      "allowedActions": []
    }
  ],
  "bidTypeResponsibleName": "Не указан",
  "currentResponsibleUserId": null,
  "clientResponsibleName": "Не указан",
  "creatorName": "Беляев Сергей",
  "createdAt": "2026-02-12T12:58:23.735Z",
  "updatedAt": "2026-02-12T12:58:23.735Z",
  "statusMetadata": {
    "responsibleSpecialist": null,
    "deadlines": {
      "processingTime": "5 рабочих дней",
      "deadline": "2026-02-17T13:06:20.421Z"
    },
    "necessaryActions": [
      "Редактирование заявки"
    ],
    "additionalResources": [
      "Общие ресурсы"
    ],
    "notifications": [
      "Стандартное уведомление"
    ]
  }
}

[2026-02-12T13:06:21.411Z] Отправка данных заявки ID: 20
{
  "clientId": 5,
  "clientName": "Уваровская Нива",
  "tema": "Тест тираж",
  "amount": 0,
  "status": "Открыта",
  "description": "",
  "clientObjectId": 6,
  "updNumber": null,
  "updDate": null,
  "contract": null,
  "workAddress": "фффф",
  "bidType": {
    "id": 1,
    "name": "Выдача оборудования без преднастройки и монтажа",
    "description": "Выдача оборудования без преднастройки и монтажа",
    "statuses": [
      {
        "name": "Открыта",
        "color": "#c75a5a",
        "position": 1,
        "allowedActions": [
          "edit"
        ],
        "responsibleRoleId": "14"
      },
      {
        "name": "Собрать",
        "color": "#3b82f6",
        "position": 2,
        "allowedActions": [
          "edit",
          "close"
        ],
        "responsibleRoleId": "3",
        "responsibleUserId": null
      },
      {
        "name": "Отложить",
        "color": "#eab308",
        "position": 3,
        "allowedActions": [],
        "responsibleUserId": null
      },
      {
        "name": "Закрыта",
        "color": "#7a7777",
        "position": 999,
        "allowedActions": []
      }
    ],
    "transitions": [
      {
        "toPosition": 2,
        "fromPosition": 1
      },
      {
        "toPosition": 3,
        "fromPosition": 1
      },
      {
        "toPosition": 3,
        "fromPosition": 2
      },
      {
        "toPosition": 999,
        "fromPosition": 2
      }
    ],
    "plannedReactionTimeMinutes": 60,
    "plannedDurationMinutes": "1440",
    "createdAt": "2026-02-04T10:11:35.846Z",
    "updatedAt": "2026-02-08T12:49:49.376Z"
  },
  "bidTypeName": "Выдача оборудования без преднастройки и монтажа",
  "bidTypeStatuses": [
    {
      "name": "Открыта",
      "color": "#c75a5a",
      "position": 1,
      "allowedActions": [
        "edit"
      ],
      "responsibleRoleId": "14"
    },
    {
      "name": "Собрать",
      "color": "#3b82f6",
      "position": 2,
      "allowedActions": [
        "edit",
        "close"
      ],
      "responsibleRoleId": "3",
      "responsibleUserId": null
    },
    {
      "name": "Отложить",
      "color": "#eab308",
      "position": 3,
      "allowedActions": [],
      "responsibleUserId": null
    },
    {
      "name": "Закрыта",
      "color": "#7a7777",
      "position": 999,
      "allowedActions": []
    }
  ],
  "bidTypeResponsibleName": "Не указан",
  "currentResponsibleUserId": null,
  "clientResponsibleName": "Не указан",
  "creatorName": "Беляев Сергей",
  "createdAt": "2026-02-12T12:58:23.735Z",
  "updatedAt": "2026-02-12T12:58:23.735Z",
  "statusMetadata": {
    "responsibleSpecialist": null,
    "deadlines": {
      "processingTime": "5 рабочих дней",
      "deadline": "2026-02-17T13:06:21.411Z"
    },
    "necessaryActions": [
      "Редактирование заявки"
    ],
    "additionalResources": [
      "Общие ресурсы"
    ],
    "notifications": [
      "Стандартное уведомление"
    ]
  }
}

[2026-02-12T13:07:42.290Z] Отправка данных заявки ID: 20
{
  "clientId": 5,
  "clientName": "Уваровская Нива",
  "tema": "Тест тираж",
  "amount": 0,
  "status": "Открыта",
  "description": "",
  "clientObjectId": 6,
  "updNumber": null,
  "updDate": null,
  "contract": null,
  "workAddress": "фффф",
  "bidType": {
    "id": 1,
    "name": "Выдача оборудования без преднастройки и монтажа",
    "description": "Выдача оборудования без преднастройки и монтажа",
    "statuses": [
      {
        "name": "Открыта",
        "color": "#c75a5a",
        "position": 1,
        "allowedActions": [
          "edit"
        ],
        "responsibleRoleId": "14"
      },
      {
        "name": "Собрать",
        "color": "#3b82f6",
        "position": 2,
        "allowedActions": [
          "edit",
          "close"
        ],
        "responsibleRoleId": "3",
        "responsibleUserId": null
      },
      {
        "name": "Отложить",
        "color": "#eab308",
        "position": 3,
        "allowedActions": [],
        "responsibleUserId": null
      },
      {
        "name": "Закрыта",
        "color": "#7a7777",
        "position": 999,
        "allowedActions": []
      }
    ],
    "transitions": [
      {
        "toPosition": 2,
        "fromPosition": 1
      },
      {
        "toPosition": 3,
        "fromPosition": 1
      },
      {
        "toPosition": 3,
        "fromPosition": 2
      },
      {
        "toPosition": 999,
        "fromPosition": 2
      }
    ],
    "plannedReactionTimeMinutes": 60,
    "plannedDurationMinutes": "1440",
    "createdAt": "2026-02-04T10:11:35.846Z",
    "updatedAt": "2026-02-08T12:49:49.376Z"
  },
  "bidTypeName": "Выдача оборудования без преднастройки и монтажа",
  "bidTypeStatuses": [
    {
      "name": "Открыта",
      "color": "#c75a5a",
      "position": 1,
      "allowedActions": [
        "edit"
      ],
      "responsibleRoleId": "14"
    },
    {
      "name": "Собрать",
      "color": "#3b82f6",
      "position": 2,
      "allowedActions": [
        "edit",
        "close"
      ],
      "responsibleRoleId": "3",
      "responsibleUserId": null
    },
    {
      "name": "Отложить",
      "color": "#eab308",
      "position": 3,
      "allowedActions": [],
      "responsibleUserId": null
    },
    {
      "name": "Закрыта",
      "color": "#7a7777",
      "position": 999,
      "allowedActions": []
    }
  ],
  "bidTypeResponsibleName": "Не указан",
  "currentResponsibleUserId": null,
  "clientResponsibleName": "Не указан",
  "creatorName": "Беляев Сергей",
  "createdAt": "2026-02-12T12:58:23.735Z",
  "updatedAt": "2026-02-12T12:58:23.735Z",
  "statusMetadata": {
    "responsibleSpecialist": null,
    "deadlines": {
      "processingTime": "5 рабочих дней",
      "deadline": "2026-02-17T13:07:42.290Z"
    },
    "necessaryActions": [
      "Редактирование заявки"
    ],
    "additionalResources": [
      "Общие ресурсы"
    ],
    "notifications": [
      "Стандартное уведомление"
    ]
  }
}

[2026-02-12T13:07:43.286Z] Отправка данных заявки ID: 20
{
  "clientId": 5,
  "clientName": "Уваровская Нива",
  "tema": "Тест тираж",
  "amount": 0,
  "status": "Открыта",
  "description": "",
  "clientObjectId": 6,
  "updNumber": null,
  "updDate": null,
  "contract": null,
  "workAddress": "фффф",
  "bidType": {
    "id": 1,
    "name": "Выдача оборудования без преднастройки и монтажа",
    "description": "Выдача оборудования без преднастройки и монтажа",
    "statuses": [
      {
        "name": "Открыта",
        "color": "#c75a5a",
        "position": 1,
        "allowedActions": [
          "edit"
        ],
        "responsibleRoleId": "14"
      },
      {
        "name": "Собрать",
        "color": "#3b82f6",
        "position": 2,
        "allowedActions": [
          "edit",
          "close"
        ],
        "responsibleRoleId": "3",
        "responsibleUserId": null
      },
      {
        "name": "Отложить",
        "color": "#eab308",
        "position": 3,
        "allowedActions": [],
        "responsibleUserId": null
      },
      {
        "name": "Закрыта",
        "color": "#7a7777",
        "position": 999,
        "allowedActions": []
      }
    ],
    "transitions": [
      {
        "toPosition": 2,
        "fromPosition": 1
      },
      {
        "toPosition": 3,
        "fromPosition": 1
      },
      {
        "toPosition": 3,
        "fromPosition": 2
      },
      {
        "toPosition": 999,
        "fromPosition": 2
      }
    ],
    "plannedReactionTimeMinutes": 60,
    "plannedDurationMinutes": "1440",
    "createdAt": "2026-02-04T10:11:35.846Z",
    "updatedAt": "2026-02-08T12:49:49.376Z"
  },
  "bidTypeName": "Выдача оборудования без преднастройки и монтажа",
  "bidTypeStatuses": [
    {
      "name": "Открыта",
      "color": "#c75a5a",
      "position": 1,
      "allowedActions": [
        "edit"
      ],
      "responsibleRoleId": "14"
    },
    {
      "name": "Собрать",
      "color": "#3b82f6",
      "position": 2,
      "allowedActions": [
        "edit",
        "close"
      ],
      "responsibleRoleId": "3",
      "responsibleUserId": null
    },
    {
      "name": "Отложить",
      "color": "#eab308",
      "position": 3,
      "allowedActions": [],
      "responsibleUserId": null
    },
    {
      "name": "Закрыта",
      "color": "#7a7777",
      "position": 999,
      "allowedActions": []
    }
  ],
  "bidTypeResponsibleName": "Не указан",
  "currentResponsibleUserId": null,
  "clientResponsibleName": "Не указан",
  "creatorName": "Беляев Сергей",
  "createdAt": "2026-02-12T12:58:23.735Z",
  "updatedAt": "2026-02-12T12:58:23.735Z",
  "statusMetadata": {
    "responsibleSpecialist": null,
    "deadlines": {
      "processingTime": "5 рабочих дней",
      "deadline": "2026-02-17T13:07:43.285Z"
    },
    "necessaryActions": [
      "Редактирование заявки"
    ],
    "additionalResources": [
      "Общие ресурсы"
    ],
    "notifications": [
      "Стандартное уведомление"
    ]
  }
}

[2026-02-12T13:11:08.784Z] Отправка данных заявки ID: 20
{
  "clientId": 5,
  "clientName": "Уваровская Нива",
  "tema": "Тест тираж",
  "amount": 0,
  "status": "Открыта",
  "description": "",
  "clientObjectId": 6,
  "updNumber": null,
  "updDate": null,
  "contract": null,
  "workAddress": "фффф",
  "bidType": {
    "id": 1,
    "name": "Выдача оборудования без преднастройки и монтажа",
    "description": "Выдача оборудования без преднастройки и монтажа",
    "statuses": [
      {
        "name": "Открыта",
        "color": "#c75a5a",
        "position": 1,
        "allowedActions": [
          "edit"
        ],
        "responsibleRoleId": "14"
      },
      {
        "name": "Собрать",
        "color": "#3b82f6",
        "position": 2,
        "allowedActions": [
          "edit",
          "close"
        ],
        "responsibleRoleId": "3",
        "responsibleUserId": null
      },
      {
        "name": "Отложить",
        "color": "#eab308",
        "position": 3,
        "allowedActions": [],
        "responsibleUserId": null
      },
      {
        "name": "Закрыта",
        "color": "#7a7777",
        "position": 999,
        "allowedActions": []
      }
    ],
    "transitions": [
      {
        "toPosition": 2,
        "fromPosition": 1
      },
      {
        "toPosition": 3,
        "fromPosition": 1
      },
      {
        "toPosition": 3,
        "fromPosition": 2
      },
      {
        "toPosition": 999,
        "fromPosition": 2
      }
    ],
    "plannedReactionTimeMinutes": 60,
    "plannedDurationMinutes": "1440",
    "createdAt": "2026-02-04T10:11:35.846Z",
    "updatedAt": "2026-02-08T12:49:49.376Z"
  },
  "bidTypeName": "Выдача оборудования без преднастройки и монтажа",
  "bidTypeStatuses": [
    {
      "name": "Открыта",
      "color": "#c75a5a",
      "position": 1,
      "allowedActions": [
        "edit"
      ],
      "responsibleRoleId": "14"
    },
    {
      "name": "Собрать",
      "color": "#3b82f6",
      "position": 2,
      "allowedActions": [
        "edit",
        "close"
      ],
      "responsibleRoleId": "3",
      "responsibleUserId": null
    },
    {
      "name": "Отложить",
      "color": "#eab308",
      "position": 3,
      "allowedActions": [],
      "responsibleUserId": null
    },
    {
      "name": "Закрыта",
      "color": "#7a7777",
      "position": 999,
      "allowedActions": []
    }
  ],
  "bidTypeResponsibleName": "Не указан",
  "currentResponsibleUserId": null,
  "clientResponsibleName": "Не указан",
  "creatorName": "Беляев Сергей",
  "createdAt": "2026-02-12T12:58:23.735Z",
  "updatedAt": "2026-02-12T12:58:23.735Z",
  "statusMetadata": {
    "responsibleSpecialist": null,
    "deadlines": {
      "processingTime": "5 рабочих дней",
      "deadline": "2026-02-17T13:11:08.784Z"
    },
    "necessaryActions": [
      "Редактирование заявки"
    ],
    "additionalResources": [
      "Общие ресурсы"
    ],
    "notifications": [
      "Стандартное уведомление"
    ]
  }
}

[2026-02-12T13:11:23.758Z] Отправка данных заявки ID: 20
{
  "clientId": 5,
  "clientName": "Уваровская Нива",
  "tema": "Тест тираж",
  "amount": 0,
  "status": "Открыта",
  "description": "",
  "clientObjectId": 6,
  "updNumber": null,
  "updDate": null,
  "contract": null,
  "workAddress": "фффф",
  "bidType": {
    "id": 1,
    "name": "Выдача оборудования без преднастройки и монтажа",
    "description": "Выдача оборудования без преднастройки и монтажа",
    "statuses": [
      {
        "name": "Открыта",
        "color": "#c75a5a",
        "position": 1,
        "allowedActions": [
          "edit"
        ],
        "responsibleRoleId": "14"
      },
      {
        "name": "Собрать",
        "color": "#3b82f6",
        "position": 2,
        "allowedActions": [
          "edit",
          "close"
        ],
        "responsibleRoleId": "3",
        "responsibleUserId": null
      },
      {
        "name": "Отложить",
        "color": "#eab308",
        "position": 3,
        "allowedActions": [],
        "responsibleUserId": null
      },
      {
        "name": "Закрыта",
        "color": "#7a7777",
        "position": 999,
        "allowedActions": []
      }
    ],
    "transitions": [
      {
        "toPosition": 2,
        "fromPosition": 1
      },
      {
        "toPosition": 3,
        "fromPosition": 1
      },
      {
        "toPosition": 3,
        "fromPosition": 2
      },
      {
        "toPosition": 999,
        "fromPosition": 2
      }
    ],
    "plannedReactionTimeMinutes": 60,
    "plannedDurationMinutes": "1440",
    "createdAt": "2026-02-04T10:11:35.846Z",
    "updatedAt": "2026-02-08T12:49:49.376Z"
  },
  "bidTypeName": "Выдача оборудования без преднастройки и монтажа",
  "bidTypeStatuses": [
    {
      "name": "Открыта",
      "color": "#c75a5a",
      "position": 1,
      "allowedActions": [
        "edit"
      ],
      "responsibleRoleId": "14"
    },
    {
      "name": "Собрать",
      "color": "#3b82f6",
      "position": 2,
      "allowedActions": [
        "edit",
        "close"
      ],
      "responsibleRoleId": "3",
      "responsibleUserId": null
    },
    {
      "name": "Отложить",
      "color": "#eab308",
      "position": 3,
      "allowedActions": [],
      "responsibleUserId": null
    },
    {
      "name": "Закрыта",
      "color": "#7a7777",
      "position": 999,
      "allowedActions": []
    }
  ],
  "bidTypeResponsibleName": "Не указан",
  "currentResponsibleUserId": null,
  "clientResponsibleName": "Не указан",
  "creatorName": "Беляев Сергей",
  "createdAt": "2026-02-12T12:58:23.735Z",
  "updatedAt": "2026-02-12T12:58:23.735Z",
  "statusMetadata": {
    "responsibleSpecialist": null,
    "deadlines": {
      "processingTime": "5 рабочих дней",
      "deadline": "2026-02-17T13:11:23.758Z"
    },
    "necessaryActions": [
      "Редактирование заявки"
    ],
    "additionalResources": [
      "Общие ресурсы"
    ],
    "notifications": [
      "Стандартное уведомление"
    ]
  }
}

[2026-02-12T13:11:24.725Z] Отправка данных заявки ID: 20
{
  "clientId": 5,
  "clientName": "Уваровская Нива",
  "tema": "Тест тираж",
  "amount": 0,
  "status": "Открыта",
  "description": "",
  "clientObjectId": 6,
  "updNumber": null,
  "updDate": null,
  "contract": null,
  "workAddress": "фффф",
  "bidType": {
    "id": 1,
    "name": "Выдача оборудования без преднастройки и монтажа",
    "description": "Выдача оборудования без преднастройки и монтажа",
    "statuses": [
      {
        "name": "Открыта",
        "color": "#c75a5a",
        "position": 1,
        "allowedActions": [
          "edit"
        ],
        "responsibleRoleId": "14"
      },
      {
        "name": "Собрать",
        "color": "#3b82f6",
        "position": 2,
        "allowedActions": [
          "edit",
          "close"
        ],
        "responsibleRoleId": "3",
        "responsibleUserId": null
      },
      {
        "name": "Отложить",
        "color": "#eab308",
        "position": 3,
        "allowedActions": [],
        "responsibleUserId": null
      },
      {
        "name": "Закрыта",
        "color": "#7a7777",
        "position": 999,
        "allowedActions": []
      }
    ],
    "transitions": [
      {
        "toPosition": 2,
        "fromPosition": 1
      },
      {
        "toPosition": 3,
        "fromPosition": 1
      },
      {
        "toPosition": 3,
        "fromPosition": 2
      },
      {
        "toPosition": 999,
        "fromPosition": 2
      }
    ],
    "plannedReactionTimeMinutes": 60,
    "plannedDurationMinutes": "1440",
    "createdAt": "2026-02-04T10:11:35.846Z",
    "updatedAt": "2026-02-08T12:49:49.376Z"
  },
  "bidTypeName": "Выдача оборудования без преднастройки и монтажа",
  "bidTypeStatuses": [
    {
      "name": "Открыта",
      "color": "#c75a5a",
      "position": 1,
      "allowedActions": [
        "edit"
      ],
      "responsibleRoleId": "14"
    },
    {
      "name": "Собрать",
      "color": "#3b82f6",
      "position": 2,
      "allowedActions": [
        "edit",
        "close"
      ],
      "responsibleRoleId": "3",
      "responsibleUserId": null
    },
    {
      "name": "Отложить",
      "color": "#eab308",
      "position": 3,
      "allowedActions": [],
      "responsibleUserId": null
    },
    {
      "name": "Закрыта",
      "color": "#7a7777",
      "position": 999,
      "allowedActions": []
    }
  ],
  "bidTypeResponsibleName": "Не указан",
  "currentResponsibleUserId": null,
  "clientResponsibleName": "Не указан",
  "creatorName": "Беляев Сергей",
  "createdAt": "2026-02-12T12:58:23.735Z",
  "updatedAt": "2026-02-12T12:58:23.735Z",
  "statusMetadata": {
    "responsibleSpecialist": null,
    "deadlines": {
      "processingTime": "5 рабочих дней",
      "deadline": "2026-02-17T13:11:24.724Z"
    },
    "necessaryActions": [
      "Редактирование заявки"
    ],
    "additionalResources": [
      "Общие ресурсы"
    ],
    "notifications": [
      "Стандартное уведомление"
    ]
  }
}

[2026-02-12T13:11:30.225Z] Отправка данных заявки ID: 20
{
  "clientId": 5,
  "clientName": "Уваровская Нива",
  "tema": "Тест тираж",
  "amount": 0,
  "status": "Открыта",
  "description": "",
  "clientObjectId": 6,
  "updNumber": null,
  "updDate": null,
  "contract": null,
  "workAddress": "фффф",
  "bidType": {
    "id": 1,
    "name": "Выдача оборудования без преднастройки и монтажа",
    "description": "Выдача оборудования без преднастройки и монтажа",
    "statuses": [
      {
        "name": "Открыта",
        "color": "#c75a5a",
        "position": 1,
        "allowedActions": [
          "edit"
        ],
        "responsibleRoleId": "14"
      },
      {
        "name": "Собрать",
        "color": "#3b82f6",
        "position": 2,
        "allowedActions": [
          "edit",
          "close"
        ],
        "responsibleRoleId": "3",
        "responsibleUserId": null
      },
      {
        "name": "Отложить",
        "color": "#eab308",
        "position": 3,
        "allowedActions": [],
        "responsibleUserId": null
      },
      {
        "name": "Закрыта",
        "color": "#7a7777",
        "position": 999,
        "allowedActions": []
      }
    ],
    "transitions": [
      {
        "toPosition": 2,
        "fromPosition": 1
      },
      {
        "toPosition": 3,
        "fromPosition": 1
      },
      {
        "toPosition": 3,
        "fromPosition": 2
      },
      {
        "toPosition": 999,
        "fromPosition": 2
      }
    ],
    "plannedReactionTimeMinutes": 60,
    "plannedDurationMinutes": "1440",
    "createdAt": "2026-02-04T10:11:35.846Z",
    "updatedAt": "2026-02-08T12:49:49.376Z"
  },
  "bidTypeName": "Выдача оборудования без преднастройки и монтажа",
  "bidTypeStatuses": [
    {
      "name": "Открыта",
      "color": "#c75a5a",
      "position": 1,
      "allowedActions": [
        "edit"
      ],
      "responsibleRoleId": "14"
    },
    {
      "name": "Собрать",
      "color": "#3b82f6",
      "position": 2,
      "allowedActions": [
        "edit",
        "close"
      ],
      "responsibleRoleId": "3",
      "responsibleUserId": null
    },
    {
      "name": "Отложить",
      "color": "#eab308",
      "position": 3,
      "allowedActions": [],
      "responsibleUserId": null
    },
    {
      "name": "Закрыта",
      "color": "#7a7777",
      "position": 999,
      "allowedActions": []
    }
  ],
  "bidTypeResponsibleName": "Не указан",
  "currentResponsibleUserId": null,
  "clientResponsibleName": "Не указан",
  "creatorName": "Беляев Сергей",
  "createdAt": "2026-02-12T12:58:23.735Z",
  "updatedAt": "2026-02-12T12:58:23.735Z",
  "statusMetadata": {
    "responsibleSpecialist": null,
    "deadlines": {
      "processingTime": "5 рабочих дней",
      "deadline": "2026-02-17T13:11:30.225Z"
    },
    "necessaryActions": [
      "Редактирование заявки"
    ],
    "additionalResources": [
      "Общие ресурсы"
    ],
    "notifications": [
      "Стандартное уведомление"
    ]
  }
}

[2026-02-12T13:11:30.890Z] Отправка данных заявки ID: 20
{
  "clientId": 5,
  "clientName": "Уваровская Нива",
  "tema": "Тест тираж",
  "amount": 0,
  "status": "Открыта",
  "description": "",
  "clientObjectId": 6,
  "updNumber": null,
  "updDate": null,
  "contract": null,
  "workAddress": "фффф",
  "bidType": {
    "id": 1,
    "name": "Выдача оборудования без преднастройки и монтажа",
    "description": "Выдача оборудования без преднастройки и монтажа",
    "statuses": [
      {
        "name": "Открыта",
        "color": "#c75a5a",
        "position": 1,
        "allowedActions": [
          "edit"
        ],
        "responsibleRoleId": "14"
      },
      {
        "name": "Собрать",
        "color": "#3b82f6",
        "position": 2,
        "allowedActions": [
          "edit",
          "close"
        ],
        "responsibleRoleId": "3",
        "responsibleUserId": null
      },
      {
        "name": "Отложить",
        "color": "#eab308",
        "position": 3,
        "allowedActions": [],
        "responsibleUserId": null
      },
      {
        "name": "Закрыта",
        "color": "#7a7777",
        "position": 999,
        "allowedActions": []
      }
    ],
    "transitions": [
      {
        "toPosition": 2,
        "fromPosition": 1
      },
      {
        "toPosition": 3,
        "fromPosition": 1
      },
      {
        "toPosition": 3,
        "fromPosition": 2
      },
      {
        "toPosition": 999,
        "fromPosition": 2
      }
    ],
    "plannedReactionTimeMinutes": 60,
    "plannedDurationMinutes": "1440",
    "createdAt": "2026-02-04T10:11:35.846Z",
    "updatedAt": "2026-02-08T12:49:49.376Z"
  },
  "bidTypeName": "Выдача оборудования без преднастройки и монтажа",
  "bidTypeStatuses": [
    {
      "name": "Открыта",
      "color": "#c75a5a",
      "position": 1,
      "allowedActions": [
        "edit"
      ],
      "responsibleRoleId": "14"
    },
    {
      "name": "Собрать",
      "color": "#3b82f6",
      "position": 2,
      "allowedActions": [
        "edit",
        "close"
      ],
      "responsibleRoleId": "3",
      "responsibleUserId": null
    },
    {
      "name": "Отложить",
      "color": "#eab308",
      "position": 3,
      "allowedActions": [],
      "responsibleUserId": null
    },
    {
      "name": "Закрыта",
      "color": "#7a7777",
      "position": 999,
      "allowedActions": []
    }
  ],
  "bidTypeResponsibleName": "Не указан",
  "currentResponsibleUserId": null,
  "clientResponsibleName": "Не указан",
  "creatorName": "Беляев Сергей",
  "createdAt": "2026-02-12T12:58:23.735Z",
  "updatedAt": "2026-02-12T12:58:23.735Z",
  "statusMetadata": {
    "responsibleSpecialist": null,
    "deadlines": {
      "processingTime": "5 рабочих дней",
      "deadline": "2026-02-17T13:11:30.887Z"
    },
    "necessaryActions": [
      "Редактирование заявки"
    ],
    "additionalResources": [
      "Общие ресурсы"
    ],
    "notifications": [
      "Стандартное уведомление"
    ]
  }
}

[2026-02-12T13:12:29.744Z] Отправка данных заявки ID: 20
{
  "clientId": 5,
  "clientName": "Уваровская Нива",
  "tema": "Тест тираж",
  "amount": 0,
  "status": "Открыта",
  "description": "",
  "clientObjectId": 6,
  "updNumber": null,
  "updDate": null,
  "contract": null,
  "workAddress": "фффф",
  "bidType": {
    "id": 1,
    "name": "Выдача оборудования без преднастройки и монтажа",
    "description": "Выдача оборудования без преднастройки и монтажа",
    "statuses": [
      {
        "name": "Открыта",
        "color": "#c75a5a",
        "position": 1,
        "allowedActions": [
          "edit"
        ],
        "responsibleRoleId": "14"
      },
      {
        "name": "Собрать",
        "color": "#3b82f6",
        "position": 2,
        "allowedActions": [
          "edit",
          "close"
        ],
        "responsibleRoleId": "3",
        "responsibleUserId": null
      },
      {
        "name": "Отложить",
        "color": "#eab308",
        "position": 3,
        "allowedActions": [],
        "responsibleUserId": null
      },
      {
        "name": "Закрыта",
        "color": "#7a7777",
        "position": 999,
        "allowedActions": []
      }
    ],
    "transitions": [
      {
        "toPosition": 2,
        "fromPosition": 1
      },
      {
        "toPosition": 3,
        "fromPosition": 1
      },
      {
        "toPosition": 3,
        "fromPosition": 2
      },
      {
        "toPosition": 999,
        "fromPosition": 2
      }
    ],
    "plannedReactionTimeMinutes": 60,
    "plannedDurationMinutes": "1440",
    "createdAt": "2026-02-04T10:11:35.846Z",
    "updatedAt": "2026-02-08T12:49:49.376Z"
  },
  "bidTypeName": "Выдача оборудования без преднастройки и монтажа",
  "bidTypeStatuses": [
    {
      "name": "Открыта",
      "color": "#c75a5a",
      "position": 1,
      "allowedActions": [
        "edit"
      ],
      "responsibleRoleId": "14"
    },
    {
      "name": "Собрать",
      "color": "#3b82f6",
      "position": 2,
      "allowedActions": [
        "edit",
        "close"
      ],
      "responsibleRoleId": "3",
      "responsibleUserId": null
    },
    {
      "name": "Отложить",
      "color": "#eab308",
      "position": 3,
      "allowedActions": [],
      "responsibleUserId": null
    },
    {
      "name": "Закрыта",
      "color": "#7a7777",
      "position": 999,
      "allowedActions": []
    }
  ],
  "bidTypeResponsibleName": "Не указан",
  "currentResponsibleUserId": null,
  "clientResponsibleName": "Не указан",
  "creatorName": "Беляев Сергей",
  "createdAt": "2026-02-12T12:58:23.735Z",
  "updatedAt": "2026-02-12T12:58:23.735Z",
  "statusMetadata": {
    "responsibleSpecialist": null,
    "deadlines": {
      "processingTime": "5 рабочих дней",
      "deadline": "2026-02-17T13:12:29.743Z"
    },
    "necessaryActions": [
      "Редактирование заявки"
    ],
    "additionalResources": [
      "Общие ресурсы"
    ],
    "notifications": [
      "Стандартное уведомление"
    ]
  }
}

[2026-02-12T13:12:48.133Z] Отправка данных заявки ID: 20
{
  "clientId": 5,
  "clientName": "Уваровская Нива",
  "tema": "Тест тираж",
  "amount": 0,
  "status": "Открыта",
  "description": "",
  "clientObjectId": 6,
  "updNumber": null,
  "updDate": null,
  "contract": null,
  "workAddress": "фффф",
  "bidType": {
    "id": 1,
    "name": "Выдача оборудования без преднастройки и монтажа",
    "description": "Выдача оборудования без преднастройки и монтажа",
    "statuses": [
      {
        "name": "Открыта",
        "color": "#c75a5a",
        "position": 1,
        "allowedActions": [
          "edit"
        ],
        "responsibleRoleId": "14"
      },
      {
        "name": "Собрать",
        "color": "#3b82f6",
        "position": 2,
        "allowedActions": [
          "edit",
          "close"
        ],
        "responsibleRoleId": "3",
        "responsibleUserId": null
      },
      {
        "name": "Отложить",
        "color": "#eab308",
        "position": 3,
        "allowedActions": [],
        "responsibleUserId": null
      },
      {
        "name": "Закрыта",
        "color": "#7a7777",
        "position": 999,
        "allowedActions": []
      }
    ],
    "transitions": [
      {
        "toPosition": 2,
        "fromPosition": 1
      },
      {
        "toPosition": 3,
        "fromPosition": 1
      },
      {
        "toPosition": 3,
        "fromPosition": 2
      },
      {
        "toPosition": 999,
        "fromPosition": 2
      }
    ],
    "plannedReactionTimeMinutes": 60,
    "plannedDurationMinutes": "1440",
    "createdAt": "2026-02-04T10:11:35.846Z",
    "updatedAt": "2026-02-08T12:49:49.376Z"
  },
  "bidTypeName": "Выдача оборудования без преднастройки и монтажа",
  "bidTypeStatuses": [
    {
      "name": "Открыта",
      "color": "#c75a5a",
      "position": 1,
      "allowedActions": [
        "edit"
      ],
      "responsibleRoleId": "14"
    },
    {
      "name": "Собрать",
      "color": "#3b82f6",
      "position": 2,
      "allowedActions": [
        "edit",
        "close"
      ],
      "responsibleRoleId": "3",
      "responsibleUserId": null
    },
    {
      "name": "Отложить",
      "color": "#eab308",
      "position": 3,
      "allowedActions": [],
      "responsibleUserId": null
    },
    {
      "name": "Закрыта",
      "color": "#7a7777",
      "position": 999,
      "allowedActions": []
    }
  ],
  "bidTypeResponsibleName": "Не указан",
  "currentResponsibleUserId": null,
  "clientResponsibleName": "Не указан",
  "creatorName": "Беляев Сергей",
  "createdAt": "2026-02-12T12:58:23.735Z",
  "updatedAt": "2026-02-12T12:58:23.735Z",
  "statusMetadata": {
    "responsibleSpecialist": null,
    "deadlines": {
      "processingTime": "5 рабочих дней",
      "deadline": "2026-02-17T13:12:48.132Z"
    },
    "necessaryActions": [
      "Редактирование заявки"
    ],
    "additionalResources": [
      "Общие ресурсы"
    ],
    "notifications": [
      "Стандартное уведомление"
    ]
  }
}

[2026-02-12T13:12:49.149Z] Отправка данных заявки ID: 20
{
  "clientId": 5,
  "clientName": "Уваровская Нива",
  "tema": "Тест тираж",
  "amount": 0,
  "status": "Открыта",
  "description": "",
  "clientObjectId": 6,
  "updNumber": null,
  "updDate": null,
  "contract": null,
  "workAddress": "фффф",
  "bidType": {
    "id": 1,
    "name": "Выдача оборудования без преднастройки и монтажа",
    "description": "Выдача оборудования без преднастройки и монтажа",
    "statuses": [
      {
        "name": "Открыта",
        "color": "#c75a5a",
        "position": 1,
        "allowedActions": [
          "edit"
        ],
        "responsibleRoleId": "14"
      },
      {
        "name": "Собрать",
        "color": "#3b82f6",
        "position": 2,
        "allowedActions": [
          "edit",
          "close"
        ],
        "responsibleRoleId": "3",
        "responsibleUserId": null
      },
      {
        "name": "Отложить",
        "color": "#eab308",
        "position": 3,
        "allowedActions": [],
        "responsibleUserId": null
      },
      {
        "name": "Закрыта",
        "color": "#7a7777",
        "position": 999,
        "allowedActions": []
      }
    ],
    "transitions": [
      {
        "toPosition": 2,
        "fromPosition": 1
      },
      {
        "toPosition": 3,
        "fromPosition": 1
      },
      {
        "toPosition": 3,
        "fromPosition": 2
      },
      {
        "toPosition": 999,
        "fromPosition": 2
      }
    ],
    "plannedReactionTimeMinutes": 60,
    "plannedDurationMinutes": "1440",
    "createdAt": "2026-02-04T10:11:35.846Z",
    "updatedAt": "2026-02-08T12:49:49.376Z"
  },
  "bidTypeName": "Выдача оборудования без преднастройки и монтажа",
  "bidTypeStatuses": [
    {
      "name": "Открыта",
      "color": "#c75a5a",
      "position": 1,
      "allowedActions": [
        "edit"
      ],
      "responsibleRoleId": "14"
    },
    {
      "name": "Собрать",
      "color": "#3b82f6",
      "position": 2,
      "allowedActions": [
        "edit",
        "close"
      ],
      "responsibleRoleId": "3",
      "responsibleUserId": null
    },
    {
      "name": "Отложить",
      "color": "#eab308",
      "position": 3,
      "allowedActions": [],
      "responsibleUserId": null
    },
    {
      "name": "Закрыта",
      "color": "#7a7777",
      "position": 999,
      "allowedActions": []
    }
  ],
  "bidTypeResponsibleName": "Не указан",
  "currentResponsibleUserId": null,
  "clientResponsibleName": "Не указан",
  "creatorName": "Беляев Сергей",
  "createdAt": "2026-02-12T12:58:23.735Z",
  "updatedAt": "2026-02-12T12:58:23.735Z",
  "statusMetadata": {
    "responsibleSpecialist": null,
    "deadlines": {
      "processingTime": "5 рабочих дней",
      "deadline": "2026-02-17T13:12:49.148Z"
    },
    "necessaryActions": [
      "Редактирование заявки"
    ],
    "additionalResources": [
      "Общие ресурсы"
    ],
    "notifications": [
      "Стандартное уведомление"
    ]
  }
}

[2026-02-12T13:14:28.744Z] Отправка данных заявки ID: 20
{
  "clientId": 5,
  "clientName": "Уваровская Нива",
  "tema": "Тест тираж",
  "amount": 0,
  "status": "Открыта",
  "description": "",
  "clientObjectId": 6,
  "updNumber": null,
  "updDate": null,
  "contract": null,
  "workAddress": "фффф",
  "bidType": {
    "id": 1,
    "name": "Выдача оборудования без преднастройки и монтажа",
    "description": "Выдача оборудования без преднастройки и монтажа",
    "statuses": [
      {
        "name": "Открыта",
        "color": "#c75a5a",
        "position": 1,
        "allowedActions": [
          "edit"
        ],
        "responsibleRoleId": "14"
      },
      {
        "name": "Собрать",
        "color": "#3b82f6",
        "position": 2,
        "allowedActions": [
          "edit",
          "close"
        ],
        "responsibleRoleId": "3",
        "responsibleUserId": null
      },
      {
        "name": "Отложить",
        "color": "#eab308",
        "position": 3,
        "allowedActions": [],
        "responsibleUserId": null
      },
      {
        "name": "Закрыта",
        "color": "#7a7777",
        "position": 999,
        "allowedActions": []
      }
    ],
    "transitions": [
      {
        "toPosition": 2,
        "fromPosition": 1
      },
      {
        "toPosition": 3,
        "fromPosition": 1
      },
      {
        "toPosition": 3,
        "fromPosition": 2
      },
      {
        "toPosition": 999,
        "fromPosition": 2
      }
    ],
    "plannedReactionTimeMinutes": 60,
    "plannedDurationMinutes": "1440",
    "createdAt": "2026-02-04T10:11:35.846Z",
    "updatedAt": "2026-02-08T12:49:49.376Z"
  },
  "bidTypeName": "Выдача оборудования без преднастройки и монтажа",
  "bidTypeStatuses": [
    {
      "name": "Открыта",
      "color": "#c75a5a",
      "position": 1,
      "allowedActions": [
        "edit"
      ],
      "responsibleRoleId": "14"
    },
    {
      "name": "Собрать",
      "color": "#3b82f6",
      "position": 2,
      "allowedActions": [
        "edit",
        "close"
      ],
      "responsibleRoleId": "3",
      "responsibleUserId": null
    },
    {
      "name": "Отложить",
      "color": "#eab308",
      "position": 3,
      "allowedActions": [],
      "responsibleUserId": null
    },
    {
      "name": "Закрыта",
      "color": "#7a7777",
      "position": 999,
      "allowedActions": []
    }
  ],
  "bidTypeResponsibleName": "Не указан",
  "currentResponsibleUserId": null,
  "clientResponsibleName": "Не указан",
  "creatorName": "Беляев Сергей",
  "createdAt": "2026-02-12T12:58:23.735Z",
  "updatedAt": "2026-02-12T12:58:23.735Z",
  "statusMetadata": {
    "responsibleSpecialist": null,
    "deadlines": {
      "processingTime": "5 рабочих дней",
      "deadline": "2026-02-17T13:14:28.744Z"
    },
    "necessaryActions": [
      "Редактирование заявки"
    ],
    "additionalResources": [
      "Общие ресурсы"
    ],
    "notifications": [
      "Стандартное уведомление"
    ]
  }
}

[2026-02-12T13:15:35.111Z] Отправка данных заявки ID: 20
{
  "clientId": 5,
  "clientName": "Уваровская Нива",
  "tema": "Тест тираж",
  "amount": 0,
  "status": "Открыта",
  "description": "",
  "clientObjectId": 6,
  "updNumber": null,
  "updDate": null,
  "contract": null,
  "workAddress": "фффф",
  "bidType": {
    "id": 1,
    "name": "Выдача оборудования без преднастройки и монтажа",
    "description": "Выдача оборудования без преднастройки и монтажа",
    "statuses": [
      {
        "name": "Открыта",
        "color": "#c75a5a",
        "position": 1,
        "allowedActions": [
          "edit"
        ],
        "responsibleRoleId": "14"
      },
      {
        "name": "Собрать",
        "color": "#3b82f6",
        "position": 2,
        "allowedActions": [
          "edit",
          "close"
        ],
        "responsibleRoleId": "3",
        "responsibleUserId": null
      },
      {
        "name": "Отложить",
        "color": "#eab308",
        "position": 3,
        "allowedActions": [],
        "responsibleUserId": null
      },
      {
        "name": "Закрыта",
        "color": "#7a7777",
        "position": 999,
        "allowedActions": []
      }
    ],
    "transitions": [
      {
        "toPosition": 2,
        "fromPosition": 1
      },
      {
        "toPosition": 3,
        "fromPosition": 1
      },
      {
        "toPosition": 3,
        "fromPosition": 2
      },
      {
        "toPosition": 999,
        "fromPosition": 2
      }
    ],
    "plannedReactionTimeMinutes": 60,
    "plannedDurationMinutes": "1440",
    "createdAt": "2026-02-04T10:11:35.846Z",
    "updatedAt": "2026-02-08T12:49:49.376Z"
  },
  "bidTypeName": "Выдача оборудования без преднастройки и монтажа",
  "bidTypeStatuses": [
    {
      "name": "Открыта",
      "color": "#c75a5a",
      "position": 1,
      "allowedActions": [
        "edit"
      ],
      "responsibleRoleId": "14"
    },
    {
      "name": "Собрать",
      "color": "#3b82f6",
      "position": 2,
      "allowedActions": [
        "edit",
        "close"
      ],
      "responsibleRoleId": "3",
      "responsibleUserId": null
    },
    {
      "name": "Отложить",
      "color": "#eab308",
      "position": 3,
      "allowedActions": [],
      "responsibleUserId": null
    },
    {
      "name": "Закрыта",
      "color": "#7a7777",
      "position": 999,
      "allowedActions": []
    }
  ],
  "bidTypeResponsibleName": "Не указан",
  "currentResponsibleUserId": null,
  "clientResponsibleName": "Не указан",
  "creatorName": "Беляев Сергей",
  "createdAt": "2026-02-12T12:58:23.735Z",
  "updatedAt": "2026-02-12T12:58:23.735Z",
  "statusMetadata": {
    "responsibleSpecialist": null,
    "deadlines": {
      "processingTime": "5 рабочих дней",
      "deadline": "2026-02-17T13:15:35.111Z"
    },
    "necessaryActions": [
      "Редактирование заявки"
    ],
    "additionalResources": [
      "Общие ресурсы"
    ],
    "notifications": [
      "Стандартное уведомление"
    ]
  }
}

[2026-02-12T13:15:36.040Z] Отправка данных заявки ID: 20
{
  "clientId": 5,
  "clientName": "Уваровская Нива",
  "tema": "Тест тираж",
  "amount": 0,
  "status": "Открыта",
  "description": "",
  "clientObjectId": 6,
  "updNumber": null,
  "updDate": null,
  "contract": null,
  "workAddress": "фффф",
  "bidType": {
    "id": 1,
    "name": "Выдача оборудования без преднастройки и монтажа",
    "description": "Выдача оборудования без преднастройки и монтажа",
    "statuses": [
      {
        "name": "Открыта",
        "color": "#c75a5a",
        "position": 1,
        "allowedActions": [
          "edit"
        ],
        "responsibleRoleId": "14"
      },
      {
        "name": "Собрать",
        "color": "#3b82f6",
        "position": 2,
        "allowedActions": [
          "edit",
          "close"
        ],
        "responsibleRoleId": "3",
        "responsibleUserId": null
      },
      {
        "name": "Отложить",
        "color": "#eab308",
        "position": 3,
        "allowedActions": [],
        "responsibleUserId": null
      },
      {
        "name": "Закрыта",
        "color": "#7a7777",
        "position": 999,
        "allowedActions": []
      }
    ],
    "transitions": [
      {
        "toPosition": 2,
        "fromPosition": 1
      },
      {
        "toPosition": 3,
        "fromPosition": 1
      },
      {
        "toPosition": 3,
        "fromPosition": 2
      },
      {
        "toPosition": 999,
        "fromPosition": 2
      }
    ],
    "plannedReactionTimeMinutes": 60,
    "plannedDurationMinutes": "1440",
    "createdAt": "2026-02-04T10:11:35.846Z",
    "updatedAt": "2026-02-08T12:49:49.376Z"
  },
  "bidTypeName": "Выдача оборудования без преднастройки и монтажа",
  "bidTypeStatuses": [
    {
      "name": "Открыта",
      "color": "#c75a5a",
      "position": 1,
      "allowedActions": [
        "edit"
      ],
      "responsibleRoleId": "14"
    },
    {
      "name": "Собрать",
      "color": "#3b82f6",
      "position": 2,
      "allowedActions": [
        "edit",
        "close"
      ],
      "responsibleRoleId": "3",
      "responsibleUserId": null
    },
    {
      "name": "Отложить",
      "color": "#eab308",
      "position": 3,
      "allowedActions": [],
      "responsibleUserId": null
    },
    {
      "name": "Закрыта",
      "color": "#7a7777",
      "position": 999,
      "allowedActions": []
    }
  ],
  "bidTypeResponsibleName": "Не указан",
  "currentResponsibleUserId": null,
  "clientResponsibleName": "Не указан",
  "creatorName": "Беляев Сергей",
  "createdAt": "2026-02-12T12:58:23.735Z",
  "updatedAt": "2026-02-12T12:58:23.735Z",
  "statusMetadata": {
    "responsibleSpecialist": null,
    "deadlines": {
      "processingTime": "5 рабочих дней",
      "deadline": "2026-02-17T13:15:36.039Z"
    },
    "necessaryActions": [
      "Редактирование заявки"
    ],
    "additionalResources": [
      "Общие ресурсы"
    ],
    "notifications": [
      "Стандартное уведомление"
    ]
  }
}

[2026-02-12T13:16:20.766Z] Отправка данных заявки ID: 20
{
  "clientId": 5,
  "clientName": "Уваровская Нива",
  "tema": "Тест тираж",
  "amount": 0,
  "status": "Открыта",
  "description": "",
  "clientObjectId": 6,
  "updNumber": null,
  "updDate": null,
  "contract": null,
  "workAddress": "фффф",
  "bidType": {
    "id": 1,
    "name": "Выдача оборудования без преднастройки и монтажа",
    "description": "Выдача оборудования без преднастройки и монтажа",
    "statuses": [
      {
        "name": "Открыта",
        "color": "#c75a5a",
        "position": 1,
        "allowedActions": [
          "edit"
        ],
        "responsibleRoleId": "14"
      },
      {
        "name": "Собрать",
        "color": "#3b82f6",
        "position": 2,
        "allowedActions": [
          "edit",
          "close"
        ],
        "responsibleRoleId": "3",
        "responsibleUserId": null
      },
      {
        "name": "Отложить",
        "color": "#eab308",
        "position": 3,
        "allowedActions": [],
        "responsibleUserId": null
      },
      {
        "name": "Закрыта",
        "color": "#7a7777",
        "position": 999,
        "allowedActions": []
      }
    ],
    "transitions": [
      {
        "toPosition": 2,
        "fromPosition": 1
      },
      {
        "toPosition": 3,
        "fromPosition": 1
      },
      {
        "toPosition": 3,
        "fromPosition": 2
      },
      {
        "toPosition": 999,
        "fromPosition": 2
      }
    ],
    "plannedReactionTimeMinutes": 60,
    "plannedDurationMinutes": "1440",
    "createdAt": "2026-02-04T10:11:35.846Z",
    "updatedAt": "2026-02-08T12:49:49.376Z"
  },
  "bidTypeName": "Выдача оборудования без преднастройки и монтажа",
  "bidTypeStatuses": [
    {
      "name": "Открыта",
      "color": "#c75a5a",
      "position": 1,
      "allowedActions": [
        "edit"
      ],
      "responsibleRoleId": "14"
    },
    {
      "name": "Собрать",
      "color": "#3b82f6",
      "position": 2,
      "allowedActions": [
        "edit",
        "close"
      ],
      "responsibleRoleId": "3",
      "responsibleUserId": null
    },
    {
      "name": "Отложить",
      "color": "#eab308",
      "position": 3,
      "allowedActions": [],
      "responsibleUserId": null
    },
    {
      "name": "Закрыта",
      "color": "#7a7777",
      "position": 999,
      "allowedActions": []
    }
  ],
  "bidTypeResponsibleName": "Не указан",
  "currentResponsibleUserId": null,
  "clientResponsibleName": "Не указан",
  "creatorName": "Беляев Сергей",
  "createdAt": "2026-02-12T12:58:23.735Z",
  "updatedAt": "2026-02-12T12:58:23.735Z",
  "statusMetadata": {
    "responsibleSpecialist": null,
    "deadlines": {
      "processingTime": "5 рабочих дней",
      "deadline": "2026-02-17T13:16:20.765Z"
    },
    "necessaryActions": [
      "Редактирование заявки"
    ],
    "additionalResources": [
      "Общие ресурсы"
    ],
    "notifications": [
      "Стандартное уведомление"
    ]
  }
}

[2026-02-12T13:17:17.896Z] Отправка данных заявки ID: 7
{
  "clientId": 3,
  "clientName": "Уваровская Нива",
  "tema": "12asqw",
  "amount": 0,
  "status": "Открыта",
  "description": "sdasd",
  "clientObjectId": 4,
  "updNumber": null,
  "updDate": null,
  "contract": null,
  "workAddress": "sss",
  "bidType": {
    "id": 1,
    "name": "Выдача оборудования без преднастройки и монтажа",
    "description": "Выдача оборудования без преднастройки и монтажа",
    "statuses": [
      {
        "name": "Открыта",
        "color": "#c75a5a",
        "position": 1,
        "allowedActions": [
          "edit"
        ],
        "responsibleRoleId": "14"
      },
      {
        "name": "Собрать",
        "color": "#3b82f6",
        "position": 2,
        "allowedActions": [
          "edit",
          "close"
        ],
        "responsibleRoleId": "3",
        "responsibleUserId": null
      },
      {
        "name": "Отложить",
        "color": "#eab308",
        "position": 3,
        "allowedActions": [],
        "responsibleUserId": null
      },
      {
        "name": "Закрыта",
        "color": "#7a7777",
        "position": 999,
        "allowedActions": []
      }
    ],
    "transitions": [
      {
        "toPosition": 2,
        "fromPosition": 1
      },
      {
        "toPosition": 3,
        "fromPosition": 1
      },
      {
        "toPosition": 3,
        "fromPosition": 2
      },
      {
        "toPosition": 999,
        "fromPosition": 2
      }
    ],
    "plannedReactionTimeMinutes": 60,
    "plannedDurationMinutes": "1440",
    "createdAt": "2026-02-04T10:11:35.846Z",
    "updatedAt": "2026-02-08T12:49:49.376Z"
  },
  "bidTypeName": "Выдача оборудования без преднастройки и монтажа",
  "bidTypeStatuses": [
    {
      "name": "Открыта",
      "color": "#c75a5a",
      "position": 1,
      "allowedActions": [
        "edit"
      ],
      "responsibleRoleId": "14"
    },
    {
      "name": "Собрать",
      "color": "#3b82f6",
      "position": 2,
      "allowedActions": [
        "edit",
        "close"
      ],
      "responsibleRoleId": "3",
      "responsibleUserId": null
    },
    {
      "name": "Отложить",
      "color": "#eab308",
      "position": 3,
      "allowedActions": [],
      "responsibleUserId": null
    },
    {
      "name": "Закрыта",
      "color": "#7a7777",
      "position": 999,
      "allowedActions": []
    }
  ],
  "bidTypeResponsibleName": "Не указан",
  "currentResponsibleUserId": null,
  "clientResponsibleName": "Не указан",
  "creatorName": "Беляев Сергей",
  "createdAt": "2026-02-05T11:40:30.926Z",
  "updatedAt": "2026-02-05T11:40:30.926Z",
  "statusMetadata": {
    "responsibleSpecialist": null,
    "deadlines": {
      "processingTime": "5 рабочих дней",
      "deadline": "2026-02-17T13:17:17.895Z"
    },
    "necessaryActions": [
      "Редактирование заявки"
    ],
    "additionalResources": [
      "Общие ресурсы"
    ],
    "notifications": [
      "Стандартное уведомление"
    ]
  }
}

[2026-02-12T13:17:18.858Z] Отправка данных заявки ID: 7
{
  "clientId": 3,
  "clientName": "Уваровская Нива",
  "tema": "12asqw",
  "amount": 0,
  "status": "Открыта",
  "description": "sdasd",
  "clientObjectId": 4,
  "updNumber": null,
  "updDate": null,
  "contract": null,
  "workAddress": "sss",
  "bidType": {
    "id": 1,
    "name": "Выдача оборудования без преднастройки и монтажа",
    "description": "Выдача оборудования без преднастройки и монтажа",
    "statuses": [
      {
        "name": "Открыта",
        "color": "#c75a5a",
        "position": 1,
        "allowedActions": [
          "edit"
        ],
        "responsibleRoleId": "14"
      },
      {
        "name": "Собрать",
        "color": "#3b82f6",
        "position": 2,
        "allowedActions": [
          "edit",
          "close"
        ],
        "responsibleRoleId": "3",
        "responsibleUserId": null
      },
      {
        "name": "Отложить",
        "color": "#eab308",
        "position": 3,
        "allowedActions": [],
        "responsibleUserId": null
      },
      {
        "name": "Закрыта",
        "color": "#7a7777",
        "position": 999,
        "allowedActions": []
      }
    ],
    "transitions": [
      {
        "toPosition": 2,
        "fromPosition": 1
      },
      {
        "toPosition": 3,
        "fromPosition": 1
      },
      {
        "toPosition": 3,
        "fromPosition": 2
      },
      {
        "toPosition": 999,
        "fromPosition": 2
      }
    ],
    "plannedReactionTimeMinutes": 60,
    "plannedDurationMinutes": "1440",
    "createdAt": "2026-02-04T10:11:35.846Z",
    "updatedAt": "2026-02-08T12:49:49.376Z"
  },
  "bidTypeName": "Выдача оборудования без преднастройки и монтажа",
  "bidTypeStatuses": [
    {
      "name": "Открыта",
      "color": "#c75a5a",
      "position": 1,
      "allowedActions": [
        "edit"
      ],
      "responsibleRoleId": "14"
    },
    {
      "name": "Собрать",
      "color": "#3b82f6",
      "position": 2,
      "allowedActions": [
        "edit",
        "close"
      ],
      "responsibleRoleId": "3",
      "responsibleUserId": null
    },
    {
      "name": "Отложить",
      "color": "#eab308",
      "position": 3,
      "allowedActions": [],
      "responsibleUserId": null
    },
    {
      "name": "Закрыта",
      "color": "#7a7777",
      "position": 999,
      "allowedActions": []
    }
  ],
  "bidTypeResponsibleName": "Не указан",
  "currentResponsibleUserId": null,
  "clientResponsibleName": "Не указан",
  "creatorName": "Беляев Сергей",
  "createdAt": "2026-02-05T11:40:30.926Z",
  "updatedAt": "2026-02-05T11:40:30.926Z",
  "statusMetadata": {
    "responsibleSpecialist": null,
    "deadlines": {
      "processingTime": "5 рабочих дней",
      "deadline": "2026-02-17T13:17:18.858Z"
    },
    "necessaryActions": [
      "Редактирование заявки"
    ],
    "additionalResources": [
      "Общие ресурсы"
    ],
    "notifications": [
      "Стандартное уведомление"
    ]
  }
}

[2026-02-12T13:30:24.282Z] Отправка данных заявки ID: 20
{
  "clientId": 5,
  "clientName": "Уваровская Нива",
  "tema": "Тест тираж",
  "amount": 0,
  "status": "Открыта",
  "description": "",
  "clientObjectId": 6,
  "updNumber": null,
  "updDate": null,
  "contract": null,
  "workAddress": "фффф",
  "bidType": {
    "id": 1,
    "name": "Выдача оборудования без преднастройки и монтажа",
    "description": "Выдача оборудования без преднастройки и монтажа",
    "statuses": [
      {
        "name": "Открыта",
        "color": "#c75a5a",
        "position": 1,
        "allowedActions": [
          "edit"
        ],
        "responsibleRoleId": "14"
      },
      {
        "name": "Собрать",
        "color": "#3b82f6",
        "position": 2,
        "allowedActions": [
          "edit",
          "close"
        ],
        "responsibleRoleId": "3",
        "responsibleUserId": null
      },
      {
        "name": "Отложить",
        "color": "#eab308",
        "position": 3,
        "allowedActions": [],
        "responsibleUserId": null
      },
      {
        "name": "Закрыта",
        "color": "#7a7777",
        "position": 999,
        "allowedActions": []
      }
    ],
    "transitions": [
      {
        "toPosition": 2,
        "fromPosition": 1
      },
      {
        "toPosition": 3,
        "fromPosition": 1
      },
      {
        "toPosition": 3,
        "fromPosition": 2
      },
      {
        "toPosition": 999,
        "fromPosition": 2
      }
    ],
    "plannedReactionTimeMinutes": 60,
    "plannedDurationMinutes": "1440",
    "createdAt": "2026-02-04T10:11:35.846Z",
    "updatedAt": "2026-02-08T12:49:49.376Z"
  },
  "bidTypeName": "Выдача оборудования без преднастройки и монтажа",
  "bidTypeStatuses": [
    {
      "name": "Открыта",
      "color": "#c75a5a",
      "position": 1,
      "allowedActions": [
        "edit"
      ],
      "responsibleRoleId": "14"
    },
    {
      "name": "Собрать",
      "color": "#3b82f6",
      "position": 2,
      "allowedActions": [
        "edit",
        "close"
      ],
      "responsibleRoleId": "3",
      "responsibleUserId": null
    },
    {
      "name": "Отложить",
      "color": "#eab308",
      "position": 3,
      "allowedActions": [],
      "responsibleUserId": null
    },
    {
      "name": "Закрыта",
      "color": "#7a7777",
      "position": 999,
      "allowedActions": []
    }
  ],
  "bidTypeResponsibleName": "Не указан",
  "currentResponsibleUserId": null,
  "clientResponsibleName": "Не указан",
  "creatorName": "Беляев Сергей",
  "createdAt": "2026-02-12T12:58:23.735Z",
  "updatedAt": "2026-02-12T12:58:23.735Z",
  "statusMetadata": {
    "responsibleSpecialist": null,
    "deadlines": {
      "processingTime": "5 рабочих дней",
      "deadline": "2026-02-17T13:30:24.282Z"
    },
    "necessaryActions": [
      "Редактирование заявки"
    ],
    "additionalResources": [
      "Общие ресурсы"
    ],
    "notifications": [
      "Стандартное уведомление"
    ]
  }
}

[2026-02-12T13:30:25.245Z] Отправка данных заявки ID: 20
{
  "clientId": 5,
  "clientName": "Уваровская Нива",
  "tema": "Тест тираж",
  "amount": 0,
  "status": "Открыта",
  "description": "",
  "clientObjectId": 6,
  "updNumber": null,
  "updDate": null,
  "contract": null,
  "workAddress": "фффф",
  "bidType": {
    "id": 1,
    "name": "Выдача оборудования без преднастройки и монтажа",
    "description": "Выдача оборудования без преднастройки и монтажа",
    "statuses": [
      {
        "name": "Открыта",
        "color": "#c75a5a",
        "position": 1,
        "allowedActions": [
          "edit"
        ],
        "responsibleRoleId": "14"
      },
      {
        "name": "Собрать",
        "color": "#3b82f6",
        "position": 2,
        "allowedActions": [
          "edit",
          "close"
        ],
        "responsibleRoleId": "3",
        "responsibleUserId": null
      },
      {
        "name": "Отложить",
        "color": "#eab308",
        "position": 3,
        "allowedActions": [],
        "responsibleUserId": null
      },
      {
        "name": "Закрыта",
        "color": "#7a7777",
        "position": 999,
        "allowedActions": []
      }
    ],
    "transitions": [
      {
        "toPosition": 2,
        "fromPosition": 1
      },
      {
        "toPosition": 3,
        "fromPosition": 1
      },
      {
        "toPosition": 3,
        "fromPosition": 2
      },
      {
        "toPosition": 999,
        "fromPosition": 2
      }
    ],
    "plannedReactionTimeMinutes": 60,
    "plannedDurationMinutes": "1440",
    "createdAt": "2026-02-04T10:11:35.846Z",
    "updatedAt": "2026-02-08T12:49:49.376Z"
  },
  "bidTypeName": "Выдача оборудования без преднастройки и монтажа",
  "bidTypeStatuses": [
    {
      "name": "Открыта",
      "color": "#c75a5a",
      "position": 1,
      "allowedActions": [
        "edit"
      ],
      "responsibleRoleId": "14"
    },
    {
      "name": "Собрать",
      "color": "#3b82f6",
      "position": 2,
      "allowedActions": [
        "edit",
        "close"
      ],
      "responsibleRoleId": "3",
      "responsibleUserId": null
    },
    {
      "name": "Отложить",
      "color": "#eab308",
      "position": 3,
      "allowedActions": [],
      "responsibleUserId": null
    },
    {
      "name": "Закрыта",
      "color": "#7a7777",
      "position": 999,
      "allowedActions": []
    }
  ],
  "bidTypeResponsibleName": "Не указан",
  "currentResponsibleUserId": null,
  "clientResponsibleName": "Не указан",
  "creatorName": "Беляев Сергей",
  "createdAt": "2026-02-12T12:58:23.735Z",
  "updatedAt": "2026-02-12T12:58:23.735Z",
  "statusMetadata": {
    "responsibleSpecialist": null,
    "deadlines": {
      "processingTime": "5 рабочих дней",
      "deadline": "2026-02-17T13:30:25.245Z"
    },
    "necessaryActions": [
      "Редактирование заявки"
    ],
    "additionalResources": [
      "Общие ресурсы"
    ],
    "notifications": [
      "Стандартное уведомление"
    ]
  }
}

[2026-02-12T13:32:51.460Z] Отправка данных заявки ID: 20
{
  "clientId": 5,
  "clientName": "Уваровская Нива",
  "tema": "Тест тираж",
  "amount": 0,
  "status": "Открыта",
  "description": "",
  "clientObjectId": 6,
  "updNumber": null,
  "updDate": null,
  "contract": null,
  "workAddress": "фффф",
  "bidType": {
    "id": 1,
    "name": "Выдача оборудования без преднастройки и монтажа",
    "description": "Выдача оборудования без преднастройки и монтажа",
    "statuses": [
      {
        "name": "Открыта",
        "color": "#c75a5a",
        "position": 1,
        "allowedActions": [
          "edit"
        ],
        "responsibleRoleId": "14"
      },
      {
        "name": "Собрать",
        "color": "#3b82f6",
        "position": 2,
        "allowedActions": [
          "edit",
          "close"
        ],
        "responsibleRoleId": "3",
        "responsibleUserId": null
      },
      {
        "name": "Отложить",
        "color": "#eab308",
        "position": 3,
        "allowedActions": [],
        "responsibleUserId": null
      },
      {
        "name": "Закрыта",
        "color": "#7a7777",
        "position": 999,
        "allowedActions": []
      }
    ],
    "transitions": [
      {
        "toPosition": 2,
        "fromPosition": 1
      },
      {
        "toPosition": 3,
        "fromPosition": 1
      },
      {
        "toPosition": 3,
        "fromPosition": 2
      },
      {
        "toPosition": 999,
        "fromPosition": 2
      }
    ],
    "plannedReactionTimeMinutes": 60,
    "plannedDurationMinutes": "1440",
    "createdAt": "2026-02-04T10:11:35.846Z",
    "updatedAt": "2026-02-08T12:49:49.376Z"
  },
  "bidTypeName": "Выдача оборудования без преднастройки и монтажа",
  "bidTypeStatuses": [
    {
      "name": "Открыта",
      "color": "#c75a5a",
      "position": 1,
      "allowedActions": [
        "edit"
      ],
      "responsibleRoleId": "14"
    },
    {
      "name": "Собрать",
      "color": "#3b82f6",
      "position": 2,
      "allowedActions": [
        "edit",
        "close"
      ],
      "responsibleRoleId": "3",
      "responsibleUserId": null
    },
    {
      "name": "Отложить",
      "color": "#eab308",
      "position": 3,
      "allowedActions": [],
      "responsibleUserId": null
    },
    {
      "name": "Закрыта",
      "color": "#7a7777",
      "position": 999,
      "allowedActions": []
    }
  ],
  "bidTypeResponsibleName": "Не указан",
  "currentResponsibleUserId": null,
  "clientResponsibleName": "Не указан",
  "creatorName": "Беляев Сергей",
  "createdAt": "2026-02-12T12:58:23.735Z",
  "updatedAt": "2026-02-12T12:58:23.735Z",
  "statusMetadata": {
    "responsibleSpecialist": null,
    "deadlines": {
      "processingTime": "5 рабочих дней",
      "deadline": "2026-02-17T13:32:51.460Z"
    },
    "necessaryActions": [
      "Редактирование заявки"
    ],
    "additionalResources": [
      "Общие ресурсы"
    ],
    "notifications": [
      "Стандартное уведомление"
    ]
  }
}

[2026-02-12T13:32:52.495Z] Отправка данных заявки ID: 20
{
  "clientId": 5,
  "clientName": "Уваровская Нива",
  "tema": "Тест тираж",
  "amount": 0,
  "status": "Открыта",
  "description": "",
  "clientObjectId": 6,
  "updNumber": null,
  "updDate": null,
  "contract": null,
  "workAddress": "фффф",
  "bidType": {
    "id": 1,
    "name": "Выдача оборудования без преднастройки и монтажа",
    "description": "Выдача оборудования без преднастройки и монтажа",
    "statuses": [
      {
        "name": "Открыта",
        "color": "#c75a5a",
        "position": 1,
        "allowedActions": [
          "edit"
        ],
        "responsibleRoleId": "14"
      },
      {
        "name": "Собрать",
        "color": "#3b82f6",
        "position": 2,
        "allowedActions": [
          "edit",
          "close"
        ],
        "responsibleRoleId": "3",
        "responsibleUserId": null
      },
      {
        "name": "Отложить",
        "color": "#eab308",
        "position": 3,
        "allowedActions": [],
        "responsibleUserId": null
      },
      {
        "name": "Закрыта",
        "color": "#7a7777",
        "position": 999,
        "allowedActions": []
      }
    ],
    "transitions": [
      {
        "toPosition": 2,
        "fromPosition": 1
      },
      {
        "toPosition": 3,
        "fromPosition": 1
      },
      {
        "toPosition": 3,
        "fromPosition": 2
      },
      {
        "toPosition": 999,
        "fromPosition": 2
      }
    ],
    "plannedReactionTimeMinutes": 60,
    "plannedDurationMinutes": "1440",
    "createdAt": "2026-02-04T10:11:35.846Z",
    "updatedAt": "2026-02-08T12:49:49.376Z"
  },
  "bidTypeName": "Выдача оборудования без преднастройки и монтажа",
  "bidTypeStatuses": [
    {
      "name": "Открыта",
      "color": "#c75a5a",
      "position": 1,
      "allowedActions": [
        "edit"
      ],
      "responsibleRoleId": "14"
    },
    {
      "name": "Собрать",
      "color": "#3b82f6",
      "position": 2,
      "allowedActions": [
        "edit",
        "close"
      ],
      "responsibleRoleId": "3",
      "responsibleUserId": null
    },
    {
      "name": "Отложить",
      "color": "#eab308",
      "position": 3,
      "allowedActions": [],
      "responsibleUserId": null
    },
    {
      "name": "Закрыта",
      "color": "#7a7777",
      "position": 999,
      "allowedActions": []
    }
  ],
  "bidTypeResponsibleName": "Не указан",
  "currentResponsibleUserId": null,
  "clientResponsibleName": "Не указан",
  "creatorName": "Беляев Сергей",
  "createdAt": "2026-02-12T12:58:23.735Z",
  "updatedAt": "2026-02-12T12:58:23.735Z",
  "statusMetadata": {
    "responsibleSpecialist": null,
    "deadlines": {
      "processingTime": "5 рабочих дней",
      "deadline": "2026-02-17T13:32:52.494Z"
    },
    "necessaryActions": [
      "Редактирование заявки"
    ],
    "additionalResources": [
      "Общие ресурсы"
    ],
    "notifications": [
      "Стандартное уведомление"
    ]
  }
}

[2026-02-12T13:32:54.794Z] Обновление заявки ID: 20
{
  "updNumber": "укпвапва"
}

[2026-02-12T13:32:55.075Z] Отправка данных заявки ID: 20
{
  "clientId": 5,
  "clientName": "Уваровская Нива",
  "tema": "Тест тираж",
  "amount": 0,
  "status": "Открыта",
  "description": "",
  "clientObjectId": null,
  "updNumber": "укпвапва",
  "updDate": null,
  "contract": null,
  "workAddress": "фффф",
  "bidType": {
    "id": 1,
    "name": "Выдача оборудования без преднастройки и монтажа",
    "description": "Выдача оборудования без преднастройки и монтажа",
    "statuses": [
      {
        "name": "Открыта",
        "color": "#c75a5a",
        "position": 1,
        "allowedActions": [
          "edit"
        ],
        "responsibleRoleId": "14"
      },
      {
        "name": "Собрать",
        "color": "#3b82f6",
        "position": 2,
        "allowedActions": [
          "edit",
          "close"
        ],
        "responsibleRoleId": "3",
        "responsibleUserId": null
      },
      {
        "name": "Отложить",
        "color": "#eab308",
        "position": 3,
        "allowedActions": [],
        "responsibleUserId": null
      },
      {
        "name": "Закрыта",
        "color": "#7a7777",
        "position": 999,
        "allowedActions": []
      }
    ],
    "transitions": [
      {
        "toPosition": 2,
        "fromPosition": 1
      },
      {
        "toPosition": 3,
        "fromPosition": 1
      },
      {
        "toPosition": 3,
        "fromPosition": 2
      },
      {
        "toPosition": 999,
        "fromPosition": 2
      }
    ],
    "plannedReactionTimeMinutes": 60,
    "plannedDurationMinutes": "1440",
    "createdAt": "2026-02-04T10:11:35.846Z",
    "updatedAt": "2026-02-08T12:49:49.376Z"
  },
  "bidTypeName": "Выдача оборудования без преднастройки и монтажа",
  "bidTypeStatuses": [
    {
      "name": "Открыта",
      "color": "#c75a5a",
      "position": 1,
      "allowedActions": [
        "edit"
      ],
      "responsibleRoleId": "14"
    },
    {
      "name": "Собрать",
      "color": "#3b82f6",
      "position": 2,
      "allowedActions": [
        "edit",
        "close"
      ],
      "responsibleRoleId": "3",
      "responsibleUserId": null
    },
    {
      "name": "Отложить",
      "color": "#eab308",
      "position": 3,
      "allowedActions": [],
      "responsibleUserId": null
    },
    {
      "name": "Закрыта",
      "color": "#7a7777",
      "position": 999,
      "allowedActions": []
    }
  ],
  "bidTypeResponsibleName": "Не указан",
  "currentResponsibleUserId": null,
  "clientResponsibleName": "Не указан",
  "creatorName": "Беляев Сергей",
  "createdAt": "2026-02-12T12:58:23.735Z",
  "updatedAt": "2026-02-12T13:32:54.802Z",
  "statusMetadata": {
    "responsibleSpecialist": null,
    "deadlines": {
      "processingTime": "5 рабочих дней",
      "deadline": "2026-02-17T13:32:55.074Z"
    },
    "necessaryActions": [
      "Редактирование заявки"
    ],
    "additionalResources": [
      "Общие ресурсы"
    ],
    "notifications": [
      "Стандартное уведомление"
    ]
  }
}

[2026-02-12T13:32:58.775Z] Отправка данных заявки ID: 20
{
  "clientId": 5,
  "clientName": "Уваровская Нива",
  "tema": "Тест тираж",
  "amount": 0,
  "status": "Открыта",
  "description": "",
  "clientObjectId": null,
  "updNumber": "укпвапва",
  "updDate": null,
  "contract": null,
  "workAddress": "фффф",
  "bidType": {
    "id": 1,
    "name": "Выдача оборудования без преднастройки и монтажа",
    "description": "Выдача оборудования без преднастройки и монтажа",
    "statuses": [
      {
        "name": "Открыта",
        "color": "#c75a5a",
        "position": 1,
        "allowedActions": [
          "edit"
        ],
        "responsibleRoleId": "14"
      },
      {
        "name": "Собрать",
        "color": "#3b82f6",
        "position": 2,
        "allowedActions": [
          "edit",
          "close"
        ],
        "responsibleRoleId": "3",
        "responsibleUserId": null
      },
      {
        "name": "Отложить",
        "color": "#eab308",
        "position": 3,
        "allowedActions": [],
        "responsibleUserId": null
      },
      {
        "name": "Закрыта",
        "color": "#7a7777",
        "position": 999,
        "allowedActions": []
      }
    ],
    "transitions": [
      {
        "toPosition": 2,
        "fromPosition": 1
      },
      {
        "toPosition": 3,
        "fromPosition": 1
      },
      {
        "toPosition": 3,
        "fromPosition": 2
      },
      {
        "toPosition": 999,
        "fromPosition": 2
      }
    ],
    "plannedReactionTimeMinutes": 60,
    "plannedDurationMinutes": "1440",
    "createdAt": "2026-02-04T10:11:35.846Z",
    "updatedAt": "2026-02-08T12:49:49.376Z"
  },
  "bidTypeName": "Выдача оборудования без преднастройки и монтажа",
  "bidTypeStatuses": [
    {
      "name": "Открыта",
      "color": "#c75a5a",
      "position": 1,
      "allowedActions": [
        "edit"
      ],
      "responsibleRoleId": "14"
    },
    {
      "name": "Собрать",
      "color": "#3b82f6",
      "position": 2,
      "allowedActions": [
        "edit",
        "close"
      ],
      "responsibleRoleId": "3",
      "responsibleUserId": null
    },
    {
      "name": "Отложить",
      "color": "#eab308",
      "position": 3,
      "allowedActions": [],
      "responsibleUserId": null
    },
    {
      "name": "Закрыта",
      "color": "#7a7777",
      "position": 999,
      "allowedActions": []
    }
  ],
  "bidTypeResponsibleName": "Не указан",
  "currentResponsibleUserId": null,
  "clientResponsibleName": "Не указан",
  "creatorName": "Беляев Сергей",
  "createdAt": "2026-02-12T12:58:23.735Z",
  "updatedAt": "2026-02-12T13:32:54.802Z",
  "statusMetadata": {
    "responsibleSpecialist": null,
    "deadlines": {
      "processingTime": "5 рабочих дней",
      "deadline": "2026-02-17T13:32:58.774Z"
    },
    "necessaryActions": [
      "Редактирование заявки"
    ],
    "additionalResources": [
      "Общие ресурсы"
    ],
    "notifications": [
      "Стандартное уведомление"
    ]
  }
}

[2026-02-12T13:32:59.708Z] Отправка данных заявки ID: 20
{
  "clientId": 5,
  "clientName": "Уваровская Нива",
  "tema": "Тест тираж",
  "amount": 0,
  "status": "Открыта",
  "description": "",
  "clientObjectId": null,
  "updNumber": "укпвапва",
  "updDate": null,
  "contract": null,
  "workAddress": "фффф",
  "bidType": {
    "id": 1,
    "name": "Выдача оборудования без преднастройки и монтажа",
    "description": "Выдача оборудования без преднастройки и монтажа",
    "statuses": [
      {
        "name": "Открыта",
        "color": "#c75a5a",
        "position": 1,
        "allowedActions": [
          "edit"
        ],
        "responsibleRoleId": "14"
      },
      {
        "name": "Собрать",
        "color": "#3b82f6",
        "position": 2,
        "allowedActions": [
          "edit",
          "close"
        ],
        "responsibleRoleId": "3",
        "responsibleUserId": null
      },
      {
        "name": "Отложить",
        "color": "#eab308",
        "position": 3,
        "allowedActions": [],
        "responsibleUserId": null
      },
      {
        "name": "Закрыта",
        "color": "#7a7777",
        "position": 999,
        "allowedActions": []
      }
    ],
    "transitions": [
      {
        "toPosition": 2,
        "fromPosition": 1
      },
      {
        "toPosition": 3,
        "fromPosition": 1
      },
      {
        "toPosition": 3,
        "fromPosition": 2
      },
      {
        "toPosition": 999,
        "fromPosition": 2
      }
    ],
    "plannedReactionTimeMinutes": 60,
    "plannedDurationMinutes": "1440",
    "createdAt": "2026-02-04T10:11:35.846Z",
    "updatedAt": "2026-02-08T12:49:49.376Z"
  },
  "bidTypeName": "Выдача оборудования без преднастройки и монтажа",
  "bidTypeStatuses": [
    {
      "name": "Открыта",
      "color": "#c75a5a",
      "position": 1,
      "allowedActions": [
        "edit"
      ],
      "responsibleRoleId": "14"
    },
    {
      "name": "Собрать",
      "color": "#3b82f6",
      "position": 2,
      "allowedActions": [
        "edit",
        "close"
      ],
      "responsibleRoleId": "3",
      "responsibleUserId": null
    },
    {
      "name": "Отложить",
      "color": "#eab308",
      "position": 3,
      "allowedActions": [],
      "responsibleUserId": null
    },
    {
      "name": "Закрыта",
      "color": "#7a7777",
      "position": 999,
      "allowedActions": []
    }
  ],
  "bidTypeResponsibleName": "Не указан",
  "currentResponsibleUserId": null,
  "clientResponsibleName": "Не указан",
  "creatorName": "Беляев Сергей",
  "createdAt": "2026-02-12T12:58:23.735Z",
  "updatedAt": "2026-02-12T13:32:54.802Z",
  "statusMetadata": {
    "responsibleSpecialist": null,
    "deadlines": {
      "processingTime": "5 рабочих дней",
      "deadline": "2026-02-17T13:32:59.707Z"
    },
    "necessaryActions": [
      "Редактирование заявки"
    ],
    "additionalResources": [
      "Общие ресурсы"
    ],
    "notifications": [
      "Стандартное уведомление"
    ]
  }
}

[2026-02-12T13:33:00.700Z] Обновление заявки ID: 20
{
  "updNumber": "укпвапва"
}

[2026-02-12T13:33:01.060Z] Отправка данных заявки ID: 20
{
  "clientId": 5,
  "clientName": "Уваровская Нива",
  "tema": "Тест тираж",
  "amount": 0,
  "status": "Открыта",
  "description": "",
  "clientObjectId": null,
  "updNumber": "укпвапва",
  "updDate": null,
  "contract": null,
  "workAddress": "фффф",
  "bidType": {
    "id": 1,
    "name": "Выдача оборудования без преднастройки и монтажа",
    "description": "Выдача оборудования без преднастройки и монтажа",
    "statuses": [
      {
        "name": "Открыта",
        "color": "#c75a5a",
        "position": 1,
        "allowedActions": [
          "edit"
        ],
        "responsibleRoleId": "14"
      },
      {
        "name": "Собрать",
        "color": "#3b82f6",
        "position": 2,
        "allowedActions": [
          "edit",
          "close"
        ],
        "responsibleRoleId": "3",
        "responsibleUserId": null
      },
      {
        "name": "Отложить",
        "color": "#eab308",
        "position": 3,
        "allowedActions": [],
        "responsibleUserId": null
      },
      {
        "name": "Закрыта",
        "color": "#7a7777",
        "position": 999,
        "allowedActions": []
      }
    ],
    "transitions": [
      {
        "toPosition": 2,
        "fromPosition": 1
      },
      {
        "toPosition": 3,
        "fromPosition": 1
      },
      {
        "toPosition": 3,
        "fromPosition": 2
      },
      {
        "toPosition": 999,
        "fromPosition": 2
      }
    ],
    "plannedReactionTimeMinutes": 60,
    "plannedDurationMinutes": "1440",
    "createdAt": "2026-02-04T10:11:35.846Z",
    "updatedAt": "2026-02-08T12:49:49.376Z"
  },
  "bidTypeName": "Выдача оборудования без преднастройки и монтажа",
  "bidTypeStatuses": [
    {
      "name": "Открыта",
      "color": "#c75a5a",
      "position": 1,
      "allowedActions": [
        "edit"
      ],
      "responsibleRoleId": "14"
    },
    {
      "name": "Собрать",
      "color": "#3b82f6",
      "position": 2,
      "allowedActions": [
        "edit",
        "close"
      ],
      "responsibleRoleId": "3",
      "responsibleUserId": null
    },
    {
      "name": "Отложить",
      "color": "#eab308",
      "position": 3,
      "allowedActions": [],
      "responsibleUserId": null
    },
    {
      "name": "Закрыта",
      "color": "#7a7777",
      "position": 999,
      "allowedActions": []
    }
  ],
  "bidTypeResponsibleName": "Не указан",
  "currentResponsibleUserId": null,
  "clientResponsibleName": "Не указан",
  "creatorName": "Беляев Сергей",
  "createdAt": "2026-02-12T12:58:23.735Z",
  "updatedAt": "2026-02-12T13:33:00.705Z",
  "statusMetadata": {
    "responsibleSpecialist": null,
    "deadlines": {
      "processingTime": "5 рабочих дней",
      "deadline": "2026-02-17T13:33:01.059Z"
    },
    "necessaryActions": [
      "Редактирование заявки"
    ],
    "additionalResources": [
      "Общие ресурсы"
    ],
    "notifications": [
      "Стандартное уведомление"
    ]
  }
}

[2026-02-12T13:33:39.154Z] Отправка данных заявки ID: 20
{
  "clientId": 5,
  "clientName": "Уваровская Нива",
  "tema": "Тест тираж",
  "amount": 0,
  "status": "Открыта",
  "description": "",
  "clientObjectId": null,
  "updNumber": "укпвапва",
  "updDate": null,
  "contract": null,
  "workAddress": "фффф",
  "bidType": {
    "id": 1,
    "name": "Выдача оборудования без преднастройки и монтажа",
    "description": "Выдача оборудования без преднастройки и монтажа",
    "statuses": [
      {
        "name": "Открыта",
        "color": "#c75a5a",
        "position": 1,
        "allowedActions": [
          "edit"
        ],
        "responsibleRoleId": "14"
      },
      {
        "name": "Собрать",
        "color": "#3b82f6",
        "position": 2,
        "allowedActions": [
          "edit",
          "close"
        ],
        "responsibleRoleId": "3",
        "responsibleUserId": null
      },
      {
        "name": "Отложить",
        "color": "#eab308",
        "position": 3,
        "allowedActions": [],
        "responsibleUserId": null
      },
      {
        "name": "Закрыта",
        "color": "#7a7777",
        "position": 999,
        "allowedActions": []
      }
    ],
    "transitions": [
      {
        "toPosition": 2,
        "fromPosition": 1
      },
      {
        "toPosition": 3,
        "fromPosition": 1
      },
      {
        "toPosition": 3,
        "fromPosition": 2
      },
      {
        "toPosition": 999,
        "fromPosition": 2
      }
    ],
    "plannedReactionTimeMinutes": 60,
    "plannedDurationMinutes": "1440",
    "createdAt": "2026-02-04T10:11:35.846Z",
    "updatedAt": "2026-02-08T12:49:49.376Z"
  },
  "bidTypeName": "Выдача оборудования без преднастройки и монтажа",
  "bidTypeStatuses": [
    {
      "name": "Открыта",
      "color": "#c75a5a",
      "position": 1,
      "allowedActions": [
        "edit"
      ],
      "responsibleRoleId": "14"
    },
    {
      "name": "Собрать",
      "color": "#3b82f6",
      "position": 2,
      "allowedActions": [
        "edit",
        "close"
      ],
      "responsibleRoleId": "3",
      "responsibleUserId": null
    },
    {
      "name": "Отложить",
      "color": "#eab308",
      "position": 3,
      "allowedActions": [],
      "responsibleUserId": null
    },
    {
      "name": "Закрыта",
      "color": "#7a7777",
      "position": 999,
      "allowedActions": []
    }
  ],
  "bidTypeResponsibleName": "Не указан",
  "currentResponsibleUserId": null,
  "clientResponsibleName": "Не указан",
  "creatorName": "Беляев Сергей",
  "createdAt": "2026-02-12T12:58:23.735Z",
  "updatedAt": "2026-02-12T13:33:00.705Z",
  "statusMetadata": {
    "responsibleSpecialist": null,
    "deadlines": {
      "processingTime": "5 рабочих дней",
      "deadline": "2026-02-17T13:33:39.154Z"
    },
    "necessaryActions": [
      "Редактирование заявки"
    ],
    "additionalResources": [
      "Общие ресурсы"
    ],
    "notifications": [
      "Стандартное уведомление"
    ]
  }
}

[2026-02-12T13:33:40.190Z] Отправка данных заявки ID: 20
{
  "clientId": 5,
  "clientName": "Уваровская Нива",
  "tema": "Тест тираж",
  "amount": 0,
  "status": "Открыта",
  "description": "",
  "clientObjectId": null,
  "updNumber": "укпвапва",
  "updDate": null,
  "contract": null,
  "workAddress": "фффф",
  "bidType": {
    "id": 1,
    "name": "Выдача оборудования без преднастройки и монтажа",
    "description": "Выдача оборудования без преднастройки и монтажа",
    "statuses": [
      {
        "name": "Открыта",
        "color": "#c75a5a",
        "position": 1,
        "allowedActions": [
          "edit"
        ],
        "responsibleRoleId": "14"
      },
      {
        "name": "Собрать",
        "color": "#3b82f6",
        "position": 2,
        "allowedActions": [
          "edit",
          "close"
        ],
        "responsibleRoleId": "3",
        "responsibleUserId": null
      },
      {
        "name": "Отложить",
        "color": "#eab308",
        "position": 3,
        "allowedActions": [],
        "responsibleUserId": null
      },
      {
        "name": "Закрыта",
        "color": "#7a7777",
        "position": 999,
        "allowedActions": []
      }
    ],
    "transitions": [
      {
        "toPosition": 2,
        "fromPosition": 1
      },
      {
        "toPosition": 3,
        "fromPosition": 1
      },
      {
        "toPosition": 3,
        "fromPosition": 2
      },
      {
        "toPosition": 999,
        "fromPosition": 2
      }
    ],
    "plannedReactionTimeMinutes": 60,
    "plannedDurationMinutes": "1440",
    "createdAt": "2026-02-04T10:11:35.846Z",
    "updatedAt": "2026-02-08T12:49:49.376Z"
  },
  "bidTypeName": "Выдача оборудования без преднастройки и монтажа",
  "bidTypeStatuses": [
    {
      "name": "Открыта",
      "color": "#c75a5a",
      "position": 1,
      "allowedActions": [
        "edit"
      ],
      "responsibleRoleId": "14"
    },
    {
      "name": "Собрать",
      "color": "#3b82f6",
      "position": 2,
      "allowedActions": [
        "edit",
        "close"
      ],
      "responsibleRoleId": "3",
      "responsibleUserId": null
    },
    {
      "name": "Отложить",
      "color": "#eab308",
      "position": 3,
      "allowedActions": [],
      "responsibleUserId": null
    },
    {
      "name": "Закрыта",
      "color": "#7a7777",
      "position": 999,
      "allowedActions": []
    }
  ],
  "bidTypeResponsibleName": "Не указан",
  "currentResponsibleUserId": null,
  "clientResponsibleName": "Не указан",
  "creatorName": "Беляев Сергей",
  "createdAt": "2026-02-12T12:58:23.735Z",
  "updatedAt": "2026-02-12T13:33:00.705Z",
  "statusMetadata": {
    "responsibleSpecialist": null,
    "deadlines": {
      "processingTime": "5 рабочих дней",
      "deadline": "2026-02-17T13:33:40.190Z"
    },
    "necessaryActions": [
      "Редактирование заявки"
    ],
    "additionalResources": [
      "Общие ресурсы"
    ],
    "notifications": [
      "Стандартное уведомление"
    ]
  }
}

[2026-02-12T13:35:01.225Z] Отправка данных заявки ID: 20
{
  "clientId": 5,
  "clientName": "Уваровская Нива",
  "tema": "Тест тираж",
  "amount": 0,
  "status": "Открыта",
  "description": "",
  "clientObjectId": null,
  "updNumber": "укпвапва",
  "updDate": null,
  "contract": null,
  "workAddress": "фффф",
  "bidType": {
    "id": 1,
    "name": "Выдача оборудования без преднастройки и монтажа",
    "description": "Выдача оборудования без преднастройки и монтажа",
    "statuses": [
      {
        "name": "Открыта",
        "color": "#c75a5a",
        "position": 1,
        "allowedActions": [
          "edit"
        ],
        "responsibleRoleId": "14"
      },
      {
        "name": "Собрать",
        "color": "#3b82f6",
        "position": 2,
        "allowedActions": [
          "edit",
          "close"
        ],
        "responsibleRoleId": "3",
        "responsibleUserId": null
      },
      {
        "name": "Отложить",
        "color": "#eab308",
        "position": 3,
        "allowedActions": [],
        "responsibleUserId": null
      },
      {
        "name": "Закрыта",
        "color": "#7a7777",
        "position": 999,
        "allowedActions": []
      }
    ],
    "transitions": [
      {
        "toPosition": 2,
        "fromPosition": 1
      },
      {
        "toPosition": 3,
        "fromPosition": 1
      },
      {
        "toPosition": 3,
        "fromPosition": 2
      },
      {
        "toPosition": 999,
        "fromPosition": 2
      }
    ],
    "plannedReactionTimeMinutes": 60,
    "plannedDurationMinutes": "1440",
    "createdAt": "2026-02-04T10:11:35.846Z",
    "updatedAt": "2026-02-08T12:49:49.376Z"
  },
  "bidTypeName": "Выдача оборудования без преднастройки и монтажа",
  "bidTypeStatuses": [
    {
      "name": "Открыта",
      "color": "#c75a5a",
      "position": 1,
      "allowedActions": [
        "edit"
      ],
      "responsibleRoleId": "14"
    },
    {
      "name": "Собрать",
      "color": "#3b82f6",
      "position": 2,
      "allowedActions": [
        "edit",
        "close"
      ],
      "responsibleRoleId": "3",
      "responsibleUserId": null
    },
    {
      "name": "Отложить",
      "color": "#eab308",
      "position": 3,
      "allowedActions": [],
      "responsibleUserId": null
    },
    {
      "name": "Закрыта",
      "color": "#7a7777",
      "position": 999,
      "allowedActions": []
    }
  ],
  "bidTypeResponsibleName": "Не указан",
  "currentResponsibleUserId": null,
  "clientResponsibleName": "Не указан",
  "creatorName": "Беляев Сергей",
  "createdAt": "2026-02-12T12:58:23.735Z",
  "updatedAt": "2026-02-12T13:33:00.705Z",
  "statusMetadata": {
    "responsibleSpecialist": null,
    "deadlines": {
      "processingTime": "5 рабочих дней",
      "deadline": "2026-02-17T13:35:01.224Z"
    },
    "necessaryActions": [
      "Редактирование заявки"
    ],
    "additionalResources": [
      "Общие ресурсы"
    ],
    "notifications": [
      "Стандартное уведомление"
    ]
  }
}

[2026-02-12T13:35:02.167Z] Отправка данных заявки ID: 20
{
  "clientId": 5,
  "clientName": "Уваровская Нива",
  "tema": "Тест тираж",
  "amount": 0,
  "status": "Открыта",
  "description": "",
  "clientObjectId": null,
  "updNumber": "укпвапва",
  "updDate": null,
  "contract": null,
  "workAddress": "фффф",
  "bidType": {
    "id": 1,
    "name": "Выдача оборудования без преднастройки и монтажа",
    "description": "Выдача оборудования без преднастройки и монтажа",
    "statuses": [
      {
        "name": "Открыта",
        "color": "#c75a5a",
        "position": 1,
        "allowedActions": [
          "edit"
        ],
        "responsibleRoleId": "14"
      },
      {
        "name": "Собрать",
        "color": "#3b82f6",
        "position": 2,
        "allowedActions": [
          "edit",
          "close"
        ],
        "responsibleRoleId": "3",
        "responsibleUserId": null
      },
      {
        "name": "Отложить",
        "color": "#eab308",
        "position": 3,
        "allowedActions": [],
        "responsibleUserId": null
      },
      {
        "name": "Закрыта",
        "color": "#7a7777",
        "position": 999,
        "allowedActions": []
      }
    ],
    "transitions": [
      {
        "toPosition": 2,
        "fromPosition": 1
      },
      {
        "toPosition": 3,
        "fromPosition": 1
      },
      {
        "toPosition": 3,
        "fromPosition": 2
      },
      {
        "toPosition": 999,
        "fromPosition": 2
      }
    ],
    "plannedReactionTimeMinutes": 60,
    "plannedDurationMinutes": "1440",
    "createdAt": "2026-02-04T10:11:35.846Z",
    "updatedAt": "2026-02-08T12:49:49.376Z"
  },
  "bidTypeName": "Выдача оборудования без преднастройки и монтажа",
  "bidTypeStatuses": [
    {
      "name": "Открыта",
      "color": "#c75a5a",
      "position": 1,
      "allowedActions": [
        "edit"
      ],
      "responsibleRoleId": "14"
    },
    {
      "name": "Собрать",
      "color": "#3b82f6",
      "position": 2,
      "allowedActions": [
        "edit",
        "close"
      ],
      "responsibleRoleId": "3",
      "responsibleUserId": null
    },
    {
      "name": "Отложить",
      "color": "#eab308",
      "position": 3,
      "allowedActions": [],
      "responsibleUserId": null
    },
    {
      "name": "Закрыта",
      "color": "#7a7777",
      "position": 999,
      "allowedActions": []
    }
  ],
  "bidTypeResponsibleName": "Не указан",
  "currentResponsibleUserId": null,
  "clientResponsibleName": "Не указан",
  "creatorName": "Беляев Сергей",
  "createdAt": "2026-02-12T12:58:23.735Z",
  "updatedAt": "2026-02-12T13:33:00.705Z",
  "statusMetadata": {
    "responsibleSpecialist": null,
    "deadlines": {
      "processingTime": "5 рабочих дней",
      "deadline": "2026-02-17T13:35:02.166Z"
    },
    "necessaryActions": [
      "Редактирование заявки"
    ],
    "additionalResources": [
      "Общие ресурсы"
    ],
    "notifications": [
      "Стандартное уведомление"
    ]
  }
}

[2026-02-12T13:35:04.367Z] Обновление заявки ID: 20
{
  "updNumber": "укпвапваыв"
}

[2026-02-12T13:35:04.624Z] Отправка данных заявки ID: 20
{
  "clientId": 5,
  "clientName": "Уваровская Нива",
  "tema": "Тест тираж",
  "amount": 0,
  "status": "Открыта",
  "description": "",
  "clientObjectId": null,
  "updNumber": "укпвапваыв",
  "updDate": null,
  "contract": null,
  "workAddress": "фффф",
  "bidType": {
    "id": 1,
    "name": "Выдача оборудования без преднастройки и монтажа",
    "description": "Выдача оборудования без преднастройки и монтажа",
    "statuses": [
      {
        "name": "Открыта",
        "color": "#c75a5a",
        "position": 1,
        "allowedActions": [
          "edit"
        ],
        "responsibleRoleId": "14"
      },
      {
        "name": "Собрать",
        "color": "#3b82f6",
        "position": 2,
        "allowedActions": [
          "edit",
          "close"
        ],
        "responsibleRoleId": "3",
        "responsibleUserId": null
      },
      {
        "name": "Отложить",
        "color": "#eab308",
        "position": 3,
        "allowedActions": [],
        "responsibleUserId": null
      },
      {
        "name": "Закрыта",
        "color": "#7a7777",
        "position": 999,
        "allowedActions": []
      }
    ],
    "transitions": [
      {
        "toPosition": 2,
        "fromPosition": 1
      },
      {
        "toPosition": 3,
        "fromPosition": 1
      },
      {
        "toPosition": 3,
        "fromPosition": 2
      },
      {
        "toPosition": 999,
        "fromPosition": 2
      }
    ],
    "plannedReactionTimeMinutes": 60,
    "plannedDurationMinutes": "1440",
    "createdAt": "2026-02-04T10:11:35.846Z",
    "updatedAt": "2026-02-08T12:49:49.376Z"
  },
  "bidTypeName": "Выдача оборудования без преднастройки и монтажа",
  "bidTypeStatuses": [
    {
      "name": "Открыта",
      "color": "#c75a5a",
      "position": 1,
      "allowedActions": [
        "edit"
      ],
      "responsibleRoleId": "14"
    },
    {
      "name": "Собрать",
      "color": "#3b82f6",
      "position": 2,
      "allowedActions": [
        "edit",
        "close"
      ],
      "responsibleRoleId": "3",
      "responsibleUserId": null
    },
    {
      "name": "Отложить",
      "color": "#eab308",
      "position": 3,
      "allowedActions": [],
      "responsibleUserId": null
    },
    {
      "name": "Закрыта",
      "color": "#7a7777",
      "position": 999,
      "allowedActions": []
    }
  ],
  "bidTypeResponsibleName": "Не указан",
  "currentResponsibleUserId": null,
  "clientResponsibleName": "Не указан",
  "creatorName": "Беляев Сергей",
  "createdAt": "2026-02-12T12:58:23.735Z",
  "updatedAt": "2026-02-12T13:35:04.371Z",
  "statusMetadata": {
    "responsibleSpecialist": null,
    "deadlines": {
      "processingTime": "5 рабочих дней",
      "deadline": "2026-02-17T13:35:04.624Z"
    },
    "necessaryActions": [
      "Редактирование заявки"
    ],
    "additionalResources": [
      "Общие ресурсы"
    ],
    "notifications": [
      "Стандартное уведомление"
    ]
  }
}

[2026-02-12T13:36:37.412Z] Отправка данных заявки ID: 20
{
  "clientId": 5,
  "clientName": "Уваровская Нива",
  "tema": "Тест тираж",
  "amount": 0,
  "status": "Открыта",
  "description": "",
  "clientObjectId": null,
  "updNumber": "укпвапваыв",
  "updDate": null,
  "contract": null,
  "workAddress": "фффф",
  "bidType": {
    "id": 1,
    "name": "Выдача оборудования без преднастройки и монтажа",
    "description": "Выдача оборудования без преднастройки и монтажа",
    "statuses": [
      {
        "name": "Открыта",
        "color": "#c75a5a",
        "position": 1,
        "allowedActions": [
          "edit"
        ],
        "responsibleRoleId": "14"
      },
      {
        "name": "Собрать",
        "color": "#3b82f6",
        "position": 2,
        "allowedActions": [
          "edit",
          "close"
        ],
        "responsibleRoleId": "3",
        "responsibleUserId": null
      },
      {
        "name": "Отложить",
        "color": "#eab308",
        "position": 3,
        "allowedActions": [],
        "responsibleUserId": null
      },
      {
        "name": "Закрыта",
        "color": "#7a7777",
        "position": 999,
        "allowedActions": []
      }
    ],
    "transitions": [
      {
        "toPosition": 2,
        "fromPosition": 1
      },
      {
        "toPosition": 3,
        "fromPosition": 1
      },
      {
        "toPosition": 3,
        "fromPosition": 2
      },
      {
        "toPosition": 999,
        "fromPosition": 2
      }
    ],
    "plannedReactionTimeMinutes": 60,
    "plannedDurationMinutes": "1440",
    "createdAt": "2026-02-04T10:11:35.846Z",
    "updatedAt": "2026-02-08T12:49:49.376Z"
  },
  "bidTypeName": "Выдача оборудования без преднастройки и монтажа",
  "bidTypeStatuses": [
    {
      "name": "Открыта",
      "color": "#c75a5a",
      "position": 1,
      "allowedActions": [
        "edit"
      ],
      "responsibleRoleId": "14"
    },
    {
      "name": "Собрать",
      "color": "#3b82f6",
      "position": 2,
      "allowedActions": [
        "edit",
        "close"
      ],
      "responsibleRoleId": "3",
      "responsibleUserId": null
    },
    {
      "name": "Отложить",
      "color": "#eab308",
      "position": 3,
      "allowedActions": [],
      "responsibleUserId": null
    },
    {
      "name": "Закрыта",
      "color": "#7a7777",
      "position": 999,
      "allowedActions": []
    }
  ],
  "bidTypeResponsibleName": "Не указан",
  "currentResponsibleUserId": null,
  "clientResponsibleName": "Не указан",
  "creatorName": "Беляев Сергей",
  "createdAt": "2026-02-12T12:58:23.735Z",
  "updatedAt": "2026-02-12T13:35:04.371Z",
  "statusMetadata": {
    "responsibleSpecialist": null,
    "deadlines": {
      "processingTime": "5 рабочих дней",
      "deadline": "2026-02-17T13:36:37.411Z"
    },
    "necessaryActions": [
      "Редактирование заявки"
    ],
    "additionalResources": [
      "Общие ресурсы"
    ],
    "notifications": [
      "Стандартное уведомление"
    ]
  }
}

[2026-02-12T13:36:38.367Z] Отправка данных заявки ID: 20
{
  "clientId": 5,
  "clientName": "Уваровская Нива",
  "tema": "Тест тираж",
  "amount": 0,
  "status": "Открыта",
  "description": "",
  "clientObjectId": null,
  "updNumber": "укпвапваыв",
  "updDate": null,
  "contract": null,
  "workAddress": "фффф",
  "bidType": {
    "id": 1,
    "name": "Выдача оборудования без преднастройки и монтажа",
    "description": "Выдача оборудования без преднастройки и монтажа",
    "statuses": [
      {
        "name": "Открыта",
        "color": "#c75a5a",
        "position": 1,
        "allowedActions": [
          "edit"
        ],
        "responsibleRoleId": "14"
      },
      {
        "name": "Собрать",
        "color": "#3b82f6",
        "position": 2,
        "allowedActions": [
          "edit",
          "close"
        ],
        "responsibleRoleId": "3",
        "responsibleUserId": null
      },
      {
        "name": "Отложить",
        "color": "#eab308",
        "position": 3,
        "allowedActions": [],
        "responsibleUserId": null
      },
      {
        "name": "Закрыта",
        "color": "#7a7777",
        "position": 999,
        "allowedActions": []
      }
    ],
    "transitions": [
      {
        "toPosition": 2,
        "fromPosition": 1
      },
      {
        "toPosition": 3,
        "fromPosition": 1
      },
      {
        "toPosition": 3,
        "fromPosition": 2
      },
      {
        "toPosition": 999,
        "fromPosition": 2
      }
    ],
    "plannedReactionTimeMinutes": 60,
    "plannedDurationMinutes": "1440",
    "createdAt": "2026-02-04T10:11:35.846Z",
    "updatedAt": "2026-02-08T12:49:49.376Z"
  },
  "bidTypeName": "Выдача оборудования без преднастройки и монтажа",
  "bidTypeStatuses": [
    {
      "name": "Открыта",
      "color": "#c75a5a",
      "position": 1,
      "allowedActions": [
        "edit"
      ],
      "responsibleRoleId": "14"
    },
    {
      "name": "Собрать",
      "color": "#3b82f6",
      "position": 2,
      "allowedActions": [
        "edit",
        "close"
      ],
      "responsibleRoleId": "3",
      "responsibleUserId": null
    },
    {
      "name": "Отложить",
      "color": "#eab308",
      "position": 3,
      "allowedActions": [],
      "responsibleUserId": null
    },
    {
      "name": "Закрыта",
      "color": "#7a7777",
      "position": 999,
      "allowedActions": []
    }
  ],
  "bidTypeResponsibleName": "Не указан",
  "currentResponsibleUserId": null,
  "clientResponsibleName": "Не указан",
  "creatorName": "Беляев Сергей",
  "createdAt": "2026-02-12T12:58:23.735Z",
  "updatedAt": "2026-02-12T13:35:04.371Z",
  "statusMetadata": {
    "responsibleSpecialist": null,
    "deadlines": {
      "processingTime": "5 рабочих дней",
      "deadline": "2026-02-17T13:36:38.367Z"
    },
    "necessaryActions": [
      "Редактирование заявки"
    ],
    "additionalResources": [
      "Общие ресурсы"
    ],
    "notifications": [
      "Стандартное уведомление"
    ]
  }
}

[2026-02-12T13:36:39.201Z] Отправка данных заявки ID: 20
{
  "clientId": 5,
  "clientName": "Уваровская Нива",
  "tema": "Тест тираж",
  "amount": 0,
  "status": "Открыта",
  "description": "",
  "clientObjectId": null,
  "updNumber": "укпвапваыв",
  "updDate": null,
  "contract": null,
  "workAddress": "фффф",
  "bidType": {
    "id": 1,
    "name": "Выдача оборудования без преднастройки и монтажа",
    "description": "Выдача оборудования без преднастройки и монтажа",
    "statuses": [
      {
        "name": "Открыта",
        "color": "#c75a5a",
        "position": 1,
        "allowedActions": [
          "edit"
        ],
        "responsibleRoleId": "14"
      },
      {
        "name": "Собрать",
        "color": "#3b82f6",
        "position": 2,
        "allowedActions": [
          "edit",
          "close"
        ],
        "responsibleRoleId": "3",
        "responsibleUserId": null
      },
      {
        "name": "Отложить",
        "color": "#eab308",
        "position": 3,
        "allowedActions": [],
        "responsibleUserId": null
      },
      {
        "name": "Закрыта",
        "color": "#7a7777",
        "position": 999,
        "allowedActions": []
      }
    ],
    "transitions": [
      {
        "toPosition": 2,
        "fromPosition": 1
      },
      {
        "toPosition": 3,
        "fromPosition": 1
      },
      {
        "toPosition": 3,
        "fromPosition": 2
      },
      {
        "toPosition": 999,
        "fromPosition": 2
      }
    ],
    "plannedReactionTimeMinutes": 60,
    "plannedDurationMinutes": "1440",
    "createdAt": "2026-02-04T10:11:35.846Z",
    "updatedAt": "2026-02-08T12:49:49.376Z"
  },
  "bidTypeName": "Выдача оборудования без преднастройки и монтажа",
  "bidTypeStatuses": [
    {
      "name": "Открыта",
      "color": "#c75a5a",
      "position": 1,
      "allowedActions": [
        "edit"
      ],
      "responsibleRoleId": "14"
    },
    {
      "name": "Собрать",
      "color": "#3b82f6",
      "position": 2,
      "allowedActions": [
        "edit",
        "close"
      ],
      "responsibleRoleId": "3",
      "responsibleUserId": null
    },
    {
      "name": "Отложить",
      "color": "#eab308",
      "position": 3,
      "allowedActions": [],
      "responsibleUserId": null
    },
    {
      "name": "Закрыта",
      "color": "#7a7777",
      "position": 999,
      "allowedActions": []
    }
  ],
  "bidTypeResponsibleName": "Не указан",
  "currentResponsibleUserId": null,
  "clientResponsibleName": "Не указан",
  "creatorName": "Беляев Сергей",
  "createdAt": "2026-02-12T12:58:23.735Z",
  "updatedAt": "2026-02-12T13:35:04.371Z",
  "statusMetadata": {
    "responsibleSpecialist": null,
    "deadlines": {
      "processingTime": "5 рабочих дней",
      "deadline": "2026-02-17T13:36:39.200Z"
    },
    "necessaryActions": [
      "Редактирование заявки"
    ],
    "additionalResources": [
      "Общие ресурсы"
    ],
    "notifications": [
      "Стандартное уведомление"
    ]
  }
}

[2026-02-12T13:36:40.159Z] Отправка данных заявки ID: 20
{
  "clientId": 5,
  "clientName": "Уваровская Нива",
  "tema": "Тест тираж",
  "amount": 0,
  "status": "Открыта",
  "description": "",
  "clientObjectId": null,
  "updNumber": "укпвапваыв",
  "updDate": null,
  "contract": null,
  "workAddress": "фффф",
  "bidType": {
    "id": 1,
    "name": "Выдача оборудования без преднастройки и монтажа",
    "description": "Выдача оборудования без преднастройки и монтажа",
    "statuses": [
      {
        "name": "Открыта",
        "color": "#c75a5a",
        "position": 1,
        "allowedActions": [
          "edit"
        ],
        "responsibleRoleId": "14"
      },
      {
        "name": "Собрать",
        "color": "#3b82f6",
        "position": 2,
        "allowedActions": [
          "edit",
          "close"
        ],
        "responsibleRoleId": "3",
        "responsibleUserId": null
      },
      {
        "name": "Отложить",
        "color": "#eab308",
        "position": 3,
        "allowedActions": [],
        "responsibleUserId": null
      },
      {
        "name": "Закрыта",
        "color": "#7a7777",
        "position": 999,
        "allowedActions": []
      }
    ],
    "transitions": [
      {
        "toPosition": 2,
        "fromPosition": 1
      },
      {
        "toPosition": 3,
        "fromPosition": 1
      },
      {
        "toPosition": 3,
        "fromPosition": 2
      },
      {
        "toPosition": 999,
        "fromPosition": 2
      }
    ],
    "plannedReactionTimeMinutes": 60,
    "plannedDurationMinutes": "1440",
    "createdAt": "2026-02-04T10:11:35.846Z",
    "updatedAt": "2026-02-08T12:49:49.376Z"
  },
  "bidTypeName": "Выдача оборудования без преднастройки и монтажа",
  "bidTypeStatuses": [
    {
      "name": "Открыта",
      "color": "#c75a5a",
      "position": 1,
      "allowedActions": [
        "edit"
      ],
      "responsibleRoleId": "14"
    },
    {
      "name": "Собрать",
      "color": "#3b82f6",
      "position": 2,
      "allowedActions": [
        "edit",
        "close"
      ],
      "responsibleRoleId": "3",
      "responsibleUserId": null
    },
    {
      "name": "Отложить",
      "color": "#eab308",
      "position": 3,
      "allowedActions": [],
      "responsibleUserId": null
    },
    {
      "name": "Закрыта",
      "color": "#7a7777",
      "position": 999,
      "allowedActions": []
    }
  ],
  "bidTypeResponsibleName": "Не указан",
  "currentResponsibleUserId": null,
  "clientResponsibleName": "Не указан",
  "creatorName": "Беляев Сергей",
  "createdAt": "2026-02-12T12:58:23.735Z",
  "updatedAt": "2026-02-12T13:35:04.371Z",
  "statusMetadata": {
    "responsibleSpecialist": null,
    "deadlines": {
      "processingTime": "5 рабочих дней",
      "deadline": "2026-02-17T13:36:40.159Z"
    },
    "necessaryActions": [
      "Редактирование заявки"
    ],
    "additionalResources": [
      "Общие ресурсы"
    ],
    "notifications": [
      "Стандартное уведомление"
    ]
  }
}

[2026-02-12T13:40:20.221Z] Отправка данных заявки ID: 20
{
  "clientId": 5,
  "clientName": "Уваровская Нива",
  "tema": "Тест тираж",
  "amount": 0,
  "status": "Открыта",
  "description": "",
  "clientObjectId": null,
  "updNumber": "укпвапваыв",
  "updDate": null,
  "contract": null,
  "workAddress": "фффф",
  "bidType": {
    "id": 1,
    "name": "Выдача оборудования без преднастройки и монтажа",
    "description": "Выдача оборудования без преднастройки и монтажа",
    "statuses": [
      {
        "name": "Открыта",
        "color": "#c75a5a",
        "position": 1,
        "allowedActions": [
          "edit"
        ],
        "responsibleRoleId": "14"
      },
      {
        "name": "Собрать",
        "color": "#3b82f6",
        "position": 2,
        "allowedActions": [
          "edit",
          "close"
        ],
        "responsibleRoleId": "3",
        "responsibleUserId": null
      },
      {
        "name": "Отложить",
        "color": "#eab308",
        "position": 3,
        "allowedActions": [],
        "responsibleUserId": null
      },
      {
        "name": "Закрыта",
        "color": "#7a7777",
        "position": 999,
        "allowedActions": []
      }
    ],
    "transitions": [
      {
        "toPosition": 2,
        "fromPosition": 1
      },
      {
        "toPosition": 3,
        "fromPosition": 1
      },
      {
        "toPosition": 3,
        "fromPosition": 2
      },
      {
        "toPosition": 999,
        "fromPosition": 2
      }
    ],
    "plannedReactionTimeMinutes": 60,
    "plannedDurationMinutes": "1440",
    "createdAt": "2026-02-04T10:11:35.846Z",
    "updatedAt": "2026-02-08T12:49:49.376Z"
  },
  "bidTypeName": "Выдача оборудования без преднастройки и монтажа",
  "bidTypeStatuses": [
    {
      "name": "Открыта",
      "color": "#c75a5a",
      "position": 1,
      "allowedActions": [
        "edit"
      ],
      "responsibleRoleId": "14"
    },
    {
      "name": "Собрать",
      "color": "#3b82f6",
      "position": 2,
      "allowedActions": [
        "edit",
        "close"
      ],
      "responsibleRoleId": "3",
      "responsibleUserId": null
    },
    {
      "name": "Отложить",
      "color": "#eab308",
      "position": 3,
      "allowedActions": [],
      "responsibleUserId": null
    },
    {
      "name": "Закрыта",
      "color": "#7a7777",
      "position": 999,
      "allowedActions": []
    }
  ],
  "bidTypeResponsibleName": "Не указан",
  "currentResponsibleUserId": null,
  "clientResponsibleName": "Не указан",
  "creatorName": "Беляев Сергей",
  "createdAt": "2026-02-12T12:58:23.735Z",
  "updatedAt": "2026-02-12T13:35:04.371Z",
  "statusMetadata": {
    "responsibleSpecialist": null,
    "deadlines": {
      "processingTime": "5 рабочих дней",
      "deadline": "2026-02-17T13:40:20.220Z"
    },
    "necessaryActions": [
      "Редактирование заявки"
    ],
    "additionalResources": [
      "Общие ресурсы"
    ],
    "notifications": [
      "Стандартное уведомление"
    ]
  }
}

[2026-02-12T13:40:21.178Z] Отправка данных заявки ID: 20
{
  "clientId": 5,
  "clientName": "Уваровская Нива",
  "tema": "Тест тираж",
  "amount": 0,
  "status": "Открыта",
  "description": "",
  "clientObjectId": null,
  "updNumber": "укпвапваыв",
  "updDate": null,
  "contract": null,
  "workAddress": "фффф",
  "bidType": {
    "id": 1,
    "name": "Выдача оборудования без преднастройки и монтажа",
    "description": "Выдача оборудования без преднастройки и монтажа",
    "statuses": [
      {
        "name": "Открыта",
        "color": "#c75a5a",
        "position": 1,
        "allowedActions": [
          "edit"
        ],
        "responsibleRoleId": "14"
      },
      {
        "name": "Собрать",
        "color": "#3b82f6",
        "position": 2,
        "allowedActions": [
          "edit",
          "close"
        ],
        "responsibleRoleId": "3",
        "responsibleUserId": null
      },
      {
        "name": "Отложить",
        "color": "#eab308",
        "position": 3,
        "allowedActions": [],
        "responsibleUserId": null
      },
      {
        "name": "Закрыта",
        "color": "#7a7777",
        "position": 999,
        "allowedActions": []
      }
    ],
    "transitions": [
      {
        "toPosition": 2,
        "fromPosition": 1
      },
      {
        "toPosition": 3,
        "fromPosition": 1
      },
      {
        "toPosition": 3,
        "fromPosition": 2
      },
      {
        "toPosition": 999,
        "fromPosition": 2
      }
    ],
    "plannedReactionTimeMinutes": 60,
    "plannedDurationMinutes": "1440",
    "createdAt": "2026-02-04T10:11:35.846Z",
    "updatedAt": "2026-02-08T12:49:49.376Z"
  },
  "bidTypeName": "Выдача оборудования без преднастройки и монтажа",
  "bidTypeStatuses": [
    {
      "name": "Открыта",
      "color": "#c75a5a",
      "position": 1,
      "allowedActions": [
        "edit"
      ],
      "responsibleRoleId": "14"
    },
    {
      "name": "Собрать",
      "color": "#3b82f6",
      "position": 2,
      "allowedActions": [
        "edit",
        "close"
      ],
      "responsibleRoleId": "3",
      "responsibleUserId": null
    },
    {
      "name": "Отложить",
      "color": "#eab308",
      "position": 3,
      "allowedActions": [],
      "responsibleUserId": null
    },
    {
      "name": "Закрыта",
      "color": "#7a7777",
      "position": 999,
      "allowedActions": []
    }
  ],
  "bidTypeResponsibleName": "Не указан",
  "currentResponsibleUserId": null,
  "clientResponsibleName": "Не указан",
  "creatorName": "Беляев Сергей",
  "createdAt": "2026-02-12T12:58:23.735Z",
  "updatedAt": "2026-02-12T13:35:04.371Z",
  "statusMetadata": {
    "responsibleSpecialist": null,
    "deadlines": {
      "processingTime": "5 рабочих дней",
      "deadline": "2026-02-17T13:40:21.176Z"
    },
    "necessaryActions": [
      "Редактирование заявки"
    ],
    "additionalResources": [
      "Общие ресурсы"
    ],
    "notifications": [
      "Стандартное уведомление"
    ]
  }
}

[2026-02-12T13:45:07.658Z] Отправка данных заявки ID: 20
{
  "clientId": 5,
  "clientName": "Уваровская Нива",
  "tema": "Тест тираж",
  "amount": 0,
  "status": "Открыта",
  "description": "",
  "clientObjectId": null,
  "updNumber": "укпвапваыв",
  "updDate": null,
  "contract": null,
  "workAddress": "фффф",
  "bidType": {
    "id": 1,
    "name": "Выдача оборудования без преднастройки и монтажа",
    "description": "Выдача оборудования без преднастройки и монтажа",
    "statuses": [
      {
        "name": "Открыта",
        "color": "#c75a5a",
        "position": 1,
        "allowedActions": [
          "edit"
        ],
        "responsibleRoleId": "14"
      },
      {
        "name": "Собрать",
        "color": "#3b82f6",
        "position": 2,
        "allowedActions": [
          "edit",
          "close"
        ],
        "responsibleRoleId": "3",
        "responsibleUserId": null
      },
      {
        "name": "Отложить",
        "color": "#eab308",
        "position": 3,
        "allowedActions": [],
        "responsibleUserId": null
      },
      {
        "name": "Закрыта",
        "color": "#7a7777",
        "position": 999,
        "allowedActions": []
      }
    ],
    "transitions": [
      {
        "toPosition": 2,
        "fromPosition": 1
      },
      {
        "toPosition": 3,
        "fromPosition": 1
      },
      {
        "toPosition": 3,
        "fromPosition": 2
      },
      {
        "toPosition": 999,
        "fromPosition": 2
      }
    ],
    "plannedReactionTimeMinutes": 60,
    "plannedDurationMinutes": "1440",
    "createdAt": "2026-02-04T10:11:35.846Z",
    "updatedAt": "2026-02-08T12:49:49.376Z"
  },
  "bidTypeName": "Выдача оборудования без преднастройки и монтажа",
  "bidTypeStatuses": [
    {
      "name": "Открыта",
      "color": "#c75a5a",
      "position": 1,
      "allowedActions": [
        "edit"
      ],
      "responsibleRoleId": "14"
    },
    {
      "name": "Собрать",
      "color": "#3b82f6",
      "position": 2,
      "allowedActions": [
        "edit",
        "close"
      ],
      "responsibleRoleId": "3",
      "responsibleUserId": null
    },
    {
      "name": "Отложить",
      "color": "#eab308",
      "position": 3,
      "allowedActions": [],
      "responsibleUserId": null
    },
    {
      "name": "Закрыта",
      "color": "#7a7777",
      "position": 999,
      "allowedActions": []
    }
  ],
  "bidTypeResponsibleName": "Не указан",
  "currentResponsibleUserId": null,
  "clientResponsibleName": "Не указан",
  "creatorName": "Беляев Сергей",
  "createdAt": "2026-02-12T12:58:23.735Z",
  "updatedAt": "2026-02-12T13:35:04.371Z",
  "statusMetadata": {
    "responsibleSpecialist": null,
    "deadlines": {
      "processingTime": "5 рабочих дней",
      "deadline": "2026-02-17T13:45:07.657Z"
    },
    "necessaryActions": [
      "Редактирование заявки"
    ],
    "additionalResources": [
      "Общие ресурсы"
    ],
    "notifications": [
      "Стандартное уведомление"
    ]
  }
}

[2026-02-12T13:45:08.516Z] Отправка данных заявки ID: 20
{
  "clientId": 5,
  "clientName": "Уваровская Нива",
  "tema": "Тест тираж",
  "amount": 0,
  "status": "Открыта",
  "description": "",
  "clientObjectId": null,
  "updNumber": "укпвапваыв",
  "updDate": null,
  "contract": null,
  "workAddress": "фффф",
  "bidType": {
    "id": 1,
    "name": "Выдача оборудования без преднастройки и монтажа",
    "description": "Выдача оборудования без преднастройки и монтажа",
    "statuses": [
      {
        "name": "Открыта",
        "color": "#c75a5a",
        "position": 1,
        "allowedActions": [
          "edit"
        ],
        "responsibleRoleId": "14"
      },
      {
        "name": "Собрать",
        "color": "#3b82f6",
        "position": 2,
        "allowedActions": [
          "edit",
          "close"
        ],
        "responsibleRoleId": "3",
        "responsibleUserId": null
      },
      {
        "name": "Отложить",
        "color": "#eab308",
        "position": 3,
        "allowedActions": [],
        "responsibleUserId": null
      },
      {
        "name": "Закрыта",
        "color": "#7a7777",
        "position": 999,
        "allowedActions": []
      }
    ],
    "transitions": [
      {
        "toPosition": 2,
        "fromPosition": 1
      },
      {
        "toPosition": 3,
        "fromPosition": 1
      },
      {
        "toPosition": 3,
        "fromPosition": 2
      },
      {
        "toPosition": 999,
        "fromPosition": 2
      }
    ],
    "plannedReactionTimeMinutes": 60,
    "plannedDurationMinutes": "1440",
    "createdAt": "2026-02-04T10:11:35.846Z",
    "updatedAt": "2026-02-08T12:49:49.376Z"
  },
  "bidTypeName": "Выдача оборудования без преднастройки и монтажа",
  "bidTypeStatuses": [
    {
      "name": "Открыта",
      "color": "#c75a5a",
      "position": 1,
      "allowedActions": [
        "edit"
      ],
      "responsibleRoleId": "14"
    },
    {
      "name": "Собрать",
      "color": "#3b82f6",
      "position": 2,
      "allowedActions": [
        "edit",
        "close"
      ],
      "responsibleRoleId": "3",
      "responsibleUserId": null
    },
    {
      "name": "Отложить",
      "color": "#eab308",
      "position": 3,
      "allowedActions": [],
      "responsibleUserId": null
    },
    {
      "name": "Закрыта",
      "color": "#7a7777",
      "position": 999,
      "allowedActions": []
    }
  ],
  "bidTypeResponsibleName": "Не указан",
  "currentResponsibleUserId": null,
  "clientResponsibleName": "Не указан",
  "creatorName": "Беляев Сергей",
  "createdAt": "2026-02-12T12:58:23.735Z",
  "updatedAt": "2026-02-12T13:35:04.371Z",
  "statusMetadata": {
    "responsibleSpecialist": null,
    "deadlines": {
      "processingTime": "5 рабочих дней",
      "deadline": "2026-02-17T13:45:08.514Z"
    },
    "necessaryActions": [
      "Редактирование заявки"
    ],
    "additionalResources": [
      "Общие ресурсы"
    ],
    "notifications": [
      "Стандартное уведомление"
    ]
  }
}

[2026-02-12T13:45:34.717Z] Отправка данных заявки ID: 16
{
  "clientId": 5,
  "clientName": "Уваровская Нива",
  "tema": "чччч",
  "amount": 0,
  "status": "Открыта",
  "description": "",
  "clientObjectId": 8,
  "updNumber": null,
  "updDate": null,
  "contract": null,
  "workAddress": "",
  "bidType": {
    "id": 1,
    "name": "Выдача оборудования без преднастройки и монтажа",
    "description": "Выдача оборудования без преднастройки и монтажа",
    "statuses": [
      {
        "name": "Открыта",
        "color": "#c75a5a",
        "position": 1,
        "allowedActions": [
          "edit"
        ],
        "responsibleRoleId": "14"
      },
      {
        "name": "Собрать",
        "color": "#3b82f6",
        "position": 2,
        "allowedActions": [
          "edit",
          "close"
        ],
        "responsibleRoleId": "3",
        "responsibleUserId": null
      },
      {
        "name": "Отложить",
        "color": "#eab308",
        "position": 3,
        "allowedActions": [],
        "responsibleUserId": null
      },
      {
        "name": "Закрыта",
        "color": "#7a7777",
        "position": 999,
        "allowedActions": []
      }
    ],
    "transitions": [
      {
        "toPosition": 2,
        "fromPosition": 1
      },
      {
        "toPosition": 3,
        "fromPosition": 1
      },
      {
        "toPosition": 3,
        "fromPosition": 2
      },
      {
        "toPosition": 999,
        "fromPosition": 2
      }
    ],
    "plannedReactionTimeMinutes": 60,
    "plannedDurationMinutes": "1440",
    "createdAt": "2026-02-04T10:11:35.846Z",
    "updatedAt": "2026-02-08T12:49:49.376Z"
  },
  "bidTypeName": "Выдача оборудования без преднастройки и монтажа",
  "bidTypeStatuses": [
    {
      "name": "Открыта",
      "color": "#c75a5a",
      "position": 1,
      "allowedActions": [
        "edit"
      ],
      "responsibleRoleId": "14"
    },
    {
      "name": "Собрать",
      "color": "#3b82f6",
      "position": 2,
      "allowedActions": [
        "edit",
        "close"
      ],
      "responsibleRoleId": "3",
      "responsibleUserId": null
    },
    {
      "name": "Отложить",
      "color": "#eab308",
      "position": 3,
      "allowedActions": [],
      "responsibleUserId": null
    },
    {
      "name": "Закрыта",
      "color": "#7a7777",
      "position": 999,
      "allowedActions": []
    }
  ],
  "bidTypeResponsibleName": "Не указан",
  "currentResponsibleUserId": null,
  "clientResponsibleName": "Не указан",
  "creatorName": "Беляев Сергей",
  "createdAt": "2026-02-12T12:58:05.772Z",
  "updatedAt": "2026-02-12T12:58:05.772Z",
  "statusMetadata": {
    "responsibleSpecialist": null,
    "deadlines": {
      "processingTime": "5 рабочих дней",
      "deadline": "2026-02-17T13:45:34.717Z"
    },
    "necessaryActions": [
      "Редактирование заявки"
    ],
    "additionalResources": [
      "Общие ресурсы"
    ],
    "notifications": [
      "Стандартное уведомление"
    ]
  }
}

[2026-02-12T13:45:35.572Z] Отправка данных заявки ID: 16
{
  "clientId": 5,
  "clientName": "Уваровская Нива",
  "tema": "чччч",
  "amount": 0,
  "status": "Открыта",
  "description": "",
  "clientObjectId": 8,
  "updNumber": null,
  "updDate": null,
  "contract": null,
  "workAddress": "",
  "bidType": {
    "id": 1,
    "name": "Выдача оборудования без преднастройки и монтажа",
    "description": "Выдача оборудования без преднастройки и монтажа",
    "statuses": [
      {
        "name": "Открыта",
        "color": "#c75a5a",
        "position": 1,
        "allowedActions": [
          "edit"
        ],
        "responsibleRoleId": "14"
      },
      {
        "name": "Собрать",
        "color": "#3b82f6",
        "position": 2,
        "allowedActions": [
          "edit",
          "close"
        ],
        "responsibleRoleId": "3",
        "responsibleUserId": null
      },
      {
        "name": "Отложить",
        "color": "#eab308",
        "position": 3,
        "allowedActions": [],
        "responsibleUserId": null
      },
      {
        "name": "Закрыта",
        "color": "#7a7777",
        "position": 999,
        "allowedActions": []
      }
    ],
    "transitions": [
      {
        "toPosition": 2,
        "fromPosition": 1
      },
      {
        "toPosition": 3,
        "fromPosition": 1
      },
      {
        "toPosition": 3,
        "fromPosition": 2
      },
      {
        "toPosition": 999,
        "fromPosition": 2
      }
    ],
    "plannedReactionTimeMinutes": 60,
    "plannedDurationMinutes": "1440",
    "createdAt": "2026-02-04T10:11:35.846Z",
    "updatedAt": "2026-02-08T12:49:49.376Z"
  },
  "bidTypeName": "Выдача оборудования без преднастройки и монтажа",
  "bidTypeStatuses": [
    {
      "name": "Открыта",
      "color": "#c75a5a",
      "position": 1,
      "allowedActions": [
        "edit"
      ],
      "responsibleRoleId": "14"
    },
    {
      "name": "Собрать",
      "color": "#3b82f6",
      "position": 2,
      "allowedActions": [
        "edit",
        "close"
      ],
      "responsibleRoleId": "3",
      "responsibleUserId": null
    },
    {
      "name": "Отложить",
      "color": "#eab308",
      "position": 3,
      "allowedActions": [],
      "responsibleUserId": null
    },
    {
      "name": "Закрыта",
      "color": "#7a7777",
      "position": 999,
      "allowedActions": []
    }
  ],
  "bidTypeResponsibleName": "Не указан",
  "currentResponsibleUserId": null,
  "clientResponsibleName": "Не указан",
  "creatorName": "Беляев Сергей",
  "createdAt": "2026-02-12T12:58:05.772Z",
  "updatedAt": "2026-02-12T12:58:05.772Z",
  "statusMetadata": {
    "responsibleSpecialist": null,
    "deadlines": {
      "processingTime": "5 рабочих дней",
      "deadline": "2026-02-17T13:45:35.571Z"
    },
    "necessaryActions": [
      "Редактирование заявки"
    ],
    "additionalResources": [
      "Общие ресурсы"
    ],
    "notifications": [
      "Стандартное уведомление"
    ]
  }
}

[2026-02-12T13:45:37.330Z] Обновление заявки ID: 16
{
  "updNumber": "ыфвфыв"
}

[2026-02-12T13:45:37.545Z] Отправка данных заявки ID: 16
{
  "clientId": 5,
  "clientName": "Уваровская Нива",
  "tema": "чччч",
  "amount": 0,
  "status": "Открыта",
  "description": "",
  "clientObjectId": null,
  "updNumber": "ыфвфыв",
  "updDate": null,
  "contract": null,
  "workAddress": "",
  "bidType": {
    "id": 1,
    "name": "Выдача оборудования без преднастройки и монтажа",
    "description": "Выдача оборудования без преднастройки и монтажа",
    "statuses": [
      {
        "name": "Открыта",
        "color": "#c75a5a",
        "position": 1,
        "allowedActions": [
          "edit"
        ],
        "responsibleRoleId": "14"
      },
      {
        "name": "Собрать",
        "color": "#3b82f6",
        "position": 2,
        "allowedActions": [
          "edit",
          "close"
        ],
        "responsibleRoleId": "3",
        "responsibleUserId": null
      },
      {
        "name": "Отложить",
        "color": "#eab308",
        "position": 3,
        "allowedActions": [],
        "responsibleUserId": null
      },
      {
        "name": "Закрыта",
        "color": "#7a7777",
        "position": 999,
        "allowedActions": []
      }
    ],
    "transitions": [
      {
        "toPosition": 2,
        "fromPosition": 1
      },
      {
        "toPosition": 3,
        "fromPosition": 1
      },
      {
        "toPosition": 3,
        "fromPosition": 2
      },
      {
        "toPosition": 999,
        "fromPosition": 2
      }
    ],
    "plannedReactionTimeMinutes": 60,
    "plannedDurationMinutes": "1440",
    "createdAt": "2026-02-04T10:11:35.846Z",
    "updatedAt": "2026-02-08T12:49:49.376Z"
  },
  "bidTypeName": "Выдача оборудования без преднастройки и монтажа",
  "bidTypeStatuses": [
    {
      "name": "Открыта",
      "color": "#c75a5a",
      "position": 1,
      "allowedActions": [
        "edit"
      ],
      "responsibleRoleId": "14"
    },
    {
      "name": "Собрать",
      "color": "#3b82f6",
      "position": 2,
      "allowedActions": [
        "edit",
        "close"
      ],
      "responsibleRoleId": "3",
      "responsibleUserId": null
    },
    {
      "name": "Отложить",
      "color": "#eab308",
      "position": 3,
      "allowedActions": [],
      "responsibleUserId": null
    },
    {
      "name": "Закрыта",
      "color": "#7a7777",
      "position": 999,
      "allowedActions": []
    }
  ],
  "bidTypeResponsibleName": "Не указан",
  "currentResponsibleUserId": null,
  "clientResponsibleName": "Не указан",
  "creatorName": "Беляев Сергей",
  "createdAt": "2026-02-12T12:58:05.772Z",
  "updatedAt": "2026-02-12T13:45:37.336Z",
  "statusMetadata": {
    "responsibleSpecialist": null,
    "deadlines": {
      "processingTime": "5 рабочих дней",
      "deadline": "2026-02-17T13:45:37.545Z"
    },
    "necessaryActions": [
      "Редактирование заявки"
    ],
    "additionalResources": [
      "Общие ресурсы"
    ],
    "notifications": [
      "Стандартное уведомление"
    ]
  }
}

[2026-02-12T16:53:39.457Z] Отправка данных заявки ID: 17
{
  "clientId": 5,
  "clientName": "Уваровская Нива",
  "tema": "Тест тираж",
  "amount": 0,
  "status": "Открыта",
  "description": "",
  "clientObjectId": 10,
  "updNumber": null,
  "updDate": null,
  "contract": null,
  "workAddress": "фффф",
  "bidType": {
    "id": 1,
    "name": "Выдача оборудования без преднастройки и монтажа",
    "description": "Выдача оборудования без преднастройки и монтажа",
    "statuses": [
      {
        "name": "Открыта",
        "color": "#c75a5a",
        "position": 1,
        "allowedActions": [
          "edit"
        ],
        "responsibleRoleId": "14"
      },
      {
        "name": "Собрать",
        "color": "#3b82f6",
        "position": 2,
        "allowedActions": [
          "edit",
          "close"
        ],
        "responsibleRoleId": "3",
        "responsibleUserId": null
      },
      {
        "name": "Отложить",
        "color": "#eab308",
        "position": 3,
        "allowedActions": [],
        "responsibleUserId": null
      },
      {
        "name": "Закрыта",
        "color": "#7a7777",
        "position": 999,
        "allowedActions": []
      }
    ],
    "transitions": [
      {
        "toPosition": 2,
        "fromPosition": 1
      },
      {
        "toPosition": 3,
        "fromPosition": 1
      },
      {
        "toPosition": 3,
        "fromPosition": 2
      },
      {
        "toPosition": 999,
        "fromPosition": 2
      }
    ],
    "plannedReactionTimeMinutes": 60,
    "plannedDurationMinutes": "1440",
    "createdAt": "2026-02-04T10:11:35.846Z",
    "updatedAt": "2026-02-08T12:49:49.376Z"
  },
  "bidTypeName": "Выдача оборудования без преднастройки и монтажа",
  "bidTypeStatuses": [
    {
      "name": "Открыта",
      "color": "#c75a5a",
      "position": 1,
      "allowedActions": [
        "edit"
      ],
      "responsibleRoleId": "14"
    },
    {
      "name": "Собрать",
      "color": "#3b82f6",
      "position": 2,
      "allowedActions": [
        "edit",
        "close"
      ],
      "responsibleRoleId": "3",
      "responsibleUserId": null
    },
    {
      "name": "Отложить",
      "color": "#eab308",
      "position": 3,
      "allowedActions": [],
      "responsibleUserId": null
    },
    {
      "name": "Закрыта",
      "color": "#7a7777",
      "position": 999,
      "allowedActions": []
    }
  ],
  "bidTypeResponsibleName": "Не указан",
  "currentResponsibleUserId": null,
  "clientResponsibleName": "Не указан",
  "creatorName": "Беляев Сергей",
  "createdAt": "2026-02-12T12:58:23.735Z",
  "updatedAt": "2026-02-12T12:58:23.735Z",
  "statusMetadata": {
    "responsibleSpecialist": null,
    "deadlines": {
      "processingTime": "5 рабочих дней",
      "deadline": "2026-02-17T16:53:39.455Z"
    },
    "necessaryActions": [
      "Редактирование заявки"
    ],
    "additionalResources": [
      "Общие ресурсы"
    ],
    "notifications": [
      "Стандартное уведомление"
    ]
  }
}

[2026-02-12T16:53:40.414Z] Отправка данных заявки ID: 17
{
  "clientId": 5,
  "clientName": "Уваровская Нива",
  "tema": "Тест тираж",
  "amount": 0,
  "status": "Открыта",
  "description": "",
  "clientObjectId": 10,
  "updNumber": null,
  "updDate": null,
  "contract": null,
  "workAddress": "фффф",
  "bidType": {
    "id": 1,
    "name": "Выдача оборудования без преднастройки и монтажа",
    "description": "Выдача оборудования без преднастройки и монтажа",
    "statuses": [
      {
        "name": "Открыта",
        "color": "#c75a5a",
        "position": 1,
        "allowedActions": [
          "edit"
        ],
        "responsibleRoleId": "14"
      },
      {
        "name": "Собрать",
        "color": "#3b82f6",
        "position": 2,
        "allowedActions": [
          "edit",
          "close"
        ],
        "responsibleRoleId": "3",
        "responsibleUserId": null
      },
      {
        "name": "Отложить",
        "color": "#eab308",
        "position": 3,
        "allowedActions": [],
        "responsibleUserId": null
      },
      {
        "name": "Закрыта",
        "color": "#7a7777",
        "position": 999,
        "allowedActions": []
      }
    ],
    "transitions": [
      {
        "toPosition": 2,
        "fromPosition": 1
      },
      {
        "toPosition": 3,
        "fromPosition": 1
      },
      {
        "toPosition": 3,
        "fromPosition": 2
      },
      {
        "toPosition": 999,
        "fromPosition": 2
      }
    ],
    "plannedReactionTimeMinutes": 60,
    "plannedDurationMinutes": "1440",
    "createdAt": "2026-02-04T10:11:35.846Z",
    "updatedAt": "2026-02-08T12:49:49.376Z"
  },
  "bidTypeName": "Выдача оборудования без преднастройки и монтажа",
  "bidTypeStatuses": [
    {
      "name": "Открыта",
      "color": "#c75a5a",
      "position": 1,
      "allowedActions": [
        "edit"
      ],
      "responsibleRoleId": "14"
    },
    {
      "name": "Собрать",
      "color": "#3b82f6",
      "position": 2,
      "allowedActions": [
        "edit",
        "close"
      ],
      "responsibleRoleId": "3",
      "responsibleUserId": null
    },
    {
      "name": "Отложить",
      "color": "#eab308",
      "position": 3,
      "allowedActions": [],
      "responsibleUserId": null
    },
    {
      "name": "Закрыта",
      "color": "#7a7777",
      "position": 999,
      "allowedActions": []
    }
  ],
  "bidTypeResponsibleName": "Не указан",
  "currentResponsibleUserId": null,
  "clientResponsibleName": "Не указан",
  "creatorName": "Беляев Сергей",
  "createdAt": "2026-02-12T12:58:23.735Z",
  "updatedAt": "2026-02-12T12:58:23.735Z",
  "statusMetadata": {
    "responsibleSpecialist": null,
    "deadlines": {
      "processingTime": "5 рабочих дней",
      "deadline": "2026-02-17T16:53:40.413Z"
    },
    "necessaryActions": [
      "Редактирование заявки"
    ],
    "additionalResources": [
      "Общие ресурсы"
    ],
    "notifications": [
      "Стандартное уведомление"
    ]
  }
}

[2026-02-12T17:00:27.302Z] Отправка данных заявки ID: 17
{
  "clientId": 5,
  "clientName": "Уваровская Нива",
  "tema": "Тест тираж",
  "amount": 0,
  "status": "Открыта",
  "description": "",
  "clientObjectId": 10,
  "updNumber": null,
  "updDate": null,
  "contract": null,
  "workAddress": "фффф",
  "bidType": {
    "id": 1,
    "name": "Выдача оборудования без преднастройки и монтажа",
    "description": "Выдача оборудования без преднастройки и монтажа",
    "statuses": [
      {
        "name": "Открыта",
        "color": "#c75a5a",
        "position": 1,
        "allowedActions": [
          "edit"
        ],
        "responsibleRoleId": "14"
      },
      {
        "name": "Собрать",
        "color": "#3b82f6",
        "position": 2,
        "allowedActions": [
          "edit",
          "close"
        ],
        "responsibleRoleId": "3",
        "responsibleUserId": null
      },
      {
        "name": "Отложить",
        "color": "#eab308",
        "position": 3,
        "allowedActions": [],
        "responsibleUserId": null
      },
      {
        "name": "Закрыта",
        "color": "#7a7777",
        "position": 999,
        "allowedActions": []
      }
    ],
    "transitions": [
      {
        "toPosition": 2,
        "fromPosition": 1
      },
      {
        "toPosition": 3,
        "fromPosition": 1
      },
      {
        "toPosition": 3,
        "fromPosition": 2
      },
      {
        "toPosition": 999,
        "fromPosition": 2
      }
    ],
    "plannedReactionTimeMinutes": 60,
    "plannedDurationMinutes": "1440",
    "createdAt": "2026-02-04T10:11:35.846Z",
    "updatedAt": "2026-02-08T12:49:49.376Z"
  },
  "bidTypeName": "Выдача оборудования без преднастройки и монтажа",
  "bidTypeStatuses": [
    {
      "name": "Открыта",
      "color": "#c75a5a",
      "position": 1,
      "allowedActions": [
        "edit"
      ],
      "responsibleRoleId": "14"
    },
    {
      "name": "Собрать",
      "color": "#3b82f6",
      "position": 2,
      "allowedActions": [
        "edit",
        "close"
      ],
      "responsibleRoleId": "3",
      "responsibleUserId": null
    },
    {
      "name": "Отложить",
      "color": "#eab308",
      "position": 3,
      "allowedActions": [],
      "responsibleUserId": null
    },
    {
      "name": "Закрыта",
      "color": "#7a7777",
      "position": 999,
      "allowedActions": []
    }
  ],
  "bidTypeResponsibleName": "Не указан",
  "currentResponsibleUserId": null,
  "clientResponsibleName": "Не указан",
  "creatorName": "Беляев Сергей",
  "createdAt": "2026-02-12T12:58:23.735Z",
  "updatedAt": "2026-02-12T12:58:23.735Z",
  "statusMetadata": {
    "responsibleSpecialist": null,
    "deadlines": {
      "processingTime": "5 рабочих дней",
      "deadline": "2026-02-17T17:00:27.302Z"
    },
    "necessaryActions": [
      "Редактирование заявки"
    ],
    "additionalResources": [
      "Общие ресурсы"
    ],
    "notifications": [
      "Стандартное уведомление"
    ]
  }
}

[2026-02-12T17:00:28.089Z] Отправка данных заявки ID: 17
{
  "clientId": 5,
  "clientName": "Уваровская Нива",
  "tema": "Тест тираж",
  "amount": 0,
  "status": "Открыта",
  "description": "",
  "clientObjectId": 10,
  "updNumber": null,
  "updDate": null,
  "contract": null,
  "workAddress": "фффф",
  "bidType": {
    "id": 1,
    "name": "Выдача оборудования без преднастройки и монтажа",
    "description": "Выдача оборудования без преднастройки и монтажа",
    "statuses": [
      {
        "name": "Открыта",
        "color": "#c75a5a",
        "position": 1,
        "allowedActions": [
          "edit"
        ],
        "responsibleRoleId": "14"
      },
      {
        "name": "Собрать",
        "color": "#3b82f6",
        "position": 2,
        "allowedActions": [
          "edit",
          "close"
        ],
        "responsibleRoleId": "3",
        "responsibleUserId": null
      },
      {
        "name": "Отложить",
        "color": "#eab308",
        "position": 3,
        "allowedActions": [],
        "responsibleUserId": null
      },
      {
        "name": "Закрыта",
        "color": "#7a7777",
        "position": 999,
        "allowedActions": []
      }
    ],
    "transitions": [
      {
        "toPosition": 2,
        "fromPosition": 1
      },
      {
        "toPosition": 3,
        "fromPosition": 1
      },
      {
        "toPosition": 3,
        "fromPosition": 2
      },
      {
        "toPosition": 999,
        "fromPosition": 2
      }
    ],
    "plannedReactionTimeMinutes": 60,
    "plannedDurationMinutes": "1440",
    "createdAt": "2026-02-04T10:11:35.846Z",
    "updatedAt": "2026-02-08T12:49:49.376Z"
  },
  "bidTypeName": "Выдача оборудования без преднастройки и монтажа",
  "bidTypeStatuses": [
    {
      "name": "Открыта",
      "color": "#c75a5a",
      "position": 1,
      "allowedActions": [
        "edit"
      ],
      "responsibleRoleId": "14"
    },
    {
      "name": "Собрать",
      "color": "#3b82f6",
      "position": 2,
      "allowedActions": [
        "edit",
        "close"
      ],
      "responsibleRoleId": "3",
      "responsibleUserId": null
    },
    {
      "name": "Отложить",
      "color": "#eab308",
      "position": 3,
      "allowedActions": [],
      "responsibleUserId": null
    },
    {
      "name": "Закрыта",
      "color": "#7a7777",
      "position": 999,
      "allowedActions": []
    }
  ],
  "bidTypeResponsibleName": "Не указан",
  "currentResponsibleUserId": null,
  "clientResponsibleName": "Не указан",
  "creatorName": "Беляев Сергей",
  "createdAt": "2026-02-12T12:58:23.735Z",
  "updatedAt": "2026-02-12T12:58:23.735Z",
  "statusMetadata": {
    "responsibleSpecialist": null,
    "deadlines": {
      "processingTime": "5 рабочих дней",
      "deadline": "2026-02-17T17:00:28.088Z"
    },
    "necessaryActions": [
      "Редактирование заявки"
    ],
    "additionalResources": [
      "Общие ресурсы"
    ],
    "notifications": [
      "Стандартное уведомление"
    ]
  }
}

[2026-02-12T23:52:41.999Z] Отправка данных заявки ID: 7
{
  "clientId": 3,
  "clientName": "Уваровская Нива",
  "tema": "12asqw",
  "amount": 0,
  "status": "Открыта",
  "description": "sdasd",
  "clientObjectId": 4,
  "updNumber": null,
  "updDate": null,
  "contract": null,
  "workAddress": "sss",
  "bidType": {
    "id": 1,
    "name": "Выдача оборудования без преднастройки и монтажа",
    "description": "Выдача оборудования без преднастройки и монтажа",
    "statuses": [
      {
        "name": "Открыта",
        "color": "#c75a5a",
        "position": 1,
        "allowedActions": [
          "edit"
        ],
        "responsibleRoleId": "14"
      },
      {
        "name": "Собрать",
        "color": "#3b82f6",
        "position": 2,
        "allowedActions": [
          "edit",
          "close"
        ],
        "responsibleRoleId": "3",
        "responsibleUserId": null
      },
      {
        "name": "Отложить",
        "color": "#eab308",
        "position": 3,
        "allowedActions": [],
        "responsibleUserId": null
      },
      {
        "name": "Закрыта",
        "color": "#7a7777",
        "position": 999,
        "allowedActions": []
      }
    ],
    "transitions": [
      {
        "toPosition": 2,
        "fromPosition": 1
      },
      {
        "toPosition": 3,
        "fromPosition": 1
      },
      {
        "toPosition": 3,
        "fromPosition": 2
      },
      {
        "toPosition": 999,
        "fromPosition": 2
      }
    ],
    "plannedReactionTimeMinutes": 60,
    "plannedDurationMinutes": "1440",
    "createdAt": "2026-02-04T10:11:35.846Z",
    "updatedAt": "2026-02-08T12:49:49.376Z"
  },
  "bidTypeName": "Выдача оборудования без преднастройки и монтажа",
  "bidTypeStatuses": [
    {
      "name": "Открыта",
      "color": "#c75a5a",
      "position": 1,
      "allowedActions": [
        "edit"
      ],
      "responsibleRoleId": "14"
    },
    {
      "name": "Собрать",
      "color": "#3b82f6",
      "position": 2,
      "allowedActions": [
        "edit",
        "close"
      ],
      "responsibleRoleId": "3",
      "responsibleUserId": null
    },
    {
      "name": "Отложить",
      "color": "#eab308",
      "position": 3,
      "allowedActions": [],
      "responsibleUserId": null
    },
    {
      "name": "Закрыта",
      "color": "#7a7777",
      "position": 999,
      "allowedActions": []
    }
  ],
  "bidTypeResponsibleName": "Не указан",
  "currentResponsibleUserId": null,
  "clientResponsibleName": "Не указан",
  "creatorName": "Беляев Сергей",
  "createdAt": "2026-02-05T11:40:30.926Z",
  "updatedAt": "2026-02-05T11:40:30.926Z",
  "statusMetadata": {
    "responsibleSpecialist": null,
    "deadlines": {
      "processingTime": "5 рабочих дней",
      "deadline": "2026-02-17T23:52:41.998Z"
    },
    "necessaryActions": [
      "Редактирование заявки"
    ],
    "additionalResources": [
      "Общие ресурсы"
    ],
    "notifications": [
      "Стандартное уведомление"
    ]
  }
}

[2026-02-12T23:52:43.062Z] Отправка данных заявки ID: 7
{
  "clientId": 3,
  "clientName": "Уваровская Нива",
  "tema": "12asqw",
  "amount": 0,
  "status": "Открыта",
  "description": "sdasd",
  "clientObjectId": 4,
  "updNumber": null,
  "updDate": null,
  "contract": null,
  "workAddress": "sss",
  "bidType": {
    "id": 1,
    "name": "Выдача оборудования без преднастройки и монтажа",
    "description": "Выдача оборудования без преднастройки и монтажа",
    "statuses": [
      {
        "name": "Открыта",
        "color": "#c75a5a",
        "position": 1,
        "allowedActions": [
          "edit"
        ],
        "responsibleRoleId": "14"
      },
      {
        "name": "Собрать",
        "color": "#3b82f6",
        "position": 2,
        "allowedActions": [
          "edit",
          "close"
        ],
        "responsibleRoleId": "3",
        "responsibleUserId": null
      },
      {
        "name": "Отложить",
        "color": "#eab308",
        "position": 3,
        "allowedActions": [],
        "responsibleUserId": null
      },
      {
        "name": "Закрыта",
        "color": "#7a7777",
        "position": 999,
        "allowedActions": []
      }
    ],
    "transitions": [
      {
        "toPosition": 2,
        "fromPosition": 1
      },
      {
        "toPosition": 3,
        "fromPosition": 1
      },
      {
        "toPosition": 3,
        "fromPosition": 2
      },
      {
        "toPosition": 999,
        "fromPosition": 2
      }
    ],
    "plannedReactionTimeMinutes": 60,
    "plannedDurationMinutes": "1440",
    "createdAt": "2026-02-04T10:11:35.846Z",
    "updatedAt": "2026-02-08T12:49:49.376Z"
  },
  "bidTypeName": "Выдача оборудования без преднастройки и монтажа",
  "bidTypeStatuses": [
    {
      "name": "Открыта",
      "color": "#c75a5a",
      "position": 1,
      "allowedActions": [
        "edit"
      ],
      "responsibleRoleId": "14"
    },
    {
      "name": "Собрать",
      "color": "#3b82f6",
      "position": 2,
      "allowedActions": [
        "edit",
        "close"
      ],
      "responsibleRoleId": "3",
      "responsibleUserId": null
    },
    {
      "name": "Отложить",
      "color": "#eab308",
      "position": 3,
      "allowedActions": [],
      "responsibleUserId": null
    },
    {
      "name": "Закрыта",
      "color": "#7a7777",
      "position": 999,
      "allowedActions": []
    }
  ],
  "bidTypeResponsibleName": "Не указан",
  "currentResponsibleUserId": null,
  "clientResponsibleName": "Не указан",
  "creatorName": "Беляев Сергей",
  "createdAt": "2026-02-05T11:40:30.926Z",
  "updatedAt": "2026-02-05T11:40:30.926Z",
  "statusMetadata": {
    "responsibleSpecialist": null,
    "deadlines": {
      "processingTime": "5 рабочих дней",
      "deadline": "2026-02-17T23:52:43.061Z"
    },
    "necessaryActions": [
      "Редактирование заявки"
    ],
    "additionalResources": [
      "Общие ресурсы"
    ],
    "notifications": [
      "Стандартное уведомление"
    ]
  }
}

[2026-02-13T09:57:43.137Z] Создание новой заявки
{
  "clientId": 3,
  "title": "Выдача",
  "amount": 0,
  "status": "Открыта",
  "description": "",
  "clientObjectId": 3,
  "bidTypeId": 3,
  "workAddress": "фывфыв",
  "contactFullName": "Зуев Сергей",
  "contactPhone": "+380507654321",
  "parentId": null,
  "createdBy": 1,
  "plannedResolutionDate": "2026-02-18T09:56",
  "plannedReactionTimeMinutes": 60,
  "assignedAt": null,
  "plannedDurationMinutes": 240
}

[2026-02-13T09:57:44.142Z] Отправка данных заявки ID: 4
{
  "clientId": 3,
  "clientName": "Агро",
  "tema": "Выдача",
  "amount": 0,
  "status": "Открыта",
  "description": "",
  "clientObjectId": 3,
  "updNumber": null,
  "updDate": null,
  "contract": null,
  "workAddress": "фывфыв",
  "bidType": {
    "id": 3,
    "name": "Выдача",
    "description": "Тестовая выдача",
    "statuses": [
      {
        "name": "Открыта",
        "color": "#06fe5d",
        "position": 1,
        "allowedActions": [
          "edit",
          "assign_executor"
        ],
        "responsibleRoleId": "6"
      },
      {
        "name": "Выдача",
        "color": "#ffffff",
        "position": 2,
        "allowedActions": [],
        "responsibleRoleId": "5",
        "responsibleUserId": null
      },
      {
        "name": "Закрыта",
        "color": "#df3a3a",
        "position": 999,
        "allowedActions": [],
        "responsibleRoleId": null
      }
    ],
    "transitions": [
      {
        "toPosition": 2,
        "fromPosition": 1
      },
      {
        "toPosition": 999,
        "fromPosition": 2
      }
    ],
    "plannedReactionTimeMinutes": 60,
    "plannedDurationMinutes": "240",
    "createdAt": "2026-02-13T09:55:39.410Z",
    "updatedAt": "2026-02-13T09:55:39.410Z"
  },
  "bidTypeName": "Выдача",
  "bidTypeStatuses": [
    {
      "name": "Открыта",
      "color": "#06fe5d",
      "position": 1,
      "allowedActions": [
        "edit",
        "assign_executor"
      ],
      "responsibleRoleId": "6"
    },
    {
      "name": "Выдача",
      "color": "#ffffff",
      "position": 2,
      "allowedActions": [],
      "responsibleRoleId": "5",
      "responsibleUserId": null
    },
    {
      "name": "Закрыта",
      "color": "#df3a3a",
      "position": 999,
      "allowedActions": [],
      "responsibleRoleId": null
    }
  ],
  "bidTypeResponsibleName": "Не указан",
  "currentResponsibleUserId": null,
  "clientResponsibleName": "Кречетова Ольга",
  "creatorName": "Беляев Сергей",
  "createdAt": "2026-02-13T09:57:43.548Z",
  "updatedAt": "2026-02-13T09:57:43.548Z",
  "statusMetadata": {
    "responsibleSpecialist": {
      "id": 4,
      "fullName": "Кречетова Ольга"
    },
    "deadlines": {
      "processingTime": "5 рабочих дней",
      "deadline": "2026-02-18T09:57:44.142Z"
    },
    "necessaryActions": [
      "Редактирование заявки",
      "Назначение исполнителя"
    ],
    "additionalResources": [
      "Общие ресурсы"
    ],
    "notifications": [
      "Стандартное уведомление"
    ]
  }
}

[2026-02-13T09:57:44.938Z] Отправка данных заявки ID: 4
{
  "clientId": 3,
  "clientName": "Агро",
  "tema": "Выдача",
  "amount": 0,
  "status": "Открыта",
  "description": "",
  "clientObjectId": 3,
  "updNumber": null,
  "updDate": null,
  "contract": null,
  "workAddress": "фывфыв",
  "bidType": {
    "id": 3,
    "name": "Выдача",
    "description": "Тестовая выдача",
    "statuses": [
      {
        "name": "Открыта",
        "color": "#06fe5d",
        "position": 1,
        "allowedActions": [
          "edit",
          "assign_executor"
        ],
        "responsibleRoleId": "6"
      },
      {
        "name": "Выдача",
        "color": "#ffffff",
        "position": 2,
        "allowedActions": [],
        "responsibleRoleId": "5",
        "responsibleUserId": null
      },
      {
        "name": "Закрыта",
        "color": "#df3a3a",
        "position": 999,
        "allowedActions": [],
        "responsibleRoleId": null
      }
    ],
    "transitions": [
      {
        "toPosition": 2,
        "fromPosition": 1
      },
      {
        "toPosition": 999,
        "fromPosition": 2
      }
    ],
    "plannedReactionTimeMinutes": 60,
    "plannedDurationMinutes": "240",
    "createdAt": "2026-02-13T09:55:39.410Z",
    "updatedAt": "2026-02-13T09:55:39.410Z"
  },
  "bidTypeName": "Выдача",
  "bidTypeStatuses": [
    {
      "name": "Открыта",
      "color": "#06fe5d",
      "position": 1,
      "allowedActions": [
        "edit",
        "assign_executor"
      ],
      "responsibleRoleId": "6"
    },
    {
      "name": "Выдача",
      "color": "#ffffff",
      "position": 2,
      "allowedActions": [],
      "responsibleRoleId": "5",
      "responsibleUserId": null
    },
    {
      "name": "Закрыта",
      "color": "#df3a3a",
      "position": 999,
      "allowedActions": [],
      "responsibleRoleId": null
    }
  ],
  "bidTypeResponsibleName": "Не указан",
  "currentResponsibleUserId": null,
  "clientResponsibleName": "Кречетова Ольга",
  "creatorName": "Беляев Сергей",
  "createdAt": "2026-02-13T09:57:43.548Z",
  "updatedAt": "2026-02-13T09:57:43.548Z",
  "statusMetadata": {
    "responsibleSpecialist": {
      "id": 4,
      "fullName": "Кречетова Ольга"
    },
    "deadlines": {
      "processingTime": "5 рабочих дней",
      "deadline": "2026-02-18T09:57:44.936Z"
    },
    "necessaryActions": [
      "Редактирование заявки",
      "Назначение исполнителя"
    ],
    "additionalResources": [
      "Общие ресурсы"
    ],
    "notifications": [
      "Стандартное уведомление"
    ]
  }
}

